atr_1m_14,contract,event_id,extras,extreme,label_300s,level,mae,median_1m_range_14,mfe,open_30m_return,opening_drive_30m,opening_drive_60m,penetration_over_atr,penetration_over_median_range,penetration_points,penetration_ticks,prior_rth_high,prior_rth_low,rth_open_ts,seconds_from_rth_open,session_bucket,side,sweep_aligned_open_30m,sweep_bar_time,sweep_ts,trading_date,volume_sweep_bar
11.553571428571429,NQU5,NQ|NQU5|PDL|2025-06-17|1750181340,"{""pdh_pdl_source_date"": ""2025-06-16"", ""session"": ""RTH_0930_1600"", ""contract"": ""NQU5""}",22010.75,AMBIGUOUS,22014.0,-24.25,11.625,3.0,27.0,False,False,0.28129829984544047,0.27956989247311825,3.25,13.0,22222.0,22014.0,1750167000,14340,midday,pdl_sweep,False,1750181340,1750181340,2025-06-17,797.0
21.107142857142858,NQU5,NQ|NQU5|PDL|2025-06-18|1750273020,"{""pdh_pdl_source_date"": ""2025-06-17"", ""session"": ""RTH_0930_1600"", ""contract"": ""NQU5""}",21909.0,AMBIGUOUS,21909.5,-18.5,21.625,25.0,-5.25,False,False,0.023688663282571912,0.023121387283236993,0.5,2.0,22135.0,21909.5,1750253400,19620,afternoon,pdl_sweep,True,1750273020,1750273020,2025-06-18,2670.0
15.964285714285714,NQU5,NQ|NQU5|PDH|2025-06-20|1750426260,"{""pdh_pdl_source_date"": ""2025-06-18"", ""session"": ""RTH_0930_1600"", ""contract"": ""NQU5""}",22098.0,REVERSAL,22097.75,2.0,57.75,31.25,,True,True,0.015659955257270694,0.004329004329004329,0.25,1.0,22097.75,21882.25,1750426200,60,open_30m,pdh_sweep,,1750426260,1750426260,2025-06-20,2731.0
20.571428571428573,NQU5,NQ|NQU5|PDL|2025-06-20|1750430520,"{""pdh_pdl_source_date"": ""2025-06-18"", ""session"": ""RTH_0930_1600"", ""contract"": ""NQU5""}",21866.75,REVERSAL,21882.25,-9.75,16.875,14.5,-58.75,False,False,0.7534722222222222,0.9185185185185185,15.5,62.0,22097.75,21882.25,1750426200,4320,midday,pdl_sweep,True,1750430520,1750430520,2025-06-20,2681.0
17.607142857142858,NQU5,NQ|NQU5|PDL|2025-06-23|1750685640,"{""pdh_pdl_source_date"": ""2025-06-20"", ""session"": ""RTH_0930_1600"", ""contract"": ""NQU5""}",21758.5,REVERSAL,21765.0,0.0,38.375,37.5,,True,True,0.36916835699797157,0.16938110749185667,6.5,26.0,22130.5,21765.0,1750685400,240,open_30m,pdl_sweep,,1750685640,1750685640,2025-06-23,2892.0
8.25,NQU5,NQ|NQU5|PDH|2025-06-24|1750771800,"{""pdh_pdl_source_date"": ""2025-06-23"", ""session"": ""RTH_0930_1600"", ""contract"": ""NQU5""}",22288.5,CONTINUATION,22093.0,211.25,,0.0,,True,True,23.696969696969695,,195.5,782.0,22093.0,21738.25,1750771800,0,open_30m,pdh_sweep,,1750771800,1750771800,2025-06-24,3698.0
4.785714285714286,NQU5,NQ|NQU5|PDH|2025-06-25|1750858200,"{""pdh_pdl_source_date"": ""2025-06-24"", ""session"": ""RTH_0930_1600"", ""contract"": ""NQU5""}",22527.75,NEITHER,22448.25,81.75,,0.0,,True,True,16.611940298507463,,79.5,318.0,22448.25,22260.0,1750858200,0,open_30m,pdh_sweep,,1750858200,1750858200,2025-06-25,5132.0
8.053571428571429,NQU5,NQ|NQU5|PDH|2025-06-26|1750944600,"{""pdh_pdl_source_date"": ""2025-06-25"", ""session"": ""RTH_0930_1600"", ""contract"": ""NQU5""}",22566.5,REVERSAL,22548.25,14.75,,9.5,,True,True,2.2660753880266076,,18.25,73.0,22548.25,22388.5,1750944600,0,open_30m,pdh_sweep,,1750944600,1750944600,2025-06-26,3096.0
8.321428571428571,NQU5,NQ|NQU5|PDH|2025-06-27|1751031000,"{""pdh_pdl_source_date"": ""2025-06-26"", ""session"": ""RTH_0930_1600"", ""contract"": ""NQU5""}",22717.0,REVERSAL,22694.0,33.75,,8.75,,True,True,2.763948497854077,,23.0,92.0,22694.0,22476.0,1751031000,0,open_30m,pdh_sweep,,1751031000,1751031000,2025-06-27,3628.0
5.303571428571429,NQU5,NQ|NQU5|PDH|2025-06-30|1751290200,"{""pdh_pdl_source_date"": ""2025-06-27"", ""session"": ""RTH_0930_1600"", ""contract"": ""NQU5""}",22875.5,REVERSAL,22825.5,50.0,,8.75,,True,True,9.427609427609427,,50.0,200.0,22825.5,22600.0,1751290200,0,open_30m,pdh_sweep,,1751290200,1751290200,2025-06-30,4034.0
16.339285714285715,NQU5,NQ|NQU5|PDL|2025-07-01|1751377440,"{""pdh_pdl_source_date"": ""2025-06-30"", ""session"": ""RTH_0930_1600"", ""contract"": ""NQU5""}",22780.0,REVERSAL,22781.0,0.0,16.25,23.5,,True,True,0.06120218579234972,0.06153846153846154,1.0,4.0,22934.75,22781.0,1751376600,840,open_30m,pdl_sweep,,1751377440,1751377440,2025-07-01,1434.0
5.803571428571429,NQU5,NQ|NQU5|PDH|2025-07-02|1751483040,"{""pdh_pdl_source_date"": ""2025-07-01"", ""session"": ""RTH_0930_1600"", ""contract"": ""NQU5""}",22853.25,REVERSAL,22848.25,0.0,5.625,11.5,65.25,False,False,0.8615384615384615,0.8888888888888888,5.0,20.0,22848.25,22594.5,1751463000,20040,afternoon,pdh_sweep,True,1751483040,1751483040,2025-07-02,1438.0
11.178571428571429,NQU5,NQ|NQU5|PDL|2025-07-07|1751895180,"{""pdh_pdl_source_date"": ""2025-07-03"", ""session"": ""RTH_0930_1600"", ""contract"": ""NQU5""}",22918.0,CONTINUATION,22930.25,-29.75,25.75,0.0,,True,True,1.095846645367412,0.47572815533980584,12.25,49.0,23102.5,22930.25,1751895000,180,open_30m,pdl_sweep,,1751895180,1751895180,2025-07-07,2497.0
5.160714285714286,NQU5,NQ|NQU5|PDH|2025-07-09|1752067800,"{""pdh_pdl_source_date"": ""2025-07-08"", ""session"": ""RTH_0930_1600"", ""contract"": ""NQU5""}",23004.5,CONTINUATION,22962.75,59.0,,0.0,,True,True,8.089965397923876,,41.75,167.0,22962.75,22841.0,1752067800,0,open_30m,pdh_sweep,,1752067800,1752067800,2025-07-09,3934.0
17.857142857142858,NQU5,NQ|NQU5|PDL|2025-07-10|1752156060,"{""pdh_pdl_source_date"": ""2025-07-09"", ""session"": ""RTH_0930_1600"", ""contract"": ""NQU5""}",22915.5,REVERSAL,22919.75,0.0,16.75,31.25,-141.0,False,True,0.238,0.2537313432835821,4.25,17.0,23112.0,22919.75,1752154200,1860,open_60m,pdl_sweep,True,1752156060,1752156060,2025-07-10,3014.0
14.375,NQU5,NQ|NQU5|PDL|2025-07-11|1752241020,"{""pdh_pdl_source_date"": ""2025-07-10"", ""session"": ""RTH_0930_1600"", ""contract"": ""NQU5""}",22893.75,CONTINUATION,22901.25,-26.75,16.5,0.0,,True,True,0.5217391304347826,0.45454545454545453,7.5,30.0,23090.0,22901.25,1752240600,420,open_30m,pdl_sweep,,1752241020,1752241020,2025-07-11,1802.0
23.357142857142858,NQU5,NQ|NQU5|PDL|2025-07-14|1752500580,"{""pdh_pdl_source_date"": ""2025-07-11"", ""session"": ""RTH_0930_1600"", ""contract"": ""NQU5""}",22854.25,REVERSAL,22863.0,-10.0,22.5,11.75,,True,True,0.3746177370030581,0.3888888888888889,8.75,35.0,23021.5,22863.0,1752499800,780,open_30m,pdl_sweep,,1752500580,1752500580,2025-07-14,3919.0
11.0,NQU5,NQ|NQU5|PDH|2025-07-14|1752505440,"{""pdh_pdl_source_date"": ""2025-07-11"", ""session"": ""RTH_0930_1600"", ""contract"": ""NQU5""}",23022.5,REVERSAL,23021.5,0.0,9.75,21.0,-28.25,False,False,0.09090909090909091,0.10256410256410256,1.0,4.0,23021.5,22863.0,1752499800,5640,midday,pdh_sweep,False,1752505440,1752505440,2025-07-14,1698.0
7.392857142857143,NQU5,NQ|NQU5|PDL|2025-07-16|1752672660,"{""pdh_pdl_source_date"": ""2025-07-15"", ""session"": ""RTH_0930_1600"", ""contract"": ""NQU5""}",23041.75,REVERSAL,23050.0,-16.5,25.5,12.75,,True,True,1.115942028985507,0.3235294117647059,8.25,33.0,23222.75,23050.0,1752672600,60,open_30m,pdl_sweep,,1752672660,1752672660,2025-07-16,4205.0
6.767857142857143,NQU5,NQ|NQU5|PDH|2025-07-17|1752759000,"{""pdh_pdl_source_date"": ""2025-07-16"", ""session"": ""RTH_0930_1600"", ""contract"": ""NQU5""}",23118.25,REVERSAL,23100.0,12.75,,9.75,,True,True,2.6965699208443272,,18.25,73.0,23100.0,22835.5,1752759000,0,open_30m,pdh_sweep,,1752759000,1752759000,2025-07-17,4107.0
10.535714285714286,NQU5,NQ|NQU5|PDH|2025-07-18|1752845400,"{""pdh_pdl_source_date"": ""2025-07-17"", ""session"": ""RTH_0930_1600"", ""contract"": ""NQU5""}",23303.5,NEITHER,23279.75,30.25,,4.5,,True,True,2.254237288135593,,23.75,95.0,23279.75,23065.75,1752845400,0,open_30m,pdh_sweep,,1752845400,1752845400,2025-07-18,7063.0
9.714285714285714,NQU5,NQ|NQU5|PDH|2025-07-21|1753104960,"{""pdh_pdl_source_date"": ""2025-07-18"", ""session"": ""RTH_0930_1600"", ""contract"": ""NQU5""}",23323.5,NEITHER,23310.0,25.25,14.125,4.0,,True,True,1.3897058823529413,0.9557522123893806,13.5,54.0,23310.0,23169.5,1753104600,360,open_30m,pdh_sweep,,1753104960,1753104960,2025-07-21,2767.0
18.035714285714285,NQU5,NQ|NQU5|PDL|2025-07-22|1753191900,"{""pdh_pdl_source_date"": ""2025-07-21"", ""session"": ""RTH_0930_1600"", ""contract"": ""NQU5""}",23253.5,AMBIGUOUS,23255.25,-23.25,16.75,2.75,,True,True,0.09702970297029703,0.1044776119402985,1.75,7.0,23424.75,23255.25,1753191000,900,open_30m,pdl_sweep,,1753191900,1753191900,2025-07-22,3051.0
6.642857142857143,NQU5,NQ|NQU5|PDH|2025-07-24|1753363800,"{""pdh_pdl_source_date"": ""2025-07-23"", ""session"": ""RTH_0930_1600"", ""contract"": ""NQU5""}",23399.5,NEITHER,23324.75,68.75,,0.0,,True,True,11.25268817204301,,74.75,299.0,23324.75,23146.75,1753363800,0,open_30m,pdh_sweep,,1753363800,1753363800,2025-07-24,6133.0
5.982142857142857,NQU5,NQ|NQU5|PDH|2025-07-25|1753457400,"{""pdh_pdl_source_date"": ""2025-07-24"", ""session"": ""RTH_0930_1600"", ""contract"": ""NQU5""}",23429.25,REVERSAL,23424.5,0.0,5.875,9.0,42.0,False,False,0.7940298507462688,0.8085106382978723,4.75,19.0,23424.5,23298.25,1753450200,7200,midday,pdh_sweep,True,1753457400,1753457400,2025-07-25,1846.0
6.303571428571429,NQU5,NQ|NQU5|PDH|2025-07-28|1753709400,"{""pdh_pdl_source_date"": ""2025-07-25"", ""session"": ""RTH_0930_1600"", ""contract"": ""NQU5""}",23494.75,NEITHER,23476.0,23.5,,7.75,,True,True,2.9745042492917846,,18.75,75.0,23476.0,23330.75,1753709400,0,open_30m,pdh_sweep,,1753709400,1753709400,2025-07-28,5455.0
5.571428571428571,NQU5,NQ|NQU5|PDH|2025-07-29|1753795800,"{""pdh_pdl_source_date"": ""2025-07-28"", ""session"": ""RTH_0930_1600"", ""contract"": ""NQU5""}",23623.25,CONTINUATION,23529.0,106.75,,0.0,,True,True,16.916666666666668,,94.25,377.0,23529.0,23436.75,1753795800,0,open_30m,pdh_sweep,,1753795800,1753795800,2025-07-29,5955.0
6.732142857142857,NQU5,NQ|NQU5|PDL|2025-07-29|1753817760,"{""pdh_pdl_source_date"": ""2025-07-28"", ""session"": ""RTH_0930_1600"", ""contract"": ""NQU5""}",23431.75,REVERSAL,23436.75,-1.5,6.125,10.0,-10.5,False,False,0.7427055702917772,0.8163265306122449,5.0,20.0,23529.0,23436.75,1753795800,21960,afternoon,pdl_sweep,True,1753817760,1753817760,2025-07-29,2908.0
24.785714285714285,NQU5,NQ|NQU5|PDL|2025-07-30|1753901940,"{""pdh_pdl_source_date"": ""2025-07-29"", ""session"": ""RTH_0930_1600"", ""contract"": ""NQU5""}",23400.25,CONTINUATION,23421.25,-64.75,23.875,0.0,-15.25,False,False,0.8472622478386167,0.8795811518324608,21.0,84.0,23652.5,23421.25,1753882200,19740,afternoon,pdl_sweep,True,1753901940,1753901940,2025-07-30,4457.0
7.625,NQU5,NQ|NQU5|PDH|2025-07-31|1753968600,"{""pdh_pdl_source_date"": ""2025-07-30"", ""session"": ""RTH_0930_1600"", ""contract"": ""NQU5""}",23752.0,NEITHER,23589.5,110.5,,0.0,,True,True,21.311475409836067,,162.5,650.0,23589.5,23356.5,1753968600,0,open_30m,pdh_sweep,,1753968600,1753968600,2025-07-31,8279.0
18.178571428571427,NQU5,NQ|NQU5|PDL|2025-07-31|1753985400,"{""pdh_pdl_source_date"": ""2025-07-30"", ""session"": ""RTH_0930_1600"", ""contract"": ""NQU5""}",23352.0,REVERSAL,23356.5,-0.5,14.5,12.5,-74.0,False,False,0.24754420432220042,0.3103448275862069,4.5,18.0,23589.5,23356.5,1753968600,16800,midday,pdl_sweep,True,1753985400,1753985400,2025-07-31,2102.0
5.285714285714286,NQU5,NQ|NQU5|PDH|2025-08-04|1754314200,"{""pdh_pdl_source_date"": ""2025-08-01"", ""session"": ""RTH_0930_1600"", ""contract"": ""NQU5""}",23119.0,NEITHER,23095.75,35.0,,7.0,,True,True,4.398648648648649,,23.25,93.0,23095.75,22775.0,1754314200,0,open_30m,pdh_sweep,,1754314200,1754314200,2025-08-04,5667.0
6.946428571428571,NQU5,NQ|NQU5|PDH|2025-08-05|1754400600,"{""pdh_pdl_source_date"": ""2025-08-04"", ""session"": ""RTH_0930_1600"", ""contract"": ""NQU5""}",23357.5,NEITHER,23307.25,30.5,,3.75,,True,True,7.233933161953728,,50.25,201.0,23307.25,23088.75,1754400600,0,open_30m,pdh_sweep,,1754400600,1754400600,2025-08-05,6253.0
7.071428571428571,NQU5,NQ|NQU5|PDH|2025-08-06|1754503560,"{""pdh_pdl_source_date"": ""2025-08-05"", ""session"": ""RTH_0930_1600"", ""contract"": ""NQU5""}",23402.25,NEITHER,23397.25,16.25,5.5,1.75,50.75,False,False,0.7070707070707071,0.9090909090909091,5.0,20.0,23397.25,23113.5,1754487000,16560,midday,pdh_sweep,True,1754503560,1754503560,2025-08-06,812.0
6.107142857142857,NQU5,NQ|NQU5|PDH|2025-08-07|1754573400,"{""pdh_pdl_source_date"": ""2025-08-06"", ""session"": ""RTH_0930_1600"", ""contract"": ""NQU5""}",23604.25,CONTINUATION,23445.25,172.25,,0.0,,True,True,26.035087719298247,,159.0,636.0,23445.25,23148.5,1754573400,0,open_30m,pdh_sweep,,1754573400,1754573400,2025-08-07,4796.0
13.107142857142858,NQU5,NQ|NQU5|PDH|2025-08-08|1754662200,"{""pdh_pdl_source_date"": ""2025-08-07"", ""session"": ""RTH_0930_1600"", ""contract"": ""NQU5""}",23678.5,REVERSAL,23671.0,2.25,13.0,15.75,96.5,False,True,0.5722070844686649,0.5769230769230769,7.5,30.0,23671.0,23329.0,1754659800,2400,open_60m,pdh_sweep,True,1754662200,1754662200,2025-08-08,2446.0
6.571428571428571,NQU5,NQ|NQU5|PDH|2025-08-11|1754919000,"{""pdh_pdl_source_date"": ""2025-08-08"", ""session"": ""RTH_0930_1600"", ""contract"": ""NQU5""}",23730.25,REVERSAL,23724.0,0.0,,30.75,,True,True,0.9510869565217391,,6.25,25.0,23724.0,23530.0,1754919000,0,open_30m,pdh_sweep,,1754919000,1754919000,2025-08-11,4225.0
4.464285714285714,NQU5,NQ|NQU5|PDH|2025-08-13|1755091800,"{""pdh_pdl_source_date"": ""2025-08-12"", ""session"": ""RTH_0930_1600"", ""contract"": ""NQU5""}",24049.0,CONTINUATION,23950.0,113.0,,0.0,,True,True,22.176,,99.0,396.0,23950.0,23622.0,1755091800,0,open_30m,pdh_sweep,,1755091800,1755091800,2025-08-13,4069.0
8.660714285714286,NQU5,NQ|NQU5|PDL|2025-08-14|1755178200,"{""pdh_pdl_source_date"": ""2025-08-13"", ""session"": ""RTH_0930_1600"", ""contract"": ""NQU5""}",23845.75,REVERSAL,23886.0,-44.75,,19.5,,True,True,4.647422680412371,,40.25,161.0,24068.5,23886.0,1755178200,0,open_30m,pdl_sweep,,1755178200,1755178200,2025-08-14,4600.0
21.857142857142858,NQU5,NQ|NQU5|PDL|2025-08-15|1755265260,"{""pdh_pdl_source_date"": ""2025-08-14"", ""session"": ""RTH_0930_1600"", ""contract"": ""NQU5""}",23836.0,REVERSAL,23841.25,-6.25,18.25,10.5,,True,True,0.24019607843137256,0.2876712328767123,5.25,21.0,24007.75,23841.25,1755264600,660,open_30m,pdl_sweep,,1755265260,1755265260,2025-08-15,1564.0
10.571428571428571,NQU5,NQ|NQU5|PDL|2025-08-18|1755528360,"{""pdh_pdl_source_date"": ""2025-08-15"", ""session"": ""RTH_0930_1600"", ""contract"": ""NQU5""}",23729.25,REVERSAL,23734.5,-15.5,10.25,15.5,-18.0,False,False,0.49662162162162166,0.5121951219512195,5.25,21.0,23911.0,23734.5,1755523800,4560,midday,pdl_sweep,True,1755528360,1755528360,2025-08-18,2586.0
8.071428571428571,NQU5,NQ|NQU5|PDL|2025-08-19|1755610320,"{""pdh_pdl_source_date"": ""2025-08-18"", ""session"": ""RTH_0930_1600"", ""contract"": ""NQU5""}",23686.25,CONTINUATION,23719.0,-55.0,27.25,0.0,,True,True,4.057522123893805,1.201834862385321,32.75,131.0,23824.25,23719.0,1755610200,120,open_30m,pdl_sweep,,1755610320,1755610320,2025-08-19,5571.0
7.089285714285714,NQU5,NQ|NQU5|PDL|2025-08-20|1755696600,"{""pdh_pdl_source_date"": ""2025-08-19"", ""session"": ""RTH_0930_1600"", ""contract"": ""NQU5""}",23383.25,CONTINUATION,23426.0,-63.5,,0.0,,True,True,6.030226700251889,,42.75,171.0,23770.5,23426.0,1755696600,0,open_30m,pdl_sweep,,1755696600,1755696600,2025-08-20,6200.0
21.178571428571427,NQU5,NQ|NQU5|PDH|2025-08-22|1755871200,"{""pdh_pdl_source_date"": ""2025-08-21"", ""session"": ""RTH_0930_1600"", ""contract"": ""NQU5""}",23467.5,CONTINUATION,23348.25,167.25,19.375,0.0,,False,True,5.630691399662732,6.15483870967742,119.25,477.0,23348.25,23119.0,1755869400,1800,open_60m,pdh_sweep,,1755871200,1755871200,2025-08-22,7735.0
19.642857142857142,NQU5,NQ|NQU5|PDL|2025-08-26|1756216080,"{""pdh_pdl_source_date"": ""2025-08-25"", ""session"": ""RTH_0930_1600"", ""contract"": ""NQU5""}",23435.0,REVERSAL,23443.25,-16.25,17.5,24.25,,True,True,0.42,0.4714285714285714,8.25,33.0,23616.25,23443.25,1756215000,1080,open_30m,pdl_sweep,,1756216080,1756216080,2025-08-26,2316.0
9.607142857142858,NQU5,NQ|NQU5|PDH|2025-08-27|1756304340,"{""pdh_pdl_source_date"": ""2025-08-26"", ""session"": ""RTH_0930_1600"", ""contract"": ""NQU5""}",23601.75,REVERSAL,23600.0,4.5,8.375,11.25,-7.5,False,True,0.1821561338289963,0.208955223880597,1.75,7.0,23600.0,23427.0,1756301400,2940,open_60m,pdh_sweep,False,1756304340,1756304340,2025-08-27,2383.0
5.303571428571429,NQU5,NQ|NQU5|PDH|2025-08-28|1756387800,"{""pdh_pdl_source_date"": ""2025-08-27"", ""session"": ""RTH_0930_1600"", ""contract"": ""NQU5""}",23706.0,CONTINUATION,23657.5,76.75,,0.0,,True,True,9.144781144781144,,48.5,194.0,23657.5,23487.5,1756387800,0,open_30m,pdh_sweep,,1756387800,1756387800,2025-08-28,8937.0
19.571428571428573,NQU5,NQ|NQU5|PDL|2025-08-29|1756475100,"{""pdh_pdl_source_date"": ""2025-08-28"", ""session"": ""RTH_0930_1600"", ""contract"": ""NQU5""}",23565.25,CONTINUATION,23572.5,-30.0,17.25,0.0,,True,True,0.3704379562043795,0.42028985507246375,7.25,29.0,23803.75,23572.5,1756474200,900,open_30m,pdl_sweep,,1756475100,1756475100,2025-08-29,4080.0
11.071428571428571,NQU5,NQ|NQU5|PDL|2025-09-02|1756819800,"{""pdh_pdl_source_date"": ""2025-08-29"", ""session"": ""RTH_0930_1600"", ""contract"": ""NQU5""}",23048.5,CONTINUATION,23397.5,-372.25,,0.0,,True,True,31.52258064516129,,349.0,1396.0,23668.0,23397.5,1756819800,0,open_30m,pdl_sweep,,1756819800,1756819800,2025-09-02,8362.0
7.339285714285714,NQU5,NQ|NQU5|PDH|2025-09-03|1756906200,"{""pdh_pdl_source_date"": ""2025-09-02"", ""session"": ""RTH_0930_1600"", ""contract"": ""NQU5""}",23437.75,NEITHER,23290.25,125.75,,0.0,,True,True,20.097323600973237,,147.5,590.0,23290.25,23025.25,1756906200,0,open_30m,pdh_sweep,,1756906200,1756906200,2025-09-03,5154.0
12.5,NQU5,NQ|NQU5|PDH|2025-09-04|1756992840,"{""pdh_pdl_source_date"": ""2025-09-03"", ""session"": ""RTH_0930_1600"", ""contract"": ""NQU5""}",23538.0,REVERSAL,23525.25,23.0,28.375,11.25,,True,True,1.02,0.44933920704845814,12.75,51.0,23525.25,23318.25,1756992600,240,open_30m,pdh_sweep,,1756992840,1756992840,2025-09-04,2960.0
13.160714285714286,NQU5,NQ|NQU5|PDL|2025-09-09|1757428440,"{""pdh_pdl_source_date"": ""2025-09-08"", ""session"": ""RTH_0930_1600"", ""contract"": ""NQU5""}",23752.25,CONTINUATION,23760.0,-24.75,11.25,1.75,-49.5,False,False,0.5888738127544098,0.6888888888888889,7.75,31.0,23888.0,23760.0,1757424600,3840,midday,pdl_sweep,True,1757428440,1757428440,2025-09-09,2648.0
6.5,NQU5,NQ|NQU5|PDH|2025-09-10|1757511000,"{""pdh_pdl_source_date"": ""2025-09-09"", ""session"": ""RTH_0930_1600"", ""contract"": ""NQU5""}",24000.5,NEITHER,23890.0,77.25,,0.0,,True,True,17.0,,110.5,442.0,23890.0,23726.0,1757511000,0,open_30m,pdh_sweep,,1757511000,1757511000,2025-09-10,7445.0
4.0,NQU5,NQ|NQU5|PDH|2025-09-12|1757683800,"{""pdh_pdl_source_date"": ""2025-09-11"", ""session"": ""RTH_0930_1600"", ""contract"": ""NQU5""}",24064.5,REVERSAL,24046.0,6.25,,19.75,,True,True,4.625,,18.5,74.0,24046.0,23909.75,1757683800,0,open_30m,pdh_sweep,,1757683800,1757683800,2025-09-12,5168.0
5.589285714285714,NQU5,NQ|NQU5|PDH|2025-09-15|1757943000,"{""pdh_pdl_source_date"": ""2025-09-12"", ""session"": ""RTH_0930_1600"", ""contract"": ""NQU5""}",24197.0,CONTINUATION,24159.0,53.0,,0.0,,True,True,6.798722044728434,,38.0,152.0,24159.0,24001.5,1757943000,0,open_30m,pdh_sweep,,1757943000,1757943000,2025-09-15,2461.0
6.642857142857143,NQZ5,NQ|NQZ5|PDH|2025-09-16|1758029400,"{""pdh_pdl_source_date"": ""2025-09-15"", ""session"": ""RTH_0930_1600"", ""contract"": ""NQZ5""}",24600.5,NEITHER,24556.75,42.25,,0.0,,True,True,6.586021505376344,,43.75,175.0,24556.75,24412.75,1758029400,0,open_30m,pdh_sweep,,1758029400,1758029400,2025-09-16,3825.0
9.089285714285714,NQZ5,NQ|NQZ5|PDL|2025-09-17|1758116040,"{""pdh_pdl_source_date"": ""2025-09-16"", ""session"": ""RTH_0930_1600"", ""contract"": ""NQZ5""}",24496.0,REVERSAL,24499.25,-4.75,18.125,11.5,,True,True,0.3575638506876228,0.1793103448275862,3.25,13.0,24600.5,24499.25,1758115800,240,open_30m,pdl_sweep,,1758116040,1758116040,2025-09-17,2056.0
8.589285714285714,NQZ5,NQ|NQZ5|PDH|2025-09-18|1758202200,"{""pdh_pdl_source_date"": ""2025-09-17"", ""session"": ""RTH_0930_1600"", ""contract"": ""NQZ5""}",24692.0,CONTINUATION,24550.75,158.0,,0.0,,True,True,16.444906444906447,,141.25,565.0,24550.75,24242.0,1758202200,0,open_30m,pdh_sweep,,1758202200,1758202200,2025-09-18,4875.0
18.089285714285715,NQZ5,NQ|NQZ5|PDH|2025-09-19|1758289980,"{""pdh_pdl_source_date"": ""2025-09-18"", ""session"": ""RTH_0930_1600"", ""contract"": ""NQZ5""}",24817.5,REVERSAL,24816.0,0.0,17.25,29.0,,True,True,0.08292201382033564,0.08695652173913043,1.5,6.0,24816.0,24598.75,1758288600,1380,open_30m,pdh_sweep,,1758289980,1758289980,2025-09-19,2310.0
8.321428571428571,NQZ5,NQ|NQZ5|PDH|2025-09-22|1758550860,"{""pdh_pdl_source_date"": ""2025-09-19"", ""session"": ""RTH_0930_1600"", ""contract"": ""NQZ5""}",24894.25,NEITHER,24888.0,4.0,7.875,5.0,53.0,False,True,0.7510729613733906,0.7936507936507936,6.25,25.0,24888.0,24708.0,1758547800,3060,open_60m,pdh_sweep,True,1758550860,1758550860,2025-09-22,2045.0
13.910714285714286,NQZ5,NQ|NQZ5|PDL|2025-09-23|1758649200,"{""pdh_pdl_source_date"": ""2025-09-22"", ""session"": ""RTH_0930_1600"", ""contract"": ""NQZ5""}",24806.5,CONTINUATION,24814.25,-33.75,13.375,0.0,-68.0,False,False,0.5571245186136071,0.5794392523364486,7.75,31.0,25027.25,24814.25,1758634200,15000,midday,pdl_sweep,True,1758649200,1758649200,2025-09-23,3270.0
9.0,NQZ5,NQ|NQZ5|PDL|2025-09-24|1758726660,"{""pdh_pdl_source_date"": ""2025-09-23"", ""session"": ""RTH_0930_1600"", ""contract"": ""NQZ5""}",24777.0,REVERSAL,24780.5,0.0,9.125,9.5,-71.5,False,False,0.3888888888888889,0.3835616438356164,3.5,14.0,25009.75,24780.5,1758720600,6060,midday,pdl_sweep,True,1758726660,1758726660,2025-09-24,1917.0
10.053571428571429,NQZ5,NQ|NQZ5|PDL|2025-09-25|1758807000,"{""pdh_pdl_source_date"": ""2025-09-24"", ""session"": ""RTH_0930_1600"", ""contract"": ""NQZ5""}",24531.75,CONTINUATION,24627.0,-110.0,,0.0,,True,True,9.47424511545293,,95.25,381.0,24899.25,24627.0,1758807000,0,open_30m,pdl_sweep,,1758807000,1758807000,2025-09-25,6106.0
17.517857142857142,NQZ5,NQ|NQZ5|PDH|2025-09-26|1758893580,"{""pdh_pdl_source_date"": ""2025-09-25"", ""session"": ""RTH_0930_1600"", ""contract"": ""NQZ5""}",24699.75,REVERSAL,24696.75,4.25,53.25,10.0,,True,True,0.17125382262996944,0.056338028169014086,3.0,12.0,24696.75,24422.5,1758893400,180,open_30m,pdh_sweep,,1758893580,1758893580,2025-09-26,2972.0
6.571428571428571,NQZ5,NQ|NQZ5|PDH|2025-09-29|1759152600,"{""pdh_pdl_source_date"": ""2025-09-26"", ""session"": ""RTH_0930_1600"", ""contract"": ""NQZ5""}",24870.0,CONTINUATION,24737.0,148.5,,0.0,,True,True,20.23913043478261,,133.0,532.0,24737.0,24520.0,1759152600,0,open_30m,pdh_sweep,,1759152600,1759152600,2025-09-29,4607.0
8.982142857142858,NQZ5,NQ|NQZ5|PDL|2025-09-30|1759239180,"{""pdh_pdl_source_date"": ""2025-09-29"", ""session"": ""RTH_0930_1600"", ""contract"": ""NQZ5""}",24771.0,AMBIGUOUS,24780.5,-23.5,17.5,1.0,,True,True,1.0576540755467196,0.5428571428571428,9.5,38.0,24975.5,24780.5,1759239000,180,open_30m,pdl_sweep,,1759239180,1759239180,2025-09-30,2498.0
10.285714285714286,NQZ5,NQ|NQZ5|PDH|2025-10-01|1759330860,"{""pdh_pdl_source_date"": ""2025-09-30"", ""session"": ""RTH_0930_1600"", ""contract"": ""NQZ5""}",24920.75,REVERSAL,24913.75,6.75,9.625,10.75,22.5,False,False,0.6805555555555555,0.7272727272727273,7.0,28.0,24913.75,24722.25,1759325400,5460,midday,pdh_sweep,True,1759330860,1759330860,2025-10-01,2349.0
4.678571428571429,NQZ5,NQ|NQZ5|PDH|2025-10-02|1759411800,"{""pdh_pdl_source_date"": ""2025-10-01"", ""session"": ""RTH_0930_1600"", ""contract"": ""NQZ5""}",25169.0,NEITHER,25036.75,117.75,,0.0,,True,True,28.267175572519083,,132.25,529.0,25036.75,24726.0,1759411800,0,open_30m,pdh_sweep,,1759411800,1759411800,2025-10-02,5488.0
13.464285714285714,NQZ5,NQ|NQZ5|PDL|2025-10-03|1759513560,"{""pdh_pdl_source_date"": ""2025-10-02"", ""session"": ""RTH_0930_1600"", ""contract"": ""NQZ5""}",24983.5,CONTINUATION,24993.75,-23.75,13.125,6.0,-45.0,False,False,0.7612732095490716,0.780952380952381,10.25,41.0,25169.0,24993.75,1759498200,15360,midday,pdl_sweep,True,1759513560,1759513560,2025-10-03,2407.0
6.285714285714286,NQZ5,NQ|NQZ5|PDH|2025-10-06|1759757400,"{""pdh_pdl_source_date"": ""2025-10-03"", ""session"": ""RTH_0930_1600"", ""contract"": ""NQZ5""}",25221.75,REVERSAL,25168.0,43.5,,11.75,,True,True,8.551136363636363,,53.75,215.0,25168.0,24923.25,1759757400,0,open_30m,pdh_sweep,,1759757400,1759757400,2025-10-06,4856.0
10.517857142857142,NQZ5,NQ|NQZ5|PDH|2025-10-07|1759844160,"{""pdh_pdl_source_date"": ""2025-10-06"", ""session"": ""RTH_0930_1600"", ""contract"": ""NQZ5""}",25263.25,REVERSAL,25252.75,0.0,15.0,14.75,,True,True,0.9983022071307301,0.7,10.5,42.0,25252.75,25108.5,1759843800,360,open_30m,pdh_sweep,,1759844160,1759844160,2025-10-07,2865.0
13.696428571428571,NQZ5,NQ|NQZ5|PDL|2025-10-07|1759849560,"{""pdh_pdl_source_date"": ""2025-10-06"", ""session"": ""RTH_0930_1600"", ""contract"": ""NQZ5""}",25080.5,CONTINUATION,25108.5,-55.5,11.375,0.0,10.0,False,False,2.044328552803129,2.4615384615384617,28.0,112.0,25252.75,25108.5,1759843800,5760,midday,pdl_sweep,False,1759849560,1759849560,2025-10-07,6362.0
5.232142857142857,NQZ5,NQ|NQZ5|PDH|2025-10-08|1759939800,"{""pdh_pdl_source_date"": ""2025-10-07"", ""session"": ""RTH_0930_1600"", ""contract"": ""NQZ5""}",25268.25,NEITHER,25264.75,4.0,5.875,4.5,107.75,False,False,0.6689419795221844,0.5957446808510638,3.5,14.0,25264.75,24984.75,1759930200,9600,midday,pdh_sweep,True,1759939800,1759939800,2025-10-08,960.0
7.857142857142857,NQZ5,NQ|NQZ5|PDH|2025-10-10|1760103060,"{""pdh_pdl_source_date"": ""2025-10-09"", ""session"": ""RTH_0930_1600"", ""contract"": ""NQZ5""}",25345.5,REVERSAL,25334.75,12.0,24.5,13.25,,True,True,1.3681818181818182,0.4387755102040816,10.75,43.0,25334.75,25160.75,1760103000,60,open_30m,pdh_sweep,,1760103060,1760103060,2025-10-10,4409.0
21.321428571428573,NQZ5,NQ|NQZ5|PDL|2025-10-10|1760108340,"{""pdh_pdl_source_date"": ""2025-10-09"", ""session"": ""RTH_0930_1600"", ""contract"": ""NQZ5""}",25127.75,AMBIGUOUS,25160.75,-96.75,10.375,35.25,47.0,False,False,1.5477386934673365,3.180722891566265,33.0,132.0,25334.75,25160.75,1760103000,5340,midday,pdl_sweep,False,1760108340,1760108340,2025-10-10,7631.0
13.910714285714286,NQZ5,NQ|NQZ5|PDL|2025-10-14|1760448600,"{""pdh_pdl_source_date"": ""2025-10-13"", ""session"": ""RTH_0930_1600"", ""contract"": ""NQZ5""}",24589.75,CONTINUATION,24724.5,-156.5,,0.0,,True,True,9.686777920410783,,134.75,539.0,24965.0,24724.5,1760448600,0,open_30m,pdl_sweep,,1760448600,1760448600,2025-10-14,5654.0
8.392857142857142,NQZ5,NQ|NQZ5|PDH|2025-10-15|1760535000,"{""pdh_pdl_source_date"": ""2025-10-14"", ""session"": ""RTH_0930_1600"", ""contract"": ""NQZ5""}",25003.5,NEITHER,24947.5,42.25,,0.5,,True,True,6.672340425531916,,56.0,224.0,24947.5,24421.0,1760535000,0,open_30m,pdh_sweep,,1760535000,1760535000,2025-10-15,4889.0
25.482142857142858,NQZ5,NQ|NQZ5|PDH|2025-10-16|1760622300,"{""pdh_pdl_source_date"": ""2025-10-15"", ""session"": ""RTH_0930_1600"", ""contract"": ""NQZ5""}",25123.75,REVERSAL,25115.0,10.5,22.25,15.25,,True,True,0.3433777154870357,0.39325842696629215,8.75,35.0,25115.0,24663.25,1760621400,900,open_30m,pdh_sweep,,1760622300,1760622300,2025-10-16,3975.0
23.678571428571427,NQZ5,NQ|NQZ5|PDL|2025-10-16|1760638560,"{""pdh_pdl_source_date"": ""2025-10-15"", ""session"": ""RTH_0930_1600"", ""contract"": ""NQZ5""}",24660.75,REVERSAL,24663.25,0.0,21.5,60.25,18.0,False,False,0.10558069381598795,0.11627906976744186,2.5,10.0,25115.0,24663.25,1760621400,17160,midday,pdl_sweep,False,1760638560,1760638560,2025-10-16,2534.0
7.017857142857143,NQZ5,NQ|NQZ5|PDH|2025-10-20|1760967000,"{""pdh_pdl_source_date"": ""2025-10-17"", ""session"": ""RTH_0930_1600"", ""contract"": ""NQZ5""}",25176.0,CONTINUATION,25055.75,132.25,,0.0,,True,True,17.134860050890584,,120.25,481.0,25055.75,24672.5,1760967000,0,open_30m,pdh_sweep,,1760967000,1760967000,2025-10-20,5509.0
10.482142857142858,NQZ5,NQ|NQZ5|PDL|2025-10-22|1761139980,"{""pdh_pdl_source_date"": ""2025-10-21"", ""session"": ""RTH_0930_1600"", ""contract"": ""NQZ5""}",25193.25,CONTINUATION,25203.25,-24.0,19.0,0.0,,True,True,0.9540034071550255,0.5263157894736842,10.0,40.0,25348.5,25203.25,1761139800,180,open_30m,pdl_sweep,,1761139980,1761139980,2025-10-22,3113.0
7.392857142857143,NQZ5,NQ|NQZ5|PDH|2025-10-27|1761571800,"{""pdh_pdl_source_date"": ""2025-10-24"", ""session"": ""RTH_0930_1600"", ""contract"": ""NQZ5""}",25857.0,NEITHER,25570.75,288.75,,0.0,,True,True,38.71980676328502,,286.25,1145.0,25570.75,25429.75,1761571800,0,open_30m,pdh_sweep,,1761571800,1761571800,2025-10-27,5221.0
6.553571428571429,NQZ5,NQ|NQZ5|PDH|2025-10-28|1761658200,"{""pdh_pdl_source_date"": ""2025-10-27"", ""session"": ""RTH_0930_1600"", ""contract"": ""NQZ5""}",26079.0,CONTINUATION,25981.25,110.25,,0.0,,True,True,14.915531335149863,,97.75,391.0,25981.25,25796.5,1761658200,0,open_30m,pdh_sweep,,1761658200,1761658200,2025-10-28,4718.0
6.017857142857143,NQZ5,NQ|NQZ5|PDH|2025-10-29|1761744600,"{""pdh_pdl_source_date"": ""2025-10-28"", ""session"": ""RTH_0930_1600"", ""contract"": ""NQZ5""}",26288.25,NEITHER,26231.5,61.25,,0.0,,True,True,9.43026706231454,,56.75,227.0,26231.5,26006.0,1761744600,0,open_30m,pdh_sweep,,1761744600,1761744600,2025-10-29,4964.0
18.375,NQZ5,NQ|NQZ5|PDL|2025-10-30|1761831240,"{""pdh_pdl_source_date"": ""2025-10-29"", ""session"": ""RTH_0930_1600"", ""contract"": ""NQZ5""}",26043.0,CONTINUATION,26049.25,-28.25,28.125,0.0,,True,True,0.3401360544217687,0.2222222222222222,6.25,25.0,26326.5,26049.25,1761831000,240,open_30m,pdl_sweep,,1761831240,1761831240,2025-10-30,2712.0
7.0,NQZ5,NQ|NQZ5|PDH|2025-10-31|1761917400,"{""pdh_pdl_source_date"": ""2025-10-30"", ""session"": ""RTH_0930_1600"", ""contract"": ""NQZ5""}",26199.5,REVERSAL,26182.5,5.75,,24.25,,True,True,2.4285714285714284,,17.0,68.0,26182.5,25869.0,1761917400,0,open_30m,pdh_sweep,,1761917400,1761917400,2025-10-31,4551.0
7.660714285714286,NQZ5,NQ|NQZ5|PDH|2025-11-03|1762180200,"{""pdh_pdl_source_date"": ""2025-10-31"", ""session"": ""RTH_0930_1600"", ""contract"": ""NQZ5""}",26255.0,NEITHER,26199.5,66.5,,0.0,,True,True,7.244755244755245,,55.5,222.0,26199.5,25888.75,1762180200,0,open_30m,pdh_sweep,,1762180200,1762180200,2025-11-03,4460.0
12.214285714285714,NQZ5,NQ|NQZ5|PDL|2025-11-04|1762266600,"{""pdh_pdl_source_date"": ""2025-11-03"", ""session"": ""RTH_0930_1600"", ""contract"": ""NQZ5""}",25705.5,CONTINUATION,26015.5,-343.5,,0.0,,True,True,25.380116959064328,,310.0,1240.0,26266.0,26015.5,1762266600,0,open_30m,pdl_sweep,,1762266600,1762266600,2025-11-04,5875.0
10.446428571428571,NQZ5,NQ|NQZ5|PDL|2025-11-05|1762353000,"{""pdh_pdl_source_date"": ""2025-11-04"", ""session"": ""RTH_0930_1600"", ""contract"": ""NQZ5""}",25530.75,REVERSAL,25544.0,-21.75,,32.0,,True,True,1.2683760683760683,,13.25,53.0,25893.5,25544.0,1762353000,0,open_30m,pdl_sweep,,1762353000,1762353000,2025-11-05,4812.0
27.589285714285715,NQZ5,NQ|NQZ5|PDL|2025-11-06|1762441200,"{""pdh_pdl_source_date"": ""2025-11-05"", ""session"": ""RTH_0930_1600"", ""contract"": ""NQZ5""}",25465.5,CONTINUATION,25488.0,-59.75,22.375,7.0,,False,True,0.8155339805825242,1.005586592178771,22.5,90.0,25880.0,25488.0,1762439400,1800,open_60m,pdl_sweep,,1762441200,1762441200,2025-11-06,5673.0
12.375,NQZ5,NQ|NQZ5|PDL|2025-11-07|1762525800,"{""pdh_pdl_source_date"": ""2025-11-06"", ""session"": ""RTH_0930_1600"", ""contract"": ""NQZ5""}",25045.5,NEITHER,25197.75,-152.5,,0.0,,True,True,12.303030303030303,,152.25,609.0,25685.75,25197.75,1762525800,0,open_30m,pdl_sweep,,1762525800,1762525800,2025-11-07,5980.0
10.392857142857142,NQZ5,NQ|NQZ5|PDH|2025-11-10|1762785000,"{""pdh_pdl_source_date"": ""2025-11-07"", ""session"": ""RTH_0930_1600"", ""contract"": ""NQZ5""}",25568.5,CONTINUATION,25173.0,411.75,,0.0,,True,True,38.054982817869416,,395.5,1582.0,25173.0,24709.25,1762785000,0,open_30m,pdh_sweep,,1762785000,1762785000,2025-11-10,7333.0
6.017857142857143,NQZ5,NQ|NQZ5|PDH|2025-11-12|1762957800,"{""pdh_pdl_source_date"": ""2025-11-11"", ""session"": ""RTH_0930_1600"", ""contract"": ""NQZ5""}",25780.75,REVERSAL,25696.25,41.75,,12.0,,True,True,14.041543026706231,,84.5,338.0,25696.25,25478.5,1762957800,0,open_30m,pdh_sweep,,1762957800,1762957800,2025-11-12,4869.0
13.428571428571429,NQZ5,NQ|NQZ5|PDL|2025-11-13|1763044200,"{""pdh_pdl_source_date"": ""2025-11-12"", ""session"": ""RTH_0930_1600"", ""contract"": ""NQZ5""}",25456.0,CONTINUATION,25488.75,-55.25,,0.0,,True,True,2.4388297872340425,,32.75,131.0,25780.75,25488.75,1763044200,0,open_30m,pdl_sweep,,1763044200,1763044200,2025-11-13,4778.0
14.875,NQZ5,NQ|NQZ5|PDL|2025-11-14|1763130600,"{""pdh_pdl_source_date"": ""2025-11-13"", ""session"": ""RTH_0930_1600"", ""contract"": ""NQZ5""}",24694.0,CONTINUATION,25002.5,-356.25,,0.0,,True,True,20.73949579831933,,308.5,1234.0,25502.0,25002.5,1763130600,0,open_30m,pdl_sweep,,1763130600,1763130600,2025-11-14,6710.0
16.0,NQZ5,NQ|NQZ5|PDL|2025-11-18|1763476200,"{""pdh_pdl_source_date"": ""2025-11-17"", ""session"": ""RTH_0930_1600"", ""contract"": ""NQZ5""}",24705.0,AMBIGUOUS,24731.75,-67.25,,5.0,,True,True,1.671875,,26.75,107.0,25254.0,24731.75,1763476200,0,open_30m,pdl_sweep,,1763476200,1763476200,2025-11-18,5795.0
31.071428571428573,NQZ5,NQ|NQZ5|PDH|2025-11-19|1763563980,"{""pdh_pdl_source_date"": ""2025-11-18"", ""session"": ""RTH_0930_1600"", ""contract"": ""NQZ5""}",24837.75,AMBIGUOUS,24832.0,22.75,32.875,4.5,,True,True,0.1850574712643678,0.17490494296577946,5.75,23.0,24832.0,24376.25,1763562600,1380,open_30m,pdh_sweep,,1763563980,1763563980,2025-11-19,3070.0
51.25,NQZ5,NQ|NQZ5|PDL|2025-11-21|1763737320,"{""pdh_pdl_source_date"": ""2025-11-20"", ""session"": ""RTH_0930_1600"", ""contract"": ""NQZ5""}",24095.0,AMBIGUOUS,24098.0,-23.75,43.0,30.25,-45.75,False,True,0.05853658536585366,0.06976744186046512,3.0,12.0,25310.0,24098.0,1763735400,1920,open_60m,pdl_sweep,True,1763737320,1763737320,2025-11-21,3037.0
14.821428571428571,NQZ5,NQ|NQZ5|PDH|2025-11-24|1763994720,"{""pdh_pdl_source_date"": ""2025-11-21"", ""session"": ""RTH_0930_1600"", ""contract"": ""NQZ5""}",24639.0,CONTINUATION,24596.25,65.5,42.25,0.0,,True,True,2.8843373493975903,1.0118343195266273,42.75,171.0,24596.25,23927.25,1763994600,120,open_30m,pdh_sweep,,1763994720,1763994720,2025-11-24,3932.0
11.696428571428571,NQZ5,NQ|NQZ5|PDH|2025-11-25|1764091380,"{""pdh_pdl_source_date"": ""2025-11-24"", ""session"": ""RTH_0930_1600"", ""contract"": ""NQZ5""}",25002.0,CONTINUATION,24993.5,23.5,11.375,0.0,-65.75,False,False,0.7267175572519085,0.7472527472527473,8.5,34.0,24993.5,24516.75,1764081000,10380,midday,pdh_sweep,False,1764091380,1764091380,2025-11-25,1901.0
11.017857142857142,NQZ5,NQ|NQZ5|PDH|2025-11-26|1764167400,"{""pdh_pdl_source_date"": ""2025-11-25"", ""session"": ""RTH_0930_1600"", ""contract"": ""NQZ5""}",25244.25,CONTINUATION,25135.25,134.0,,0.0,,True,True,9.893030794165316,,109.0,436.0,25135.25,24602.0,1764167400,0,open_30m,pdh_sweep,,1764167400,1764167400,2025-11-26,4546.0
9.5,NQZ5,NQ|NQZ5|PDH|2025-11-28|1764340320,"{""pdh_pdl_source_date"": ""2025-11-26"", ""session"": ""RTH_0930_1600"", ""contract"": ""NQZ5""}",25385.0,CONTINUATION,25376.0,21.0,13.5,2.5,,True,True,0.9473684210526315,0.6666666666666666,9.0,36.0,25376.0,25133.75,1764340200,120,open_30m,pdh_sweep,,1764340320,1764340320,2025-11-28,901.0
9.321428571428571,NQZ5,NQ|NQZ5|PDL|2025-12-01|1764599400,"{""pdh_pdl_source_date"": ""2025-11-28"", ""session"": ""RTH_0930_1600"", ""contract"": ""NQZ5""}",25252.5,CONTINUATION,25331.0,-97.0,,0.0,,True,True,8.421455938697319,,78.5,314.0,25499.75,25331.0,1764599400,0,open_30m,pdl_sweep,,1764599400,1764599400,2025-12-01,4645.0
6.321428571428571,NQZ5,NQ|NQZ5|PDH|2025-12-02|1764685800,"{""pdh_pdl_source_date"": ""2025-12-01"", ""session"": ""RTH_0930_1600"", ""contract"": ""NQZ5""}",25500.75,REVERSAL,25495.75,0.5,,24.5,,True,True,0.7909604519774012,,5.0,20.0,25495.75,25209.25,1764685800,0,open_30m,pdh_sweep,,1764685800,1764685800,2025-12-02,4381.0
5.5,NQZ5,NQ|NQZ5|PDH|2025-12-03|1764791700,"{""pdh_pdl_source_date"": ""2025-12-02"", ""session"": ""RTH_0930_1600"", ""contract"": ""NQZ5""}",25671.25,NEITHER,25670.0,2.25,5.25,3.75,22.0,False,False,0.22727272727272727,0.23809523809523808,1.25,5.0,25670.0,25414.5,1764772200,19500,afternoon,pdh_sweep,True,1764791700,1764791700,2025-12-03,590.0
8.678571428571429,NQZ5,NQ|NQZ5|PDH|2025-12-04|1764858600,"{""pdh_pdl_source_date"": ""2025-12-03"", ""session"": ""RTH_0930_1600"", ""contract"": ""NQZ5""}",25713.0,REVERSAL,25685.25,0.0,,38.0,,True,True,3.197530864197531,,27.75,111.0,25685.25,25430.0,1764858600,0,open_30m,pdh_sweep,,1764858600,1764858600,2025-12-04,5183.0
8.125,NQZ5,NQ|NQZ5|PDH|2025-12-05|1764945000,"{""pdh_pdl_source_date"": ""2025-12-04"", ""session"": ""RTH_0930_1600"", ""contract"": ""NQZ5""}",25742.75,CONTINUATION,25713.0,60.0,,0.0,,True,True,3.6615384615384614,,29.75,119.0,25713.0,25488.75,1764945000,0,open_30m,pdh_sweep,,1764945000,1764945000,2025-12-05,6603.0
12.75,NQZ5,NQ|NQZ5|PDL|2025-12-08|1765209360,"{""pdh_pdl_source_date"": ""2025-12-05"", ""session"": ""RTH_0930_1600"", ""contract"": ""NQZ5""}",25649.75,REVERSAL,25651.25,0.0,12.375,33.25,-42.75,False,False,0.11764705882352941,0.12121212121212122,1.5,6.0,25868.0,25651.25,1765204200,5160,midday,pdl_sweep,True,1765209360,1765209360,2025-12-08,1871.0
11.75,NQZ5,NQ|NQZ5|PDL|2025-12-09|1765290660,"{""pdh_pdl_source_date"": ""2025-12-08"", ""session"": ""RTH_0930_1600"", ""contract"": ""NQZ5""}",25563.0,REVERSAL,25564.75,0.0,42.0,22.5,,True,True,0.14893617021276595,0.041666666666666664,1.75,7.0,25860.75,25564.75,1765290600,60,open_30m,pdl_sweep,,1765290660,1765290660,2025-12-09,4452.0
14.696428571428571,NQZ5,NQ|NQZ5|PDL|2025-12-10|1765382100,"{""pdh_pdl_source_date"": ""2025-12-09"", ""session"": ""RTH_0930_1600"", ""contract"": ""NQZ5""}",25550.25,REVERSAL,25560.0,-7.0,15.625,8.0,-35.75,False,False,0.6634264884568651,0.624,9.75,39.0,25735.75,25560.0,1765377000,5100,midday,pdl_sweep,True,1765382100,1765382100,2025-12-10,3055.0
29.053571428571427,NQZ5,NQ|NQZ5|PDH|2025-12-10|1765393620,"{""pdh_pdl_source_date"": ""2025-12-09"", ""session"": ""RTH_0930_1600"", ""contract"": ""NQZ5""}",25737.5,REVERSAL,25735.75,0.0,18.875,27.25,-35.75,False,False,0.06023355869698833,0.09271523178807947,1.75,7.0,25735.75,25560.0,1765377000,16620,midday,pdh_sweep,False,1765393620,1765393620,2025-12-10,3826.0
32.535714285714285,NQZ5,NQ|NQZ5|PDL|2025-12-11|1765464420,"{""pdh_pdl_source_date"": ""2025-12-10"", ""session"": ""RTH_0930_1600"", ""contract"": ""NQZ5""}",25526.25,AMBIGUOUS,25528.75,-17.75,32.375,1.75,,True,True,0.07683863885839737,0.07722007722007722,2.5,10.0,25870.75,25528.75,1765463400,1020,open_30m,pdl_sweep,,1765464420,1765464420,2025-12-11,3311.0
22.267857142857142,NQZ5,NQ|NQZ5|PDL|2025-12-12|1765553040,"{""pdh_pdl_source_date"": ""2025-12-11"", ""session"": ""RTH_0930_1600"", ""contract"": ""NQZ5""}",25371.25,CONTINUATION,25390.25,-31.25,23.25,0.0,-39.75,False,True,0.8532477947072975,0.8172043010752689,19.0,76.0,25722.75,25390.25,1765549800,3240,open_60m,pdl_sweep,True,1765553040,1765553040,2025-12-12,4039.0
24.571428571428573,NQZ5,NQ|NQZ5|PDL|2025-12-15|1765812240,"{""pdh_pdl_source_date"": ""2025-12-12"", ""session"": ""RTH_0930_1600"", ""contract"": ""NQZ5""}",25078.0,CONTINUATION,25118.0,-57.75,24.25,0.0,-202.5,False,True,1.627906976744186,1.6494845360824741,40.0,160.0,25619.5,25118.0,1765809000,3240,open_60m,pdl_sweep,True,1765812240,1765812240,2025-12-15,1935.0
10.821428571428571,NQH6,NQ|NQH6|PDH|2025-12-17|1765981860,"{""pdh_pdl_source_date"": ""2025-12-16"", ""session"": ""RTH_0930_1600"", ""contract"": ""NQH6""}",25447.75,REVERSAL,25444.0,0.0,37.5,48.75,,True,True,0.34653465346534656,0.1,3.75,15.0,25444.0,25171.75,1765981800,60,open_30m,pdh_sweep,,1765981860,1765981860,2025-12-17,3606.0
27.607142857142858,NQH6,NQ|NQH6|PDL|2025-12-17|1765986120,"{""pdh_pdl_source_date"": ""2025-12-16"", ""session"": ""RTH_0930_1600"", ""contract"": ""NQH6""}",25159.0,CONTINUATION,25171.75,-46.75,28.875,0.0,-113.75,False,False,0.46183699870633893,0.44155844155844154,12.75,51.0,25444.0,25171.75,1765981800,4320,midday,pdl_sweep,True,1765986120,1765986120,2025-12-17,2670.0
17.767857142857142,NQH6,NQ|NQH6|PDH|2025-12-19|1766154660,"{""pdh_pdl_source_date"": ""2025-12-18"", ""session"": ""RTH_0930_1600"", ""contract"": ""NQH6""}",25430.5,CONTINUATION,25412.5,42.5,44.0,0.0,,True,True,1.013065326633166,0.4090909090909091,18.0,72.0,25412.5,25161.25,1766154600,60,open_30m,pdh_sweep,,1766154660,1766154660,2025-12-19,4635.0
6.535714285714286,NQH6,NQ|NQH6|PDH|2025-12-22|1766413800,"{""pdh_pdl_source_date"": ""2025-12-19"", ""session"": ""RTH_0930_1600"", ""contract"": ""NQH6""}",25785.0,NEITHER,25600.25,194.5,,0.0,,True,True,28.26775956284153,,184.75,739.0,25600.25,25357.0,1766413800,0,open_30m,pdh_sweep,,1766413800,1766413800,2025-12-22,4575.0
2.6964285714285716,NQH6,NQ|NQH6|PDH|2025-12-23|1766519640,"{""pdh_pdl_source_date"": ""2025-12-22"", ""session"": ""RTH_0930_1600"", ""contract"": ""NQH6""}",25796.25,NEITHER,25794.75,5.75,2.375,1.5,38.5,False,False,0.5562913907284768,0.631578947368421,1.5,6.0,25794.75,25628.0,1766500200,19440,afternoon,pdh_sweep,True,1766519640,1766519640,2025-12-23,535.0
5.285714285714286,NQH6,NQ|NQH6|PDH|2025-12-24|1766586600,"{""pdh_pdl_source_date"": ""2025-12-23"", ""session"": ""RTH_0930_1600"", ""contract"": ""NQH6""}",25827.5,REVERSAL,25820.5,0.0,,36.5,,True,True,1.3243243243243243,,7.0,28.0,25820.5,25628.25,1766586600,0,open_30m,pdh_sweep,,1766586600,1766586600,2025-12-24,3880.0
4.875,NQH6,NQ|NQH6|PDH|2025-12-26|1766759400,"{""pdh_pdl_source_date"": ""2025-12-24"", ""session"": ""RTH_0930_1600"", ""contract"": ""NQH6""}",25910.25,REVERSAL,25892.0,0.0,,27.5,,True,True,3.7435897435897436,,18.25,73.0,25892.0,25784.0,1766759400,0,open_30m,pdh_sweep,,1766759400,1766759400,2025-12-26,3453.0
9.857142857142858,NQH6,NQ|NQH6|PDL|2025-12-29|1767018600,"{""pdh_pdl_source_date"": ""2025-12-26"", ""session"": ""RTH_0930_1600"", ""contract"": ""NQH6""}",25664.25,NEITHER,25834.25,-167.75,,0.0,,True,True,17.246376811594203,,170.0,680.0,25935.25,25834.25,1767018600,0,open_30m,pdl_sweep,,1767018600,1767018600,2025-12-29,4726.0
5.517857142857143,NQH6,NQ|NQH6|PDL|2025-12-31|1767191400,"{""pdh_pdl_source_date"": ""2025-12-30"", ""session"": ""RTH_0930_1600"", ""contract"": ""NQH6""}",25663.5,REVERSAL,25668.25,0.0,,23.75,,True,True,0.86084142394822,,4.75,19.0,25793.75,25668.25,1767191400,0,open_30m,pdl_sweep,,1767191400,1767191400,2025-12-31,3207.0
8.285714285714286,NQH6,NQ|NQH6|PDH|2026-01-02|1767364200,"{""pdh_pdl_source_date"": ""2025-12-31"", ""session"": ""RTH_0930_1600"", ""contract"": ""NQH6""}",25728.75,REVERSAL,25692.0,41.5,,33.0,,True,True,4.435344827586206,,36.75,147.0,25692.0,25444.5,1767364200,0,open_30m,pdh_sweep,,1767364200,1767364200,2026-01-02,5928.0
27.392857142857142,NQH6,NQ|NQH6|PDL|2026-01-02|1767369120,"{""pdh_pdl_source_date"": ""2025-12-31"", ""session"": ""RTH_0930_1600"", ""contract"": ""NQH6""}",25442.25,REVERSAL,25444.5,-0.75,26.375,31.5,78.25,False,False,0.08213820078226858,0.08530805687203792,2.25,9.0,25692.0,25444.5,1767364200,4920,midday,pdl_sweep,False,1767369120,1767369120,2026-01-02,3175.0
25.035714285714285,NQH6,NQ|NQH6|PDH|2026-01-06|1767710820,"{""pdh_pdl_source_date"": ""2026-01-05"", ""session"": ""RTH_0930_1600"", ""contract"": ""NQH6""}",25718.75,REVERSAL,25708.0,4.75,27.625,18.0,,True,True,0.42938659058487877,0.3891402714932127,10.75,43.0,25708.0,25538.5,1767709800,1020,open_30m,pdh_sweep,,1767710820,1767710820,2026-01-06,2823.0
18.089285714285715,NQH6,NQ|NQH6|PDH|2026-01-07|1767796800,"{""pdh_pdl_source_date"": ""2026-01-06"", ""session"": ""RTH_0930_1600"", ""contract"": ""NQH6""}",25838.25,AMBIGUOUS,25837.75,26.5,20.75,10.75,,True,True,0.02764067127344521,0.024096385542168676,0.5,2.0,25837.75,25608.0,1767796200,600,open_30m,pdh_sweep,,1767796800,1767796800,2026-01-07,1622.0
7.321428571428571,NQH6,NQ|NQH6|PDL|2026-01-08|1767882600,"{""pdh_pdl_source_date"": ""2026-01-07"", ""session"": ""RTH_0930_1600"", ""contract"": ""NQH6""}",25745.5,CONTINUATION,25771.0,-41.5,,0.0,,True,True,3.4829268292682927,,25.5,102.0,25996.25,25771.0,1767882600,0,open_30m,pdl_sweep,,1767882600,1767882600,2026-01-08,6988.0
5.428571428571429,NQH6,NQ|NQH6|PDH|2026-01-12|1768241100,"{""pdh_pdl_source_date"": ""2026-01-09"", ""session"": ""RTH_0930_1600"", ""contract"": ""NQH6""}",25988.25,NEITHER,25985.5,7.0,4.875,5.0,150.0,False,False,0.506578947368421,0.5641025641025641,2.75,11.0,25985.5,25615.5,1768228200,12900,midday,pdh_sweep,True,1768241100,1768241100,2026-01-12,2246.0
10.428571428571429,NQH6,NQ|NQH6|PDL|2026-01-14|1768401000,"{""pdh_pdl_source_date"": ""2026-01-13"", ""session"": ""RTH_0930_1600"", ""contract"": ""NQH6""}",25713.5,CONTINUATION,25803.25,-129.5,,0.0,,True,True,8.606164383561644,,89.75,359.0,26042.75,25803.25,1768401000,0,open_30m,pdl_sweep,,1768401000,1768401000,2026-01-14,6404.0
10.875,NQH6,NQ|NQH6|PDH|2026-01-15|1768487400,"{""pdh_pdl_source_date"": ""2026-01-14"", ""session"": ""RTH_0930_1600"", ""contract"": ""NQH6""}",25946.25,NEITHER,25790.25,142.0,,0.0,,True,True,14.344827586206897,,156.0,624.0,25790.25,25420.75,1768487400,0,open_30m,pdh_sweep,,1768487400,1768487400,2026-01-15,7453.0
17.5,NQH6,NQ|NQH6|PDL|2026-01-16|1768576740,"{""pdh_pdl_source_date"": ""2026-01-15"", ""session"": ""RTH_0930_1600"", ""contract"": ""NQH6""}",25667.25,REVERSAL,25676.5,-2.25,16.625,12.0,-140.5,False,True,0.5285714285714286,0.556390977443609,9.25,37.0,25952.75,25676.5,1768573800,2940,open_60m,pdl_sweep,True,1768576740,1768576740,2026-01-16,3525.0
13.732142857142858,NQH6,NQ|NQH6|PDL|2026-01-20|1768919400,"{""pdh_pdl_source_date"": ""2026-01-16"", ""session"": ""RTH_0930_1600"", ""contract"": ""NQH6""}",25242.0,NEITHER,25591.5,-357.75,,0.0,,True,True,25.451235370611183,,349.5,1398.0,25891.0,25591.5,1768919400,0,open_30m,pdl_sweep,,1768919400,1768919400,2026-01-20,9372.0
19.0,NQH6,NQ|NQH6|PDH|2026-01-21|1769009700,"{""pdh_pdl_source_date"": ""2026-01-20"", ""session"": ""RTH_0930_1600"", ""contract"": ""NQH6""}",25439.0,NEITHER,25429.75,20.25,15.875,2.75,132.5,False,False,0.4868421052631579,0.5826771653543307,9.25,37.0,25429.75,25098.0,1769005800,3900,midday,pdh_sweep,True,1769009700,1769009700,2026-01-21,1901.0
8.892857142857142,NQH6,NQ|NQH6|PDH|2026-01-22|1769092200,"{""pdh_pdl_source_date"": ""2026-01-21"", ""session"": ""RTH_0930_1600"", ""contract"": ""NQH6""}",25731.75,NEITHER,25653.5,52.25,,0.0,,True,True,8.799196787148595,,78.25,313.0,25653.5,25127.5,1769092200,0,open_30m,pdh_sweep,,1769092200,1769092200,2026-01-22,6224.0
18.589285714285715,NQH6,NQ|NQH6|PDH|2026-01-23|1769181720,"{""pdh_pdl_source_date"": ""2026-01-22"", ""session"": ""RTH_0930_1600"", ""contract"": ""NQH6""}",25756.0,NEITHER,25731.75,31.75,15.875,0.0,68.75,False,True,1.3045148895292986,1.5275590551181102,24.25,97.0,25731.75,25536.75,1769178600,3120,open_60m,pdh_sweep,True,1769181720,1769181720,2026-01-23,3794.0
16.75,NQH6,NQ|NQH6|PDH|2026-01-26|1769439420,"{""pdh_pdl_source_date"": ""2026-01-23"", ""session"": ""RTH_0930_1600"", ""contract"": ""NQH6""}",25849.75,REVERSAL,25845.75,7.75,16.75,8.0,,True,True,0.23880597014925373,0.23880597014925373,4.0,16.0,25845.75,25562.5,1769437800,1620,open_30m,pdh_sweep,,1769439420,1769439420,2026-01-26,2164.0
8.625,NQH6,NQ|NQH6|PDH|2026-01-27|1769524200,"{""pdh_pdl_source_date"": ""2026-01-26"", ""session"": ""RTH_0930_1600"", ""contract"": ""NQH6""}",25988.25,CONTINUATION,25936.5,70.75,,0.0,,True,True,6.0,,51.75,207.0,25936.5,25704.25,1769524200,0,open_30m,pdh_sweep,,1769524200,1769524200,2026-01-27,6824.0
8.339285714285714,NQH6,NQ|NQH6|PDH|2026-01-28|1769610600,"{""pdh_pdl_source_date"": ""2026-01-27"", ""session"": ""RTH_0930_1600"", ""contract"": ""NQH6""}",26268.75,CONTINUATION,26114.25,169.0,,0.0,,True,True,18.526766595289082,,154.5,618.0,26114.25,25917.25,1769610600,0,open_30m,pdh_sweep,,1769610600,1769610600,2026-01-28,6513.0
18.464285714285715,NQH6,NQ|NQH6|PDL|2026-01-29|1769697240,"{""pdh_pdl_source_date"": ""2026-01-28"", ""session"": ""RTH_0930_1600"", ""contract"": ""NQH6""}",26083.5,AMBIGUOUS,26100.75,-43.0,37.25,0.0,,True,True,0.9342359767891683,0.46308724832214765,17.25,69.0,26301.0,26100.75,1769697000,240,open_30m,pdl_sweep,,1769697240,1769697240,2026-01-29,3373.0
9.5,NQH6,NQ|NQH6|PDL|2026-02-02|1770042600,"{""pdh_pdl_source_date"": ""2026-01-30"", ""session"": ""RTH_0930_1600"", ""contract"": ""NQH6""}",25539.75,REVERSAL,25568.75,0.0,,66.5,,True,True,3.0526315789473686,,29.0,116.0,25940.0,25568.75,1770042600,0,open_30m,pdl_sweep,,1770042600,1770042600,2026-02-02,7883.0
6.642857142857143,NQH6,NQ|NQH6|PDH|2026-02-02|1770054960,"{""pdh_pdl_source_date"": ""2026-01-30"", ""session"": ""RTH_0930_1600"", ""contract"": ""NQH6""}",25941.75,REVERSAL,25940.0,0.0,6.125,11.0,200.75,False,False,0.26344086021505375,0.2857142857142857,1.75,7.0,25940.0,25568.75,1770042600,12360,midday,pdh_sweep,True,1770054960,1770054960,2026-02-02,962.0
8.928571428571429,NQH6,NQ|NQH6|PDH|2026-02-03|1770129000,"{""pdh_pdl_source_date"": ""2026-02-02"", ""session"": ""RTH_0930_1600"", ""contract"": ""NQH6""}",25952.25,REVERSAL,25949.5,0.0,,65.25,,True,True,0.308,,2.75,11.0,25949.5,25539.75,1770129000,0,open_30m,pdh_sweep,,1770129000,1770129000,2026-02-03,6178.0
35.589285714285715,NQH6,NQ|NQH6|PDL|2026-02-03|1770131580,"{""pdh_pdl_source_date"": ""2026-02-02"", ""session"": ""RTH_0930_1600"", ""contract"": ""NQH6""}",25534.75,REVERSAL,25539.75,-9.75,32.375,19.75,-325.0,False,True,0.14049172102358254,0.15444015444015444,5.0,20.0,25949.5,25539.75,1770129000,2580,open_60m,pdl_sweep,True,1770131580,1770131580,2026-02-03,3196.0
41.25,NQH6,NQ|NQH6|PDL|2026-02-04|1770217080,"{""pdh_pdl_source_date"": ""2026-02-03"", ""session"": ""RTH_0930_1600"", ""contract"": ""NQH6""}",25191.25,CONTINUATION,25219.0,-72.5,36.75,0.0,,True,True,0.6727272727272727,0.7551020408163265,27.75,111.0,25952.25,25219.0,1770215400,1680,open_30m,pdl_sweep,,1770217080,1770217080,2026-02-04,2708.0
21.321428571428573,NQH6,NQ|NQH6|PDL|2026-02-05|1770301800,"{""pdh_pdl_source_date"": ""2026-02-04"", ""session"": ""RTH_0930_1600"", ""contract"": ""NQH6""}",24691.5,CONTINUATION,24783.5,-105.0,,0.0,,True,True,4.314907872696817,,92.0,368.0,25390.0,24783.5,1770301800,0,open_30m,pdl_sweep,,1770301800,1770301800,2026-02-05,8644.0
40.089285714285715,NQH6,NQ|NQH6|PDH|2026-02-06|1770389460,"{""pdh_pdl_source_date"": ""2026-02-05"", ""session"": ""RTH_0930_1600"", ""contract"": ""NQH6""}",24980.75,REVERSAL,24960.75,23.25,41.5,31.25,,True,True,0.4988864142538975,0.4819277108433735,20.0,80.0,24960.75,24543.25,1770388200,1260,open_30m,pdh_sweep,,1770389460,1770389460,2026-02-06,3610.0
26.196428571428573,NQH6,NQ|NQH6|PDH|2026-02-09|1770650100,"{""pdh_pdl_source_date"": ""2026-02-06"", ""session"": ""RTH_0930_1600"", ""contract"": ""NQH6""}",25235.5,NEITHER,25222.0,21.25,22.5,3.75,53.75,False,True,0.5153374233128835,0.6,13.5,54.0,25222.0,24700.75,1770647400,2700,open_60m,pdh_sweep,True,1770650100,1770650100,2026-02-09,1688.0
19.535714285714285,NQH6,NQ|NQH6|PDH|2026-02-10|1770735960,"{""pdh_pdl_source_date"": ""2026-02-09"", ""session"": ""RTH_0930_1600"", ""contract"": ""NQH6""}",25443.5,NEITHER,25428.75,18.5,17.5,4.75,8.0,False,True,0.7550274223034735,0.8428571428571429,14.75,59.0,25428.75,24955.5,1770733800,2160,open_60m,pdh_sweep,True,1770735960,1770735960,2026-02-10,3426.0
25.053571428571427,NQH6,NQ|NQH6|PDL|2026-02-12|1770911640,"{""pdh_pdl_source_date"": ""2026-02-11"", ""session"": ""RTH_0930_1600"", ""contract"": ""NQH6""}",25052.0,CONTINUATION,25058.25,-22.25,23.625,3.75,-158.25,False,False,0.24946543121881684,0.26455026455026454,6.25,25.0,25465.25,25058.25,1770906600,5040,midday,pdl_sweep,True,1770911640,1770911640,2026-02-12,2679.0
42.517857142857146,NQH6,NQ|NQH6|PDL|2026-02-17|1771339800,"{""pdh_pdl_source_date"": ""2026-02-13"", ""session"": ""RTH_0930_1600"", ""contract"": ""NQH6""}",24568.75,AMBIGUOUS,24578.75,-22.75,40.375,18.0,,True,True,0.2351952960940781,0.2476780185758514,10.0,40.0,24995.5,24578.75,1771338600,1200,open_30m,pdl_sweep,,1771339800,1771339800,2026-02-17,4910.0
38.214285714285715,NQH6,NQ|NQH6|PDH|2026-02-18|1771426440,"{""pdh_pdl_source_date"": ""2026-02-17"", ""session"": ""RTH_0930_1600"", ""contract"": ""NQH6""}",24894.5,AMBIGUOUS,24889.75,19.25,34.25,6.25,,True,True,0.12429906542056074,0.1386861313868613,4.75,19.0,24889.75,24449.25,1771425000,1440,open_30m,pdh_sweep,,1771426440,1771426440,2026-02-18,3344.0
17.928571428571427,NQH6,NQ|NQH6|PDL|2026-02-19|1771525200,"{""pdh_pdl_source_date"": ""2026-02-18"", ""session"": ""RTH_0930_1600"", ""contract"": ""NQH6""}",24749.0,REVERSAL,24752.0,0.0,17.625,16.5,34.25,False,False,0.16733067729083667,0.1702127659574468,3.0,12.0,25128.25,24752.0,1771511400,13800,midday,pdl_sweep,False,1771525200,1771525200,2026-02-19,2156.0
13.928571428571429,NQH6,NQ|NQH6|PDL|2026-02-20|1771597800,"{""pdh_pdl_source_date"": ""2026-02-19"", ""session"": ""RTH_0930_1600"", ""contract"": ""NQH6""}",24678.5,REVERSAL,24749.0,-30.25,,38.0,,True,True,5.061538461538461,,70.5,282.0,24959.5,24749.0,1771597800,0,open_30m,pdl_sweep,,1771597800,1771597800,2026-02-20,6321.0
31.410714285714285,NQH6,NQ|NQH6|PDH|2026-02-20|1771599660,"{""pdh_pdl_source_date"": ""2026-02-19"", ""session"": ""RTH_0930_1600"", ""contract"": ""NQH6""}",25077.25,REVERSAL,24959.5,123.5,26.875,14.25,212.5,False,True,3.7487208641273453,4.381395348837209,117.75,471.0,24959.5,24749.0,1771597800,1860,open_60m,pdh_sweep,True,1771599660,1771599660,2026-02-20,9186.0
19.571428571428573,NQH6,NQ|NQH6|PDL|2026-02-23|1771862880,"{""pdh_pdl_source_date"": ""2026-02-20"", ""session"": ""RTH_0930_1600"", ""contract"": ""NQH6""}",24674.25,REVERSAL,24678.5,-6.75,19.625,9.0,-74.0,False,False,0.21715328467153283,0.21656050955414013,4.25,17.0,25139.5,24678.5,1771857000,5880,midday,pdl_sweep,True,1771862880,1771862880,2026-02-23,2456.0
15.857142857142858,NQH6,NQ|NQH6|PDH|2026-02-24|1771949580,"{""pdh_pdl_source_date"": ""2026-02-23"", ""session"": ""RTH_0930_1600"", ""contract"": ""NQH6""}",25047.25,REVERSAL,25040.0,6.75,15.25,9.25,26.75,False,False,0.4572072072072072,0.47540983606557374,7.25,29.0,25040.0,24668.0,1771943400,6180,midday,pdh_sweep,True,1771949580,1771949580,2026-02-24,1871.0
8.196428571428571,NQH6,NQ|NQH6|PDH|2026-02-25|1772029800,"{""pdh_pdl_source_date"": ""2026-02-24"", ""session"": ""RTH_0930_1600"", ""contract"": ""NQH6""}",25220.0,CONTINUATION,25078.75,155.0,,0.0,,True,True,17.233115468409586,,141.25,565.0,25078.75,24694.5,1772029800,0,open_30m,pdh_sweep,,1772029800,1772029800,2026-02-25,6619.0
26.571428571428573,NQH6,NQ|NQH6|PDL|2026-02-26|1772118060,"{""pdh_pdl_source_date"": ""2026-02-25"", ""session"": ""RTH_0930_1600"", ""contract"": ""NQH6""}",25134.25,REVERSAL,25156.75,-15.5,25.875,23.75,-166.0,False,True,0.846774193548387,0.8695652173913043,22.5,90.0,25396.5,25156.75,1772116200,1860,open_60m,pdl_sweep,True,1772118060,1772118060,2026-02-26,3767.0
13.071428571428571,NQH6,NQ|NQH6|PDL|2026-02-27|1772202600,"{""pdh_pdl_source_date"": ""2026-02-26"", ""session"": ""RTH_0930_1600"", ""contract"": ""NQH6""}",24807.5,REVERSAL,24861.75,-56.75,,21.25,,True,True,4.150273224043716,,54.25,217.0,25342.0,24861.75,1772202600,0,open_30m,pdl_sweep,,1772202600,1772202600,2026-02-27,5747.0
12.803571428571429,NQH6,NQ|NQH6|PDL|2026-03-02|1772461800,"{""pdh_pdl_source_date"": ""2026-02-27"", ""session"": ""RTH_0930_1600"", ""contract"": ""NQH6""}",24605.0,REVERSAL,24782.0,-98.5,,27.0,,True,True,13.824267782426778,,177.0,708.0,25036.75,24782.0,1772461800,0,open_30m,pdl_sweep,,1772461800,1772461800,2026-03-02,6385.0
21.267857142857142,NQH6,NQ|NQH6|PDH|2026-03-02|1772470020,"{""pdh_pdl_source_date"": ""2026-02-27"", ""session"": ""RTH_0930_1600"", ""contract"": ""NQH6""}",25037.75,REVERSAL,25036.75,3.0,19.375,29.75,161.0,False,False,0.047019311502938706,0.05161290322580645,1.0,4.0,25036.75,24782.0,1772461800,8220,midday,pdh_sweep,True,1772470020,1772470020,2026-03-02,2274.0
20.392857142857142,NQH6,NQ|NQH6|PDL|2026-03-03|1772548200,"{""pdh_pdl_source_date"": ""2026-03-02"", ""session"": ""RTH_0930_1600"", ""contract"": ""NQH6""}",24515.25,REVERSAL,24605.0,-45.0,,22.0,,True,True,4.4010507880910685,,89.75,359.0,25101.0,24605.0,1772548200,0,open_30m,pdl_sweep,,1772548200,1772548200,2026-03-03,6308.0
14.089285714285714,NQH6,NQ|NQH6|PDH|2026-03-04|1772634600,"{""pdh_pdl_source_date"": ""2026-03-03"", ""session"": ""RTH_0930_1600"", ""contract"": ""NQH6""}",24955.5,CONTINUATION,24850.0,118.5,,0.0,,True,True,7.487959442332066,,105.5,422.0,24850.0,24352.0,1772634600,0,open_30m,pdh_sweep,,1772634600,1772634600,2026-03-04,7319.0
27.285714285714285,NQH6,NQ|NQH6|PDL|2026-03-05|1772732880,"{""pdh_pdl_source_date"": ""2026-03-04"", ""session"": ""RTH_0930_1600"", ""contract"": ""NQH6""}",24819.0,REVERSAL,24826.0,-18.5,22.5,9.5,216.75,False,False,0.25654450261780104,0.3111111111111111,7.0,28.0,25217.75,24826.0,1772721000,11880,midday,pdl_sweep,False,1772732880,1772732880,2026-03-05,1792.0
15.642857142857142,NQH6,NQ|NQH6|PDL|2026-03-09|1773063000,"{""pdh_pdl_source_date"": ""2026-03-06"", ""session"": ""RTH_0930_1600"", ""contract"": ""NQH6""}",24424.0,NEITHER,24601.0,-160.5,,0.0,,True,True,11.315068493150685,,177.0,708.0,24926.25,24601.0,1773063000,0,open_30m,pdl_sweep,,1773063000,1773063000,2026-03-09,6895.0
39.589285714285715,NQH6,NQ|NQH6|PDH|2026-03-09|1773084420,"{""pdh_pdl_source_date"": ""2026-03-06"", ""session"": ""RTH_0930_1600"", ""contract"": ""NQH6""}",24930.0,AMBIGUOUS,24926.25,21.25,42.625,44.0,-58.0,False,False,0.09472259810554803,0.08797653958944282,3.75,15.0,24926.25,24601.0,1773063000,21420,afternoon,pdh_sweep,False,1773084420,1773084420,2026-03-09,2283.0
12.571428571428571,NQH6,NQ|NQH6|PDH|2026-03-10|1773149400,"{""pdh_pdl_source_date"": ""2026-03-09"", ""session"": ""RTH_0930_1600"", ""contract"": ""NQH6""}",25066.5,REVERSAL,25058.0,13.0,,29.5,,True,True,0.6761363636363636,,8.5,34.0,25058.0,24313.0,1773149400,0,open_30m,pdh_sweep,,1773149400,1773149400,2026-03-10,5569.0
18.642857142857142,NQH6,NQ|NQH6|PDL|2026-03-12|1773322200,"{""pdh_pdl_source_date"": ""2026-03-11"", ""session"": ""RTH_0930_1600"", ""contract"": ""NQH6""}",24765.75,CONTINUATION,24873.5,-130.5,,0.0,,True,True,5.7796934865900385,,107.75,431.0,25180.0,24873.5,1773322200,0,open_30m,pdl_sweep,,1773322200,1773322200,2026-03-12,4993.0
25.625,NQH6,NQ|NQH6|PDL|2026-03-13|1773413580,"{""pdh_pdl_source_date"": ""2026-03-12"", ""session"": ""RTH_0930_1600"", ""contract"": ""NQH6""}",24539.75,REVERSAL,24542.75,0.0,23.875,23.75,107.0,False,False,0.11707317073170732,0.1256544502617801,3.0,12.0,24834.5,24542.75,1773408600,4980,midday,pdl_sweep,False,1773413580,1773413580,2026-03-13,1896.0
14.446428571428571,NQH6,NQ|NQH6|PDH|2026-03-16|1773688200,"{""pdh_pdl_source_date"": ""2026-03-13"", ""session"": ""RTH_0930_1600"", ""contract"": ""NQH6""}",24816.25,REVERSAL,24805.25,0.0,7.5,65.75,54.75,False,False,0.7614338689740421,1.4666666666666666,11.0,44.0,24805.25,24350.5,1773667800,20400,afternoon,pdh_sweep,True,1773688200,1773688200,2026-03-16,2272.0
16.232142857142858,NQM6,NQ|NQM6|PDH|2026-03-17|1773754320,"{""pdh_pdl_source_date"": ""2026-03-16"", ""session"": ""RTH_0930_1600"", ""contract"": ""NQM6""}",25059.5,CONTINUATION,25035.0,37.75,41.125,0.0,,True,True,1.5093509350935093,0.5957446808510638,24.5,98.0,25035.0,24832.25,1773754200,120,open_30m,pdh_sweep,,1773754320,1773754320,2026-03-17,3430.0
12.589285714285714,NQM6,NQ|NQM6|PDL|2026-03-18|1773840600,"{""pdh_pdl_source_date"": ""2026-03-17"", ""session"": ""RTH_0930_1600"", ""contract"": ""NQM6""}",24920.0,CONTINUATION,24946.25,-42.0,,0.0,,True,True,2.0851063829787235,,26.25,105.0,25117.0,24946.25,1773840600,0,open_30m,pdl_sweep,,1773840600,1773840600,2026-03-18,5286.0
24.375,NQM6,NQ|NQM6|PDL|2026-03-19|1773927000,"{""pdh_pdl_source_date"": ""2026-03-18"", ""session"": ""RTH_0930_1600"", ""contract"": ""NQM6""}",24329.5,NEITHER,24641.75,-306.75,,0.0,,True,True,12.810256410256411,,312.25,1249.0,24998.25,24641.75,1773927000,0,open_30m,pdl_sweep,,1773927000,1773927000,2026-03-19,7064.0
30.571428571428573,NQM6,NQ|NQM6|PDL|2026-03-20|1774014960,"{""pdh_pdl_source_date"": ""2026-03-19"", ""session"": ""RTH_0930_1600"", ""contract"": ""NQM6""}",24325.25,CONTINUATION,24326.75,-43.75,26.25,4.5,,True,True,0.04906542056074766,0.05714285714285714,1.5,6.0,24691.5,24326.75,1774013400,1560,open_30m,pdl_sweep,,1774014960,1774014960,2026-03-20,1230.0
21.267857142857142,NQM6,NQ|NQM6|PDH|2026-03-23|1774272600,"{""pdh_pdl_source_date"": ""2026-03-20"", ""session"": ""RTH_0930_1600"", ""contract"": ""NQM6""}",24516.5,REVERSAL,24491.25,15.5,,36.0,,True,True,1.1872376154492024,,25.25,101.0,24491.25,23971.25,1774272600,0,open_30m,pdh_sweep,,1774272600,1774272600,2026-03-23,5944.0
16.339285714285715,NQM6,NQ|NQM6|PDL|2026-03-24|1774359000,"{""pdh_pdl_source_date"": ""2026-03-23"", ""session"": ""RTH_0930_1600"", ""contract"": ""NQM6""}",24227.0,REVERSAL,24308.5,-65.75,,9.0,,True,True,4.987978142076503,,81.5,326.0,24690.0,24308.5,1774359000,0,open_30m,pdl_sweep,,1774359000,1774359000,2026-03-24,4628.0
11.875,NQM6,NQ|NQM6|PDH|2026-03-25|1774445400,"{""pdh_pdl_source_date"": ""2026-03-24"", ""session"": ""RTH_0930_1600"", ""contract"": ""NQM6""}",24470.0,NEITHER,24385.25,93.25,,0.0,,True,True,7.136842105263158,,84.75,339.0,24385.25,24134.0,1774445400,0,open_30m,pdh_sweep,,1774445400,1774445400,2026-03-25,4312.0
11.339285714285714,NQM6,NQ|NQM6|PDL|2026-03-26|1774531800,"{""pdh_pdl_source_date"": ""2026-03-25"", ""session"": ""RTH_0930_1600"", ""contract"": ""NQM6""}",24094.25,NEITHER,24286.5,-198.0,,0.0,,True,True,16.95433070866142,,192.25,769.0,24526.0,24286.5,1774531800,0,open_30m,pdl_sweep,,1774531800,1774531800,2026-03-26,5056.0
14.196428571428571,NQM6,NQ|NQM6|PDL|2026-03-27|1774618200,"{""pdh_pdl_source_date"": ""2026-03-26"", ""session"": ""RTH_0930_1600"", ""contract"": ""NQM6""}",23629.75,CONTINUATION,23775.0,-162.25,,0.0,,True,True,10.231446540880503,,145.25,581.0,24242.5,23775.0,1774618200,0,open_30m,pdl_sweep,,1774618200,1774618200,2026-03-27,4264.0
22.767857142857142,NQM6,NQ|NQM6|PDL|2026-03-30|1774881840,"{""pdh_pdl_source_date"": ""2026-03-27"", ""session"": ""RTH_0930_1600"", ""contract"": ""NQM6""}",23262.25,REVERSAL,23269.0,0.0,21.25,20.0,-187.5,False,False,0.2964705882352941,0.3176470588235294,6.75,27.0,23664.0,23269.0,1774877400,4440,midday,pdl_sweep,True,1774881840,1774881840,2026-03-30,1641.0
28.928571428571427,NQM6,NQ|NQM6|PDH|2026-03-31|1774965180,"{""pdh_pdl_source_date"": ""2026-03-30"", ""session"": ""RTH_0930_1600"", ""contract"": ""NQM6""}",23543.75,AMBIGUOUS,23538.25,23.75,26.875,0.0,,True,True,0.19012345679012346,0.20465116279069767,5.5,22.0,23538.25,23024.5,1774963800,1380,open_30m,pdh_sweep,,1774965180,1774965180,2026-03-31,1964.0
15.553571428571429,NQM6,NQ|NQM6|PDH|2026-04-01|1775050200,"{""pdh_pdl_source_date"": ""2026-03-31"", ""session"": ""RTH_0930_1600"", ""contract"": ""NQM6""}",24100.75,CONTINUATION,23975.25,151.0,,0.0,,True,True,8.068886337543054,,125.5,502.0,23975.25,23376.5,1775050200,0,open_30m,pdh_sweep,,1775050200,1775050200,2026-04-01,4745.0
13.446428571428571,NQM6,NQ|NQM6|PDL|2026-04-02|1775136600,"{""pdh_pdl_source_date"": ""2026-04-01"", ""session"": ""RTH_0930_1600"", ""contract"": ""NQM6""}",23762.75,NEITHER,24043.25,-280.25,,0.0,,True,True,20.860557768924302,,280.5,1122.0,24348.25,24043.25,1775136600,0,open_30m,pdl_sweep,,1775136600,1775136600,2026-04-02,5046.0
11.464285714285714,NQM6,NQ|NQM6|PDH|2026-04-06|1775482200,"{""pdh_pdl_source_date"": ""2026-04-02"", ""session"": ""RTH_0930_1600"", ""contract"": ""NQM6""}",24329.75,CONTINUATION,24266.75,84.75,,0.0,,True,True,5.4953271028037385,,63.0,252.0,24266.75,23678.0,1775482200,0,open_30m,pdh_sweep,,1775482200,1775482200,2026-04-06,4503.0
15.107142857142858,NQM6,NQ|NQM6|PDL|2026-04-07|1775568660,"{""pdh_pdl_source_date"": ""2026-04-06"", ""session"": ""RTH_0930_1600"", ""contract"": ""NQM6""}",24198.0,REVERSAL,24202.75,0.0,65.75,35.75,,True,True,0.3144208037825059,0.07224334600760456,4.75,19.0,24452.25,24202.75,1775568600,60,open_30m,pdl_sweep,,1775568660,1775568660,2026-04-07,2622.0
12.428571428571429,NQM6,NQ|NQM6|PDH|2026-04-08|1775655000,"{""pdh_pdl_source_date"": ""2026-04-07"", ""session"": ""RTH_0930_1600"", ""contract"": ""NQM6""}",25249.75,NEITHER,24381.0,813.0,,0.0,,True,True,69.89942528735632,,868.75,3475.0,24381.0,23941.5,1775655000,0,open_30m,pdh_sweep,,1775655000,1775655000,2026-04-08,6707.0
14.732142857142858,NQM6,NQ|NQM6|PDH|2026-04-09|1775750580,"{""pdh_pdl_source_date"": ""2026-04-08"", ""session"": ""RTH_0930_1600"", ""contract"": ""NQM6""}",25265.75,REVERSAL,25249.75,5.25,12.5,15.75,-62.5,False,False,1.086060606060606,1.28,16.0,64.0,25249.75,24926.5,1775741400,9180,midday,pdh_sweep,False,1775750580,1775750580,2026-04-09,3299.0
8.964285714285714,NQM6,NQ|NQM6|PDL|2026-04-13|1776087000,"{""pdh_pdl_source_date"": ""2026-04-10"", ""session"": ""RTH_0930_1600"", ""contract"": ""NQM6""}",25215.75,AMBIGUOUS,25222.25,-20.25,,7.5,,True,True,0.7250996015936255,,6.5,26.0,25393.0,25222.25,1776087000,0,open_30m,pdl_sweep,,1776087000,1776087000,2026-04-13,5205.0
14.160714285714286,NQM6,NQ|NQM6|PDH|2026-04-13|1776097740,"{""pdh_pdl_source_date"": ""2026-04-10"", ""session"": ""RTH_0930_1600"", ""contract"": ""NQM6""}",25396.5,REVERSAL,25393.0,0.0,13.5,14.25,107.25,False,False,0.24716267339218156,0.25925925925925924,3.5,14.0,25393.0,25222.25,1776087000,10740,midday,pdh_sweep,True,1776097740,1776097740,2026-04-13,2819.0
8.267857142857142,NQM6,NQ|NQM6|PDH|2026-04-14|1776173400,"{""pdh_pdl_source_date"": ""2026-04-13"", ""session"": ""RTH_0930_1600"", ""contract"": ""NQM6""}",25707.75,CONTINUATION,25550.25,171.75,,0.0,,True,True,19.04967602591793,,157.5,630.0,25550.25,25160.0,1776173400,0,open_30m,pdh_sweep,,1776173400,1776173400,2026-04-14,5413.0
8.892857142857142,NQM6,NQ|NQM6|PDH|2026-04-15|1776259800,"{""pdh_pdl_source_date"": ""2026-04-14"", ""session"": ""RTH_0930_1600"", ""contract"": ""NQM6""}",26040.5,REVERSAL,26003.25,28.75,,8.0,,True,True,4.188755020080322,,37.25,149.0,26003.25,25656.0,1776259800,0,open_30m,pdh_sweep,,1776259800,1776259800,2026-04-15,5190.0
11.107142857142858,NQM6,NQ|NQM6|PDH|2026-04-16|1776346200,"{""pdh_pdl_source_date"": ""2026-04-15"", ""session"": ""RTH_0930_1600"", ""contract"": ""NQM6""}",26453.25,REVERSAL,26377.5,23.0,,9.75,,True,True,6.819935691318328,,75.75,303.0,26377.5,25982.25,1776346200,0,open_30m,pdh_sweep,,1776346200,1776346200,2026-04-16,6638.0
21.642857142857142,NQM6,NQ|NQM6|PDH|2026-04-17|1776432600,"{""pdh_pdl_source_date"": ""2026-04-16"", ""session"": ""RTH_0930_1600"", ""contract"": ""NQM6""}",26720.25,NEITHER,26564.0,156.0,,0.0,,True,True,7.2194719471947195,,156.25,625.0,26564.0,26275.5,1776432600,0,open_30m,pdh_sweep,,1776432600,1776432600,2026-04-17,7819.0
17.035714285714285,NQM6,NQ|NQM6|PDL|2026-04-20|1776696660,"{""pdh_pdl_source_date"": ""2026-04-17"", ""session"": ""RTH_0930_1600"", ""contract"": ""NQM6""}",26611.25,REVERSAL,26629.5,0.0,17.0,51.25,-13.25,False,False,1.0712788259958073,1.0735294117647058,18.25,73.0,26884.75,26629.5,1776691800,4860,midday,pdl_sweep,True,1776696660,1776696660,2026-04-20,8505.0
19.232142857142858,NQM6,NQ|NQM6|PDH|2026-04-21|1776779880,"{""pdh_pdl_source_date"": ""2026-04-20"", ""session"": ""RTH_0930_1600"", ""contract"": ""NQM6""}",26830.25,REVERSAL,26827.75,11.25,17.75,9.25,,True,True,0.12999071494893222,0.14084507042253522,2.5,10.0,26827.75,26568.75,1776778200,1680,open_30m,pdh_sweep,,1776779880,1776779880,2026-04-21,1689.0
25.142857142857142,NQM6,NQ|NQM6|PDL|2026-04-21|1776800640,"{""pdh_pdl_source_date"": ""2026-04-20"", ""session"": ""RTH_0930_1600"", ""contract"": ""NQM6""}",26551.75,REVERSAL,26568.75,0.0,15.875,34.0,37.5,False,False,0.6761363636363636,1.0708661417322836,17.0,68.0,26827.75,26568.75,1776778200,22440,afternoon,pdl_sweep,False,1776800640,1776800640,2026-04-21,3461.0
15.25,NQM6,NQ|NQM6|PDH|2026-04-22|1776864600,"{""pdh_pdl_source_date"": ""2026-04-21"", ""session"": ""RTH_0930_1600"", ""contract"": ""NQM6""}",26892.75,REVERSAL,26885.25,0.0,,30.25,,True,True,0.4918032786885246,,7.5,30.0,26885.25,26551.75,1776864600,0,open_30m,pdh_sweep,,1776864600,1776864600,2026-04-22,5083.0
20.125,NQM6,NQ|NQM6|PDH|2026-04-23|1776952080,"{""pdh_pdl_source_date"": ""2026-04-22"", ""session"": ""RTH_0930_1600"", ""contract"": ""NQM6""}",27102.75,REVERSAL,27093.0,0.0,19.375,21.0,,True,True,0.484472049689441,0.5032258064516129,9.75,39.0,27093.0,26811.5,1776951000,1080,open_30m,pdh_sweep,,1776952080,1776952080,2026-04-23,2086.0
32.714285714285715,NQM6,NQ|NQM6|PDL|2026-04-23|1776966060,"{""pdh_pdl_source_date"": ""2026-04-22"", ""session"": ""RTH_0930_1600"", ""contract"": ""NQM6""}",26781.5,CONTINUATION,26811.5,-56.0,29.625,0.0,-31.25,False,False,0.9170305676855894,1.0126582278481013,30.0,120.0,27093.0,26811.5,1776951000,15060,midday,pdl_sweep,True,1776966060,1776966060,2026-04-23,3202.0
11.464285714285714,NQM6,NQ|NQM6|PDH|2026-04-24|1777037400,"{""pdh_pdl_source_date"": ""2026-04-23"", ""session"": ""RTH_0930_1600"", ""contract"": ""NQM6""}",27223.25,CONTINUATION,27155.75,89.5,,0.0,,True,True,5.88785046728972,,67.5,270.0,27155.75,26681.75,1777037400,0,open_30m,pdh_sweep,,1777037400,1777037400,2026-04-24,6998.0
13.553571428571429,NQM6,NQ|NQM6|PDL|2026-04-28|1777383000,"{""pdh_pdl_source_date"": ""2026-04-27"", ""session"": ""RTH_0930_1600"", ""contract"": ""NQM6""}",27081.5,CONTINUATION,27298.5,-230.25,,0.0,,True,True,16.010540184453227,,217.0,868.0,27454.75,27298.5,1777383000,0,open_30m,pdl_sweep,,1777383000,1777383000,2026-04-28,7642.0
13.285714285714286,NQM6,NQ|NQM6|PDH|2026-04-29|1777472700,"{""pdh_pdl_source_date"": ""2026-04-28"", ""session"": ""RTH_0930_1600"", ""contract"": ""NQM6""}",27252.75,REVERSAL,27252.0,4.5,13.0,10.5,-6.75,False,True,0.056451612903225805,0.057692307692307696,0.75,3.0,27252.0,27009.5,1777469400,3300,open_60m,pdh_sweep,False,1777472700,1777472700,2026-04-29,1224.0
9.785714285714286,NQM6,NQ|NQM6|PDH|2026-04-30|1777555800,"{""pdh_pdl_source_date"": ""2026-04-29"", ""session"": ""RTH_0930_1600"", ""contract"": ""NQM6""}",27491.5,NEITHER,27340.25,101.25,,0.0,,True,True,15.456204379562042,,151.25,605.0,27340.25,27124.25,1777555800,0,open_30m,pdh_sweep,,1777555800,1777555800,2026-04-30,6343.0
9.642857142857142,NQM6,NQ|NQM6|PDH|2026-05-01|1777642200,"{""pdh_pdl_source_date"": ""2026-04-30"", ""session"": ""RTH_0930_1600"", ""contract"": ""NQM6""}",27665.5,CONTINUATION,27622.0,78.25,,0.0,,True,True,4.511111111111111,,43.5,174.0,27622.0,27163.25,1777642200,0,open_30m,pdh_sweep,,1777642200,1777642200,2026-05-01,5714.0
15.446428571428571,NQM6,NQ|NQM6|PDH|2026-05-04|1777905600,"{""pdh_pdl_source_date"": ""2026-05-01"", ""session"": ""RTH_0930_1600"", ""contract"": ""NQM6""}",27918.0,CONTINUATION,27917.0,13.0,13.375,1.25,35.0,False,False,0.06473988439306358,0.07476635514018691,1.0,4.0,27917.0,27617.75,1777901400,4200,midday,pdh_sweep,True,1777905600,1777905600,2026-05-04,852.0
25.75,NQM6,NQ|NQM6|PDL|2026-05-04|1777910880,"{""pdh_pdl_source_date"": ""2026-05-01"", ""session"": ""RTH_0930_1600"", ""contract"": ""NQM6""}",27613.0,REVERSAL,27617.75,0.0,20.875,53.5,35.0,False,False,0.18446601941747573,0.2275449101796407,4.75,19.0,27917.0,27617.75,1777901400,9480,midday,pdl_sweep,False,1777910880,1777910880,2026-05-04,5183.0
7.107142857142857,NQM6,NQ|NQM6|PDH|2026-05-05|1777987800,"{""pdh_pdl_source_date"": ""2026-05-04"", ""session"": ""RTH_0930_1600"", ""contract"": ""NQM6""}",28023.0,NEITHER,27941.0,90.25,,0.0,,True,True,11.537688442211056,,82.0,328.0,27941.0,27613.0,1777987800,0,open_30m,pdh_sweep,,1777987800,1777987800,2026-05-05,5972.0
16.482142857142858,NQM6,NQ|NQM6|PDH|2026-05-06|1778074200,"{""pdh_pdl_source_date"": ""2026-05-05"", ""session"": ""RTH_0930_1600"", ""contract"": ""NQM6""}",28392.0,CONTINUATION,28188.25,231.75,,0.0,,True,True,12.361863488624051,,203.75,815.0,28188.25,27971.0,1778074200,0,open_30m,pdh_sweep,,1778074200,1778074200,2026-05-06,7483.0
8.303571428571429,NQM6,NQ|NQM6|PDH|2026-05-07|1778160600,"{""pdh_pdl_source_date"": ""2026-05-06"", ""session"": ""RTH_0930_1600"", ""contract"": ""NQM6""}",28766.25,NEITHER,28725.75,43.75,,5.0,,True,True,4.877419354838709,,40.5,162.0,28725.75,28336.0,1778160600,0,open_30m,pdh_sweep,,1778160600,1778160600,2026-05-07,5042.0
10.660714285714286,NQM6,NQ|NQM6|PDH|2026-05-11|1778506200,"{""pdh_pdl_source_date"": ""2026-05-08"", ""session"": ""RTH_0930_1600"", ""contract"": ""NQM6""}",29346.0,CONTINUATION,29341.0,45.25,,0.0,,True,True,0.4690117252931323,,5.0,20.0,29341.0,28859.5,1778506200,0,open_30m,pdh_sweep,,1778506200,1778506200,2026-05-11,6848.0
20.107142857142858,NQM6,NQ|NQM6|PDH|2026-05-13|1778683920,"{""pdh_pdl_source_date"": ""2026-05-12"", ""session"": ""RTH_0930_1600"", ""contract"": ""NQM6""}",29297.25,CONTINUATION,29296.0,19.0,19.5,7.25,-118.25,False,False,0.06216696269982238,0.0641025641025641,1.25,5.0,29296.0,28742.0,1778679000,4920,midday,pdh_sweep,False,1778683920,1778683920,2026-05-13,1770.0
20.589285714285715,NQM6,NQ|NQM6|PDH|2026-05-14|1778765700,"{""pdh_pdl_source_date"": ""2026-05-13"", ""session"": ""RTH_0930_1600"", ""contract"": ""NQM6""}",29570.75,REVERSAL,29565.5,7.0,32.75,12.25,,True,True,0.25498699045967044,0.16030534351145037,5.25,21.0,29565.5,29075.0,1778765400,300,open_30m,pdh_sweep,,1778765700,1778765700,2026-05-14,2910.0
19.446428571428573,NQM6,NQ|NQM6|PDL|2026-05-15|1778851800,"{""pdh_pdl_source_date"": ""2026-05-14"", ""session"": ""RTH_0930_1600"", ""contract"": ""NQM6""}",29240.25,CONTINUATION,29458.5,-255.75,,0.0,,True,True,11.223140495867767,,218.25,873.0,29782.0,29458.5,1778851800,0,open_30m,pdl_sweep,,1778851800,1778851800,2026-05-15,7147.0
33.44642857142857,NQM6,NQ|NQM6|PDL|2026-05-18|1779114720,"{""pdh_pdl_source_date"": ""2026-05-15"", ""session"": ""RTH_0930_1600"", ""contract"": ""NQM6""}",29088.25,AMBIGUOUS,29089.75,-47.0,31.875,9.75,-147.0,False,False,0.044847837693539776,0.047058823529411764,1.5,6.0,29486.75,29089.75,1779111000,3720,midday,pdl_sweep,True,1779114720,1779114720,2026-05-18,2731.0
47.892857142857146,NQM6,NQ|NQM6|PDL|2026-05-19|1779199620,"{""pdh_pdl_source_date"": ""2026-05-18"", ""session"": ""RTH_0930_1600"", ""contract"": ""NQM6""}",28768.75,REVERSAL,28814.75,-51.5,47.875,14.5,66.5,False,True,0.9604772557792691,0.9608355091383812,46.0,184.0,29356.25,28814.75,1779197400,2220,open_60m,pdl_sweep,False,1779199620,1779199620,2026-05-19,4241.0
14.517857142857142,NQM6,NQ|NQM6|PDH|2026-05-20|1779283860,"{""pdh_pdl_source_date"": ""2026-05-19"", ""session"": ""RTH_0930_1600"", ""contract"": ""NQM6""}",29135.5,REVERSAL,29126.5,10.0,52.0,16.5,,True,True,0.6199261992619927,0.17307692307692307,9.0,36.0,29126.5,28663.0,1779283800,60,open_30m,pdh_sweep,,1779283860,1779283860,2026-05-20,4584.0
24.857142857142858,NQM6,NQ|NQM6|PDH|2026-05-21|1779383760,"{""pdh_pdl_source_date"": ""2026-05-20"", ""session"": ""RTH_0930_1600"", ""contract"": ""NQM6""}",29426.25,REVERSAL,29396.75,41.0,16.625,14.25,88.25,False,False,1.1867816091954022,1.7744360902255638,29.5,118.0,29396.75,29008.5,1779370200,13560,midday,pdh_sweep,True,1779383760,1779383760,2026-05-21,2903.0
12.732142857142858,NQM6,NQ|NQM6|PDH|2026-05-22|1779456600,"{""pdh_pdl_source_date"": ""2026-05-21"", ""session"": ""RTH_0930_1600"", ""contract"": ""NQM6""}",29619.5,CONTINUATION,29554.0,91.5,,0.0,,True,True,5.14446002805049,,65.5,262.0,29554.0,29127.0,1779456600,0,open_30m,pdh_sweep,,1779456600,1779456600,2026-05-22,7399.0
7.875,NQM6,NQ|NQM6|PDH|2026-05-26|1779802200,"{""pdh_pdl_source_date"": ""2026-05-22"", ""session"": ""RTH_0930_1600"", ""contract"": ""NQM6""}",29935.0,NEITHER,29749.0,159.5,,0.0,,True,True,23.61904761904762,,186.0,744.0,29749.0,29490.25,1779802200,0,open_30m,pdh_sweep,,1779802200,1779802200,2026-05-26,9192.0
11.053571428571429,NQM6,NQ|NQM6|PDH|2026-05-27|1779888600,"{""pdh_pdl_source_date"": ""2026-05-26"", ""session"": ""RTH_0930_1600"", ""contract"": ""NQM6""}",30192.0,NEITHER,30118.75,52.0,,0.0,,True,True,6.626817447495961,,73.25,293.0,30118.75,29826.75,1779888600,0,open_30m,pdh_sweep,,1779888600,1779888600,2026-05-27,8520.0
19.321428571428573,NQM6,NQ|NQM6|PDH|2026-05-28|1779980400,"{""pdh_pdl_source_date"": ""2026-05-27"", ""session"": ""RTH_0930_1600"", ""contract"": ""NQM6""}",30211.25,CONTINUATION,30192.0,32.0,17.5,0.0,-41.5,False,False,0.9963031423290203,1.1,19.25,77.0,30192.0,29877.5,1779975000,5400,midday,pdh_sweep,False,1779980400,1779980400,2026-05-28,2324.0
8.5,NQM6,NQ|NQM6|PDH|2026-05-29|1780061400,"{""pdh_pdl_source_date"": ""2026-05-28"", ""session"": ""RTH_0930_1600"", ""contract"": ""NQM6""}",30404.75,CONTINUATION,30344.5,74.75,,0.0,,True,True,7.088235294117647,,60.25,241.0,30344.5,29920.25,1780061400,0,open_30m,pdh_sweep,,1780061400,1780061400,2026-05-29,7384.0
12.607142857142858,NQM6,NQ|NQM6|PDH|2026-06-01|1780327800,"{""pdh_pdl_source_date"": ""2026-05-29"", ""session"": ""RTH_0930_1600"", ""contract"": ""NQM6""}",30540.0,REVERSAL,30536.0,0.0,12.125,23.5,-29.0,False,False,0.31728045325779036,0.32989690721649484,4.0,16.0,30536.0,30270.0,1780320600,7200,midday,pdh_sweep,False,1780327800,1780327800,2026-06-01,6467.0
11.0,NQM6,NQ|NQM6|PDH|2026-06-02|1780415760,"{""pdh_pdl_source_date"": ""2026-06-01"", ""session"": ""RTH_0930_1600"", ""contract"": ""NQM6""}",30697.0,REVERSAL,30693.0,0.0,11.625,13.25,43.75,False,False,0.36363636363636365,0.34408602150537637,4.0,16.0,30693.0,30292.0,1780407000,8760,midday,pdh_sweep,True,1780415760,1780415760,2026-06-02,1705.0
10.821428571428571,NQM6,NQ|NQM6|PDH|2026-06-03|1780493400,"{""pdh_pdl_source_date"": ""2026-06-02"", ""session"": ""RTH_0930_1600"", ""contract"": ""NQM6""}",30792.0,CONTINUATION,30721.25,86.5,,0.0,,True,True,6.537953795379538,,70.75,283.0,30721.25,30423.75,1780493400,0,open_30m,pdh_sweep,,1780493400,1780493400,2026-06-03,6431.0
14.321428571428571,NQM6,NQ|NQM6|PDL|2026-06-04|1780579800,"{""pdh_pdl_source_date"": ""2026-06-03"", ""session"": ""RTH_0930_1600"", ""contract"": ""NQM6""}",30210.0,NEITHER,30496.0,-264.5,,0.0,,True,True,19.97007481296758,,286.0,1144.0,30807.75,30496.0,1780579800,0,open_30m,pdl_sweep,,1780579800,1780579800,2026-06-04,7211.0
12.857142857142858,NQM6,NQ|NQM6|PDH|2026-06-09|1781011800,"{""pdh_pdl_source_date"": ""2026-06-08"", ""session"": ""RTH_0930_1600"", ""contract"": ""NQM6""}",29748.0,REVERSAL,29743.0,0.0,,60.0,,True,True,0.3888888888888889,,5.0,20.0,29743.0,29331.5,1781011800,0,open_30m,pdh_sweep,,1781011800,1781011800,2026-06-09,6579.0
48.125,NQM6,NQ|NQM6|PDL|2026-06-09|1781016240,"{""pdh_pdl_source_date"": ""2026-06-08"", ""session"": ""RTH_0930_1600"", ""contract"": ""NQM6""}",29271.25,CONTINUATION,29331.5,-126.25,44.25,0.0,-80.75,False,False,1.251948051948052,1.3615819209039548,60.25,241.0,29743.0,29331.5,1781011800,4440,midday,pdl_sweep,True,1781016240,1781016240,2026-06-09,5419.0
70.57142857142857,NQM6,NQ|NQM6|PDH|2026-06-11|1781199180,"{""pdh_pdl_source_date"": ""2026-06-10"", ""session"": ""RTH_0930_1600"", ""contract"": ""NQM6""}",29260.0,REVERSAL,29250.0,15.0,35.625,87.0,210.75,False,False,0.1417004048582996,0.2807017543859649,10.0,40.0,29250.0,28493.0,1781184600,14580,midday,pdh_sweep,True,1781199180,1781199180,2026-06-11,4345.0
49.17857142857143,NQM6,NQ|NQM6|PDH|2026-06-12|1781273220,"{""pdh_pdl_source_date"": ""2026-06-11"", ""session"": ""RTH_0930_1600"", ""contract"": ""NQM6""}",29567.5,REVERSAL,29544.25,20.25,42.5,11.5,-57.5,False,True,0.4727668845315904,0.5470588235294118,23.25,93.0,29544.25,28577.5,1781271000,2220,open_60m,pdh_sweep,False,1781273220,1781273220,2026-06-12,1945.0
11.803571428571429,NQU6,NQ|NQU6|PDH|2026-06-15|1781530200,"{""pdh_pdl_source_date"": ""2026-06-12"", ""session"": ""RTH_0930_1600"", ""contract"": ""NQU6""}",30668.75,CONTINUATION,30052.5,641.5,,0.0,,True,True,52.20877458396369,,616.25,2465.0,30052.5,29515.75,1781530200,0,open_30m,pdh_sweep,,1781530200,1781530200,2026-06-15,5609.0
36.964285714285715,NQU6,NQ|NQU6|PDL|2026-06-16|1781620320,"{""pdh_pdl_source_date"": ""2026-06-15"", ""session"": ""RTH_0930_1600"", ""contract"": ""NQU6""}",30601.25,REVERSAL,30604.75,-13.75,37.625,26.75,-2.5,False,False,0.09468599033816424,0.09302325581395349,3.5,14.0,30915.0,30604.75,1781616600,3720,midday,pdl_sweep,True,1781620320,1781620320,2026-06-16,2678.0
30.678571428571427,NQU6,NQ|NQU6|PDL|2026-06-17|1781707620,"{""pdh_pdl_source_date"": ""2026-06-16"", ""session"": ""RTH_0930_1600"", ""contract"": ""NQU6""}",30284.75,REVERSAL,30302.25,0.0,28.125,79.75,-143.0,False,False,0.570430733410943,0.6222222222222222,17.5,70.0,30889.0,30302.25,1781703000,4620,midday,pdl_sweep,True,1781707620,1781707620,2026-06-17,5671.0
19.535714285714285,NQU6,NQ|NQU6|PDH|2026-06-18|1781789400,"{""pdh_pdl_source_date"": ""2026-06-17"", ""session"": ""RTH_0930_1600"", ""contract"": ""NQU6""}",30615.5,REVERSAL,30545.75,40.0,,63.5,,True,True,3.570383912248629,,69.75,279.0,30545.75,29923.0,1781789400,0,open_30m,pdh_sweep,,1781789400,1781789400,2026-06-18,6694.0
12.785714285714286,NQU6,NQ|NQU6|PDH|2026-06-22|1782135000,"{""pdh_pdl_source_date"": ""2026-06-18"", ""session"": ""RTH_0930_1600"", ""contract"": ""NQU6""}",30904.0,REVERSAL,30783.25,112.75,,26.5,,True,True,9.44413407821229,,120.75,483.0,30783.25,30391.0,1782135000,0,open_30m,pdh_sweep,,1782135000,1782135000,2026-06-22,5228.0
21.910714285714285,NQU6,NQ|NQU6|PDL|2026-06-23|1782221400,"{""pdh_pdl_source_date"": ""2026-06-22"", ""session"": ""RTH_0930_1600"", ""contract"": ""NQU6""}",29638.75,CONTINUATION,30503.0,-886.5,,0.0,,True,True,39.4441727791361,,864.25,3457.0,30968.0,30503.0,1782221400,0,open_30m,pdl_sweep,,1782221400,1782221400,2026-06-23,8153.0
57.232142857142854,NQU6,NQ|NQU6|PDL|2026-06-24|1782308880,"{""pdh_pdl_source_date"": ""2026-06-23"", ""session"": ""RTH_0930_1600"", ""contract"": ""NQU6""}",29562.25,REVERSAL,29577.25,0.0,56.0,109.75,,True,True,0.2620904836193448,0.26785714285714285,15.0,60.0,30047.0,29577.25,1782307800,1080,open_30m,pdl_sweep,,1782308880,1782308880,2026-06-24,3354.0
14.517857142857142,NQU6,NQ|NQU6|PDH|2026-06-25|1782394200,"{""pdh_pdl_source_date"": ""2026-06-24"", ""session"": ""RTH_0930_1600"", ""contract"": ""NQU6""}",30193.0,NEITHER,29907.5,219.25,,0.0,,True,True,19.665436654366545,,285.5,1142.0,29907.5,29264.75,1782394200,0,open_30m,pdh_sweep,,1782394200,1782394200,2026-06-25,6625.0
31.785714285714285,NQU6,NQ|NQU6|PDL|2026-06-26|1782480600,"{""pdh_pdl_source_date"": ""2026-06-25"", ""session"": ""RTH_0930_1600"", ""contract"": ""NQU6""}",29292.0,REVERSAL,29295.75,0.0,,76.0,,True,True,0.11797752808988765,,3.75,15.0,30193.0,29295.75,1782480600,0,open_30m,pdl_sweep,,1782480600,1782480600,2026-06-26,4294.0
29.196428571428573,NQU6,NQ|NQU6|PDH|2026-06-29|1782739920,"{""pdh_pdl_source_date"": ""2026-06-26"", ""session"": ""RTH_0930_1600"", ""contract"": ""NQU6""}",29737.5,REVERSAL,29716.0,25.75,105.5,10.0,,True,True,0.7363914373088685,0.2037914691943128,21.5,86.0,29716.0,29181.5,1782739800,120,open_30m,pdh_sweep,,1782739920,1782739920,2026-06-29,2574.0
15.410714285714286,NQU6,NQ|NQU6|PDH|2026-06-30|1782826200,"{""pdh_pdl_source_date"": ""2026-06-29"", ""session"": ""RTH_0930_1600"", ""contract"": ""NQU6""}",30092.0,CONTINUATION,30069.5,70.0,,0.0,,True,True,1.4600231749710313,,22.5,90.0,30069.5,29273.75,1782826200,0,open_30m,pdh_sweep,,1782826200,1782826200,2026-06-30,5230.0
13.803571428571429,NQU6,NQ|NQU6|PDL|2026-07-07|1783431000,"{""pdh_pdl_source_date"": ""2026-07-06"", ""session"": ""RTH_0930_1600"", ""contract"": ""NQU6""}",29569.25,CONTINUATION,29776.25,-224.25,,0.0,,True,True,14.996119016817593,,207.0,828.0,30094.0,29776.25,1783431000,0,open_30m,pdl_sweep,,1783431000,1783431000,2026-07-07,7105.0
20.375,NQU6,NQ|NQU6|PDL|2026-07-08|1783517400,"{""pdh_pdl_source_date"": ""2026-07-07"", ""session"": ""RTH_0930_1600"", ""contract"": ""NQU6""}",29201.0,REVERSAL,29210.0,0.0,,90.0,,True,True,0.44171779141104295,,9.0,36.0,29685.75,29210.0,1783517400,0,open_30m,pdl_sweep,,1783517400,1783517400,2026-07-08,5430.0
14.375,NQU6,NQ|NQU6|PDH|2026-07-09|1783603800,"{""pdh_pdl_source_date"": ""2026-07-08"", ""session"": ""RTH_0930_1600"", ""contract"": ""NQU6""}",29755.0,CONTINUATION,29500.0,281.5,,0.0,,True,True,17.73913043478261,,255.0,1020.0,29500.0,29034.0,1783603800,0,open_30m,pdh_sweep,,1783603800,1783603800,2026-07-09,5070.0
15.392857142857142,NQU6,NQ|NQU6|PDH|2026-07-10|1783700100,"{""pdh_pdl_source_date"": ""2026-07-09"", ""session"": ""RTH_0930_1600"", ""contract"": ""NQU6""}",29998.0,AMBIGUOUS,29993.5,23.5,13.375,1.5,83.0,False,False,0.2923433874709977,0.3364485981308411,4.5,18.0,29993.5,29614.5,1783690200,9900,midday,pdh_sweep,True,1783700100,1783700100,2026-07-10,1370.0
13.517857142857142,NQU6,NQ|NQU6|PDL|2026-07-13|1783949400,"{""pdh_pdl_source_date"": ""2026-07-10"", ""session"": ""RTH_0930_1600"", ""contract"": ""NQU6""}",29651.0,REVERSAL,29675.0,0.0,,59.0,,True,True,1.775429326287979,,24.0,96.0,30077.75,29675.0,1783949400,0,open_30m,pdl_sweep,,1783949400,1783949400,2026-07-13,4336.0
11.464285714285714,NQU6,NQ|NQU6|PDH|2026-07-15|1784122200,"{""pdh_pdl_source_date"": ""2026-07-14"", ""session"": ""RTH_0930_1600"", ""contract"": ""NQU6""}",29977.5,NEITHER,29895.75,65.5,,0.0,,True,True,7.130841121495328,,81.75,327.0,29895.75,29567.5,1784122200,0,open_30m,pdh_sweep,,1784122200,1784122200,2026-07-15,3577.0
35.67857142857143,NQU6,NQ|NQU6|PDL|2026-07-15|1784126520,"{""pdh_pdl_source_date"": ""2026-07-14"", ""session"": ""RTH_0930_1600"", ""contract"": ""NQU6""}",29536.75,REVERSAL,29567.5,-27.0,35.25,10.0,-117.25,False,False,0.8618618618618619,0.8723404255319149,30.75,123.0,29895.75,29567.5,1784122200,4320,midday,pdl_sweep,True,1784126520,1784126520,2026-07-15,3259.0
36.19642857142857,NQU6,NQ|NQU6|PDL|2026-07-16|1784209080,"{""pdh_pdl_source_date"": ""2026-07-15"", ""session"": ""RTH_0930_1600"", ""contract"": ""NQU6""}",29395.75,AMBIGUOUS,29397.0,-18.5,49.875,23.75,,True,True,0.03453379378391712,0.02506265664160401,1.25,5.0,29977.5,29397.0,1784208600,480,open_30m,pdl_sweep,,1784209080,1784209080,2026-07-16,1568.0
21.267857142857142,NQU6,NQ|NQU6|PDL|2026-07-17|1784295000,"{""pdh_pdl_source_date"": ""2026-07-16"", ""session"": ""RTH_0930_1600"", ""contract"": ""NQU6""}",28599.5,CONTINUATION,29078.5,-508.75,,0.0,,True,True,22.522250209907643,,479.0,1916.0,29532.0,29078.5,1784295000,0,open_30m,pdl_sweep,,1784295000,1784295000,2026-07-17,4950.0
10.714285714285714,NQU6,NQ|NQU6|PDH|2026-07-20|1784554200,"{""pdh_pdl_source_date"": ""2026-07-17"", ""session"": ""RTH_0930_1600"", ""contract"": ""NQU6""}",29068.25,AMBIGUOUS,29050.25,34.0,,2.5,,True,True,1.6800000000000002,,18.0,72.0,29050.25,28408.25,1784554200,0,open_30m,pdh_sweep,,1784554200,1784554200,2026-07-20,3674.0
10.410714285714286,NQU6,NQ|NQU6|PDH|2026-07-21|1784640600,"{""pdh_pdl_source_date"": ""2026-07-20"", ""session"": ""RTH_0930_1600"", ""contract"": ""NQU6""}",29246.25,REVERSAL,29192.5,6.0,,40.75,,True,True,5.1629502572898796,,53.75,215.0,29192.5,28767.75,1784640600,0,open_30m,pdh_sweep,,1784640600,1784640600,2026-07-21,6870.0
18.160714285714285,NQU6,NQ|NQU6|PDL|2026-07-23|1784813400,"{""pdh_pdl_source_date"": ""2026-07-22"", ""session"": ""RTH_0930_1600"", ""contract"": ""NQU6""}",28657.0,NEITHER,29090.0,-409.5,,0.0,,True,True,23.84267453294002,,433.0,1732.0,29342.25,29090.0,1784813400,0,open_30m,pdl_sweep,,1784813400,1784813400,2026-07-23,5685.0
35.30357142857143,NQU6,NQ|NQU6|PDL|2026-07-24|1784901000,"{""pdh_pdl_source_date"": ""2026-07-23"", ""session"": ""RTH_0930_1600"", ""contract"": ""NQU6""}",28411.0,AMBIGUOUS,28432.5,-50.25,32.25,5.0,,True,True,0.6090035407182599,0.6666666666666666,21.5,86.0,28883.0,28432.5,1784899800,1200,open_30m,pdl_sweep,,1784901000,1784901000,2026-07-24,3719.0
37.375,NQU6,NQ|NQU6|PDL|2026-07-27|1785162060,"{""pdh_pdl_source_date"": ""2026-07-24"", ""session"": ""RTH_0930_1600"", ""contract"": ""NQU6""}",28211.0,REVERSAL,28212.5,-6.75,33.125,36.75,-222.0,False,True,0.04013377926421405,0.045283018867924525,1.5,6.0,28630.75,28212.5,1785159000,3060,open_60m,pdl_sweep,True,1785162060,1785162060,2026-07-27,1792.0
17.732142857142858,NQU6,NQ|NQU6|PDL|2026-07-28|1785245400,"{""pdh_pdl_source_date"": ""2026-07-27"", ""session"": ""RTH_0930_1600"", ""contract"": ""NQU6""}",27928.75,AMBIGUOUS,27939.0,-39.75,,10.0,,True,True,0.5780463242698892,,10.25,41.0,28615.75,27939.0,1785245400,0,open_30m,pdl_sweep,,1785245400,1785245400,2026-07-28,5220.0
37.17857142857143,NQU6,NQ|NQU6|PDL|2026-07-29|1785335100,"{""pdh_pdl_source_date"": ""2026-07-28"", ""session"": ""RTH_0930_1600"", ""contract"": ""NQU6""}",27574.0,CONTINUATION,27603.5,-64.75,34.75,0.0,-161.75,False,True,0.7934678194044188,0.8489208633093526,29.5,118.0,28080.0,27603.5,1785331800,3300,open_60m,pdl_sweep,True,1785335100,1785335100,2026-07-29,2749.0
42.392857142857146,NQU6,NQ|NQU6|PDH|2026-07-29|1785351240,"{""pdh_pdl_source_date"": ""2026-07-28"", ""session"": ""RTH_0930_1600"", ""contract"": ""NQU6""}",28087.5,REVERSAL,28080.0,16.75,43.0,12.75,-161.75,False,False,0.17691659646166805,0.1744186046511628,7.5,30.0,28080.0,27603.5,1785331800,19440,afternoon,pdh_sweep,False,1785351240,1785351240,2026-07-29,1073.0
40.517857142857146,NQU6,NQ|NQU6|PDH|2026-07-30|1785419400,"{""pdh_pdl_source_date"": ""2026-07-29"", ""session"": ""RTH_0930_1600"", ""contract"": ""NQU6""}",28114.75,REVERSAL,28099.5,26.0,37.25,8.0,,True,True,0.37637725870427496,0.40939597315436244,15.25,61.0,28099.5,27317.5,1785418200,1200,open_30m,pdh_sweep,,1785419400,1785419400,2026-07-30,5021.0
13.946428571428571,NQU6,NQ|NQU6|PDH|2026-07-31|1785504600,"{""pdh_pdl_source_date"": ""2026-07-30"", ""session"": ""RTH_0930_1600"", ""contract"": ""NQU6""}",28613.0,CONTINUATION,28297.75,335.25,,0.0,,True,True,22.604353393085788,,315.25,1261.0,28297.75,27813.25,1785504600,0,open_30m,pdh_sweep,,1785504600,1785504600,2026-07-31,5626.0
19.553571428571427,NQU6,NQ|NQU6|PDH|2026-08-03|1785767940,"{""pdh_pdl_source_date"": ""2026-07-31"", ""session"": ""RTH_0930_1600"", ""contract"": ""NQU6""}",28733.0,REVERSAL,28725.75,4.5,17.875,15.25,182.5,False,False,0.37077625570776257,0.40559440559440557,7.25,29.0,28725.75,28079.75,1785763800,4140,midday,pdh_sweep,True,1785767940,1785767940,2026-08-03,1686.0
18.928571428571427,NQU6,NQ|NQU6|PDH|2026-08-04|1785850200,"{""pdh_pdl_source_date"": ""2026-08-03"", ""session"": ""RTH_0930_1600"", ""contract"": ""NQU6""}",29304.5,CONTINUATION,28964.25,374.75,,0.0,,True,True,17.97547169811321,,340.25,1361.0,28964.25,28313.5,1785850200,0,open_30m,pdh_sweep,,1785850200,1785850200,2026-08-04,6401.0
13.589285714285714,NQU6,NQ|NQU6|PDH|2026-08-05|1785936600,"{""pdh_pdl_source_date"": ""2026-08-04"", ""session"": ""RTH_0930_1600"", ""contract"": ""NQU6""}",29996.75,REVERSAL,29956.5,34.75,,21.0,,True,True,2.961892247043364,,40.25,161.0,29956.5,29208.25,1785936600,0,open_30m,pdh_sweep,,1785936600,1785936600,2026-08-05,7020.0
16.839285714285715,NQU6,NQ|NQU6|PDL|2026-08-06|1786023000,"{""pdh_pdl_source_date"": ""2026-08-05"", ""session"": ""RTH_0930_1600"", ""contract"": ""NQU6""}",29321.5,CONTINUATION,29592.75,-291.5,,0.0,,True,True,16.10816542948038,,271.25,1085.0,30074.0,29592.75,1786023000,0,open_30m,pdl_sweep,,1786023000,1786023000,2026-08-06,4460.0
29.035714285714285,NQU6,NQ|NQU6|PDH|2026-08-10|1786370760,"{""pdh_pdl_source_date"": ""2026-08-07"", ""session"": ""RTH_0930_1600"", ""contract"": ""NQU6""}",29861.25,REVERSAL,29860.25,3.25,28.5,12.0,-0.5,False,True,0.03444034440344403,0.03508771929824561,1.0,4.0,29860.25,29564.5,1786368600,2160,open_60m,pdh_sweep,False,1786370760,1786370760,2026-08-10,1853.0
20.875,NQU6,NQ|NQU6|PDL|2026-08-11|1786455300,"{""pdh_pdl_source_date"": ""2026-08-10"", ""session"": ""RTH_0930_1600"", ""contract"": ""NQU6""}",29696.5,REVERSAL,29718.75,-32.25,37.0,19.0,,True,True,1.0658682634730539,0.6013513513513513,22.25,89.0,29900.0,29718.75,1786455000,300,open_30m,pdl_sweep,,1786455300,1786455300,2026-08-11,3321.0
19.767857142857142,NQU6,NQ|NQU6|PDH|2026-08-13|1786628160,"{""pdh_pdl_source_date"": ""2026-08-12"", ""session"": ""RTH_0930_1600"", ""contract"": ""NQU6""}",30025.5,CONTINUATION,30001.75,38.0,36.5,0.0,,True,True,1.2014453477868112,0.6506849315068494,23.75,95.0,30001.75,29818.5,1786627800,360,open_30m,pdh_sweep,,1786628160,1786628160,2026-08-13,3749.0
26.178571428571427,NQU6,NQ|NQU6|PDH|2026-08-14|1786715100,"{""pdh_pdl_source_date"": ""2026-08-13"", ""session"": ""RTH_0930_1600"", ""contract"": ""NQU6""}",30275.25,REVERSAL,30272.75,0.0,25.375,36.25,,True,True,0.09549795361527968,0.09852216748768473,2.5,10.0,30272.75,29863.5,1786714200,900,open_30m,pdh_sweep,,1786715100,1786715100,2026-08-14,2318.0
