label,opportunities,entry_rows,triggered_n,resolved_n,ambiguous_n,invalid_n,expired_n,untriggered_n,ambiguity_pct,resolved_rate,valid_risk_n,valid_risk_rate,stop_n,stop_rate,r1_n,r1_rate,r2_n,r2_rate,r3_n,r3_rate,opposite_n,opposite_rate,mean_mfe_r,median_mfe_r,mean_mae_r,median_mae_r,n_mfe,n_mae,median_risk_distance,median_rr_to_opposite,median_entry_depth,median_max_retrace_depth,theoretical_1r_expectancy,theoretical_2r_expectancy,theoretical_3r_expectancy,sample_quality,sample_quality_triggered,htf_group,n_setups,axis,value,htf_policy,trades_retained_setups,pct_opportunities_retained,sample_quality_setups
aligned_both,37,111,111,63,6,42,0,0,0.05405405405405406,0.5675675675675675,69,0.6216216216216216,21,0.3333333333333333,17,0.2698412698412698,4,0.06349206349206349,0,0.0,42,0.6666666666666666,0.7092480397372778,0.4613997113997134,0.7042608728540389,0.3654909437559324,63,63,20.649999999999636,1.1539415115662115,0.49999999999988604,1.0,-0.06349206349206349,-0.20634920634920634,-0.3333333333333333,MODERATE_SAMPLE,LARGER_SAMPLE,aligned_both,37,,,,,,
aligned_daily_only,34,102,102,65,0,37,0,0,0.0,0.6372549019607843,65,0.6372549019607843,30,0.46153846153846156,20,0.3076923076923077,1,0.015384615384615385,1,0.015384615384615385,35,0.5384615384615384,0.7440443933257082,0.5789667218238835,0.8897677299598078,0.5783009211873119,65,65,24.979999999999563,1.795891750896635,0.4999999999999907,1.0,-0.15384615384615385,-0.4307692307692308,-0.4153846153846154,MODERATE_SAMPLE,LARGER_SAMPLE,aligned_daily_only,34,,,,,,
aligned_h4_only,51,153,152,88,8,56,1,0,0.05263157894736842,0.5789473684210527,96,0.631578947368421,41,0.4659090909090909,39,0.4431818181818182,22,0.25,9,0.10227272727272728,47,0.5340909090909091,1.36823653359076,0.7584663468341277,1.3747891916782866,0.8432856318362323,88,88,14.330000000000382,1.8649830448796552,0.5,1.0,-0.022727272727272707,0.034090909090909116,-0.15909090909090906,MODERATE_SAMPLE,LARGER_SAMPLE,aligned_h4_only,51,,,,,,
canonical:aligned_bearish,75,225,225,126,8,91,0,0,0.035555555555555556,0.56,134,0.5955555555555555,45,0.35714285714285715,47,0.373015873015873,16,0.12698412698412698,4,0.031746031746031744,81,0.6428571428571429,0.9630665637867435,0.6671097820108438,0.711903141488564,0.48132577393220266,126,126,21.434999999999945,1.2670513044049592,0.49999999999825095,0.8095238095240158,0.015873015873015872,-0.1031746031746032,-0.2619047619047619,LARGER_SAMPLE,LARGER_SAMPLE,canonical:aligned_bearish,75,,,,,,
canonical:aligned_bullish,1,3,3,3,0,0,0,0,0.0,1.0,3,1.0,3,1.0,0,0.0,0,0.0,0,0.0,0,0.0,0.6192722895203505,0.6178521617851871,1.0579308620819734,1.057880055788,3,3,14.340000000000146,3.7984658298465623,0.5000000000004372,1.0,-1.0,-1.0,-1.0,INSUFFICIENT_SAMPLE,INSUFFICIENT_SAMPLE,canonical:aligned_bullish,1,,,,,,
canonical:mixed,58,174,174,110,2,62,0,0,0.011494252873563218,0.632183908045977,112,0.6436781609195402,51,0.4636363636363636,45,0.4090909090909091,13,0.11818181818181818,3,0.02727272727272727,59,0.5363636363636364,1.0487934687083118,0.6997105367879347,1.0154265591293063,0.6983494530584125,110,110,19.02500000000009,1.6214689265537237,0.5,1.0,-0.05454545454545451,-0.22727272727272727,-0.38181818181818183,LARGER_SAMPLE,LARGER_SAMPLE,canonical:mixed,58,,,,,,
canonical:partial,55,165,160,96,10,55,4,0,0.0625,0.6,106,0.6625,45,0.46875,31,0.3229166666666667,21,0.21875,18,0.1875,51,0.53125,1.3629186187688833,0.607666721619445,1.120816578055865,0.8893216499117291,96,96,17.81999999999971,2.499909812409943,0.499999999999733,1.0,-0.14583333333333331,-0.03125,0.09375,MODERATE_SAMPLE,LARGER_SAMPLE,canonical:partial,58,,,,,,
canonical:unknown,4,12,12,9,3,0,0,0,0.25,0.75,12,1.0,9,1.0,2,0.2222222222222222,0,0.0,0,0.0,0,0.0,0.7648568708684502,0.7372159090909206,1.1241211288455997,1.1129900076863428,9,9,16.9074999999998,2.74823738757288,0.4910586552217451,0.7149532710281129,-0.7777777777777778,-1.0,-1.0,INSUFFICIENT_SAMPLE,INSUFFICIENT_SAMPLE,canonical:unknown,4,,,,,,
neutral_or_unknown,32,96,92,62,7,24,3,0,0.07608695652173914,0.6739130434782609,69,0.75,34,0.5483870967741935,19,0.3064516129032258,11,0.1774193548387097,11,0.1774193548387097,28,0.45161290322580644,1.3600561334739554,0.6175332065079283,0.8160653522922646,1.0272764430823198,62,62,16.335000000000946,1.9053186634893984,0.49999999999948397,1.0,-0.2419354838709677,-0.19354838709677413,-0.016129032258064502,MODERATE_SAMPLE,MODERATE_SAMPLE,neutral_or_unknown,35,,,,,,
opposed_both,39,117,117,66,2,49,0,0,0.017094017094017096,0.5641025641025641,68,0.5811965811965812,27,0.4090909090909091,30,0.45454545454545453,12,0.18181818181818182,4,0.06060606060606061,39,0.5909090909090909,1.189720869730943,0.899502122309101,0.7349265670303111,0.6202777970857606,66,66,21.329999999999927,1.8941076003415684,0.413043478260626,0.6905766526020002,0.045454545454545414,-0.04545454545454547,-0.2272727272727273,MODERATE_SAMPLE,LARGER_SAMPLE,opposed_both,39,,,,,,
setup_vs_daily:aligned,71,213,213,128,6,79,0,0,0.028169014084507043,0.6009389671361502,134,0.6291079812206573,51,0.3984375,37,0.2890625,5,0.0390625,1,0.0078125,77,0.6015625,0.7269180630439026,0.49668874172185334,0.7984635737280622,0.48762225073346266,128,128,23.629999999999654,1.526029261653619,0.49999999999989375,1.0,-0.109375,-0.3203125,-0.375,LARGER_SAMPLE,LARGER_SAMPLE,,71,setup_vs_daily,aligned,,,,
setup_vs_daily:neutral,27,81,76,43,3,31,4,0,0.039473684210526314,0.5657894736842105,46,0.6052631578947368,11,0.2558139534883721,20,0.46511627906976744,14,0.32558139534883723,12,0.27906976744186046,32,0.7441860465116279,1.8588517298832785,0.9301948051949039,0.9281069088375957,0.38569149588907076,43,43,15.759999999999764,3.896019013666072,0.3907222778530124,1.0,0.20930232558139533,0.39534883720930236,0.5813953488372092,SMALL_SAMPLE,MODERATE_SAMPLE,,30,setup_vs_daily,neutral,,,,
setup_vs_daily:opposed,63,189,189,111,4,74,0,0,0.021164021164021163,0.5873015873015873,115,0.6084656084656085,48,0.43243243243243246,55,0.4954954954954955,24,0.21621621621621623,6,0.05405405405405406,63,0.5675675675675675,1.3110448053512207,0.9803370786516716,0.9222267791066371,0.6699810606060469,111,111,18.509999999999764,1.7805440295066384,0.49999999999990485,0.8267716535431661,0.06306306306306303,0.0,-0.2702702702702703,LARGER_SAMPLE,LARGER_SAMPLE,,63,setup_vs_daily,opposed,,,,
setup_vs_daily:unknown,32,96,96,62,10,24,0,0,0.10416666666666667,0.6458333333333334,72,0.75,43,0.6935483870967742,13,0.20967741935483872,7,0.11290322580645161,6,0.0967741935483871,19,0.3064516129032258,0.9321495944298043,0.5560522517043438,1.2549497511767231,1.0602262005415897,62,62,17.81999999999971,1.7975352112675775,0.5,0.996527777777807,-0.4838709677419355,-0.467741935483871,-0.403225806451613,MODERATE_SAMPLE,MODERATE_SAMPLE,,32,setup_vs_daily,unknown,,,,
setup_vs_h4:aligned,88,264,263,151,14,98,1,0,0.053231939163498096,0.5741444866920152,165,0.6273764258555133,62,0.4105960264900662,56,0.3708609271523179,26,0.17218543046357615,9,0.059602649006622516,89,0.5894039735099338,1.0932943143008966,0.5604776579352737,1.0950323434271103,0.5250171350239902,151,151,17.850000000000364,1.499351191880523,0.49999999999990524,1.0,-0.039735099337748325,-0.06622516556291391,-0.23178807947019867,LARGER_SAMPLE,LARGER_SAMPLE,,88,setup_vs_h4,aligned,,,,
setup_vs_h4:neutral,2,6,6,3,0,3,0,0,0.0,0.5,3,0.5,3,1.0,1,0.3333333333333333,0,0.0,0,0.0,0,0.0,0.7894704776623522,0.7717190388169759,1.5479494889869534,1.5425138632163546,3,3,10.819999999999709,4.673752310536143,0.5,0.9313860771581004,-0.6666666666666667,-1.0,-1.0,INSUFFICIENT_SAMPLE,INSUFFICIENT_SAMPLE,,5,setup_vs_h4,neutral,,,,
setup_vs_h4:opposed,99,297,293,181,6,107,3,0,0.020477815699658702,0.6177474402730375,187,0.6382252559726962,79,0.43646408839779005,66,0.36464088397790057,24,0.13259668508287292,16,0.08839779005524862,102,0.56353591160221,1.1157780109005269,0.7007604562737826,0.7854981717510342,0.6699810606060469,181,181,21.539999999999964,1.8431697612732232,0.49999999999962724,0.9899665551840309,-0.07182320441988949,-0.1712707182320442,-0.1712707182320442,LARGER_SAMPLE,LARGER_SAMPLE,,99,setup_vs_h4,opposed,,,,
setup_vs_h4:unknown,4,12,12,9,3,0,0,0,0.25,0.75,12,1.0,9,1.0,2,0.2222222222222222,0,0.0,0,0.0,0,0.0,0.7648568708684502,0.7372159090909206,1.1241211288455997,1.1129900076863428,9,9,16.9074999999998,2.74823738757288,0.4910586552217451,0.7149532710281129,-0.7777777777777778,-1.0,-1.0,INSUFFICIENT_SAMPLE,INSUFFICIENT_SAMPLE,,4,setup_vs_h4,unknown,,,,
POLICY_A,193,579,574,344,23,208,4,0,0.04006968641114982,0.5993031358885017,367,0.6393728222996515,153,0.44476744186046513,125,0.3633720930232558,50,0.14534883720930233,25,0.07267441860465117,191,0.5552325581395349,1.0938819322768427,0.6546782071163716,0.9368778824738434,0.6555534700997334,344,344,19.529999999999745,1.7828957309064388,0.4999999999998519,0.996527777777807,-0.08139534883720934,-0.15406976744186046,-0.22674418604651164,LARGER_SAMPLE,LARGER_SAMPLE,,,,,POLICY_A,196,1.0,LARGER_SAMPLE
POLICY_B,71,213,213,128,6,79,0,0,0.028169014084507043,0.6009389671361502,134,0.6291079812206573,51,0.3984375,37,0.2890625,5,0.0390625,1,0.0078125,77,0.6015625,0.7269180630439026,0.49668874172185334,0.7984635737280622,0.48762225073346266,128,128,23.629999999999654,1.526029261653619,0.49999999999989375,1.0,-0.109375,-0.3203125,-0.375,LARGER_SAMPLE,LARGER_SAMPLE,,,,,POLICY_B,71,0.3622448979591837,MODERATE_SAMPLE
POLICY_C,88,264,263,151,14,98,1,0,0.053231939163498096,0.5741444866920152,165,0.6273764258555133,62,0.4105960264900662,56,0.3708609271523179,26,0.17218543046357615,9,0.059602649006622516,89,0.5894039735099338,1.0932943143008966,0.5604776579352737,1.0950323434271103,0.5250171350239902,151,151,17.850000000000364,1.499351191880523,0.49999999999990524,1.0,-0.039735099337748325,-0.06622516556291391,-0.23178807947019867,LARGER_SAMPLE,LARGER_SAMPLE,,,,,POLICY_C,88,0.4489795918367347,MODERATE_SAMPLE
POLICY_D,37,111,111,63,6,42,0,0,0.05405405405405406,0.5675675675675675,69,0.6216216216216216,21,0.3333333333333333,17,0.2698412698412698,4,0.06349206349206349,0,0.0,42,0.6666666666666666,0.7092480397372778,0.4613997113997134,0.7042608728540389,0.3654909437559324,63,63,20.649999999999636,1.1539415115662115,0.49999999999988604,1.0,-0.06349206349206349,-0.20634920634920634,-0.3333333333333333,MODERATE_SAMPLE,LARGER_SAMPLE,,,,,POLICY_D,37,0.18877551020408162,SMALL_SAMPLE
POLICY_E,154,462,457,278,21,159,4,0,0.045951859956236324,0.6083150984682714,299,0.6542669584245077,126,0.45323741007194246,95,0.34172661870503596,38,0.1366906474820144,21,0.07553956834532374,152,0.5467625899280576,1.0711288032409771,0.5836103064491567,0.984823158802164,0.7815221815015441,278,278,19.25,1.7236887212890137,0.49999999999989375,1.0,-0.1115107913669065,-0.17985611510791366,-0.22661870503597123,LARGER_SAMPLE,LARGER_SAMPLE,,,,,POLICY_E,157,0.8010204081632653,LARGER_SAMPLE
