setup_id,entry_mode,parent_bar_time,kind,result,parent_timeframe,child_timeframe,entry_price,stop_price,direction,child_bars_used,entry_first_ts,stop_first_ts,note
OANDA:XAUUSD|London|2025-08-15|low|1755261000|exec:5m,first_touch,1755282000,entry_stop,RESOLVED_NO_STOP,5m,1m,3336.29,3333.64,bullish,5,1755282060,,
OANDA:XAUUSD|London|2025-08-15|low|1755261000|exec:5m,ce,1755283500,entry_stop,RESOLVED_NO_STOP,5m,1m,3336.1800000000003,3333.64,bullish,5,1755283620,,
OANDA:XAUUSD|London|2025-08-21|high|1755779700|exec:5m,first_touch,1755787800,entry_stop,RESOLVED_NO_STOP,5m,1m,3344.07,3345.17,bearish,2,1755788040,,
OANDA:XAUUSD|London|2025-08-21|high|1755779700|exec:5m,ce,1755788100,entry_stop,RESOLVED_NO_STOP,5m,1m,3344.27,3345.17,bearish,5,1755788100,,
OANDA:XAUUSD|Asia|2025-08-28|low|1756452300|exec:5m,first_touch,1756464300,entry_stop,RESOLVED_NO_STOP,5m,1m,3406.98,3406.89,bullish,5,1756464300,,
OANDA:XAUUSD|Asia|2025-09-21|high|1758529500|exec:5m,first_touch,1758545100,entry_stop,RESOLVED_NO_STOP,5m,1m,3719.89,3720.07,bearish,5,1758545340,,
OANDA:XAUUSD|Asia|2025-09-21|high|1758529500|exec:5m,ce,1758545400,entry_stop,STILL_AMBIGUOUS,5m,1m,3719.955,3720.07,bearish,5,1758545400,1758545400,entry_and_stop_inside_same_1m_candle;_no_tick_ordering
OANDA:XAUUSD|Asia|2025-09-25|high|1758876000|exec:5m,ce,1758886500,entry_stop,RESOLVED_NO_STOP,5m,1m,3751.8599999999997,3755.28,bearish,5,1758886500,,
OANDA:XAUUSD|London|2025-10-01|low|1759329900|exec:5m,first_touch,1759344000,entry_stop,RESOLVED_NO_STOP,5m,1m,3858.51,3856.43,bullish,5,1759344240,,
OANDA:XAUUSD|Asia|2025-10-02|high|1759476000|exec:5m,first_touch,1759491900,entry_stop,RESOLVED_NO_STOP,5m,1m,3862.82,3863.03,bearish,5,1759492140,,
OANDA:XAUUSD|London|2025-10-15|high|1760575800|exec:5m,ce,1760594700,entry_stop,STILL_AMBIGUOUS,5m,1m,4218.59,4220.59,bearish,5,1760594880,1760594880,entry_and_stop_inside_same_1m_candle;_no_tick_ordering
OANDA:XAUUSD|Asia|2025-10-15|high|1760608800|exec:5m,first_touch,1760618700,entry_stop,RESOLVED_NO_STOP,5m,1m,4239.35,4243.39,bearish,5,1760618760,,
OANDA:XAUUSD|Asia|2025-10-15|high|1760608800|exec:5m,boundary,1760618700,entry_stop,RESOLVED_NO_STOP,5m,1m,4239.29,4243.39,bearish,5,1760618760,,
OANDA:XAUUSD|Asia|2025-10-15|high|1760608800|exec:5m,ce,1760618700,entry_stop,RESOLVED_NO_STOP,5m,1m,4239.32,4243.39,bearish,5,1760618760,,
OANDA:XAUUSD|Asia|2025-10-26|low|1762747500|exec:5m,first_touch,1763126700,entry_stop,RESOLVED_NO_STOP,5m,1m,4056.11,4052.83,bullish,5,1763126940,,
OANDA:XAUUSD|Asia|2025-10-26|low|1762747500|exec:5m,boundary,1763126700,entry_stop,RESOLVED_NO_STOP,5m,1m,4057.87,4052.83,bullish,5,1763126940,,
OANDA:XAUUSD|Asia|2025-10-26|low|1762747500|exec:5m,ce,1763126700,entry_stop,RESOLVED_NO_STOP,5m,1m,4056.99,4052.83,bullish,5,1763126940,,
OANDA:XAUUSD|London|2025-10-29|low|1761799200|exec:5m,first_touch,1761828300,entry_stop,STILL_AMBIGUOUS,5m,1m,3974.83,3972.53,bullish,5,1761828420,1761828420,entry_and_stop_inside_same_1m_candle;_no_tick_ordering
OANDA:XAUUSD|London|2025-10-29|low|1761799200|exec:5m,boundary,1761828300,entry_stop,ENTRY_THEN_STOP,5m,1m,3976.16,3972.53,bullish,5,1761828300,1761828420,
OANDA:XAUUSD|London|2025-10-29|low|1761799200|exec:5m,ce,1761828300,entry_stop,STILL_AMBIGUOUS,5m,1m,3975.495,3972.53,bullish,5,1761828420,1761828420,entry_and_stop_inside_same_1m_candle;_no_tick_ordering
OANDA:XAUUSD|Asia|2025-12-02|low|1764753300|exec:5m,boundary,1764780900,entry_stop,STILL_AMBIGUOUS,5m,1m,4201.35,4199.89,bullish,5,1764780960,1764780960,entry_and_stop_inside_same_1m_candle;_no_tick_ordering
OANDA:XAUUSD|Asia|2025-12-02|low|1764753300|exec:5m,ce,1764780900,entry_stop,STILL_AMBIGUOUS,5m,1m,4200.530000000001,4199.89,bullish,5,1764780960,1764780960,entry_and_stop_inside_same_1m_candle;_no_tick_ordering
OANDA:XAUUSD|London|2025-12-04|high|1764857700|exec:5m,first_touch,1764875700,entry_stop,RESOLVED_NO_STOP,5m,1m,4205.93,4206.95,bearish,5,1764875880,,
OANDA:XAUUSD|London|2025-12-04|high|1764857700|exec:5m,ce,1764876300,entry_stop,RESOLVED_NO_STOP,5m,1m,4206.08,4206.95,bearish,5,1764876480,,
OANDA:XAUUSD|London|2025-12-16|high|1765902600|exec:5m,first_touch,1765927200,entry_stop,RESOLVED_NO_STOP,5m,1m,4307.13,4307.63,bearish,5,1765927200,,
OANDA:XAUUSD|London|2025-12-16|high|1765902600|exec:5m,ce,1765928400,entry_stop,STILL_AMBIGUOUS,5m,1m,4307.525,4307.63,bearish,5,1765928520,1765928520,entry_and_stop_inside_same_1m_candle;_no_tick_ordering
OANDA:XAUUSD|London|2025-12-31|high|1767191100|exec:5m,first_touch,1767196200,entry_stop,RESOLVED_NO_STOP,5m,1m,4336.33,4337.93,bearish,5,1767196320,,
OANDA:XAUUSD|London|2025-12-31|high|1767191100|exec:5m,boundary,1767196200,entry_stop,RESOLVED_NO_STOP,5m,1m,4334.07,4337.93,bearish,5,1767196320,,
OANDA:XAUUSD|London|2025-12-31|high|1767191100|exec:5m,ce,1767196200,entry_stop,RESOLVED_NO_STOP,5m,1m,4335.2,4337.93,bearish,5,1767196320,,
OANDA:XAUUSD|London|2026-01-19|high|1768838400|exec:5m,boundary,1768846200,entry_stop,STILL_AMBIGUOUS,5m,1m,4675.55,4675.73,bearish,5,1768846380,1768846380,entry_and_stop_inside_same_1m_candle;_no_tick_ordering
OANDA:XAUUSD|London|2026-01-30|low|1770126000|exec:5m,boundary,1770131700,entry_stop,STILL_AMBIGUOUS,5m,1m,4933.94,4929.55,bullish,5,1770131940,1770131940,entry_and_stop_inside_same_1m_candle;_no_tick_ordering
OANDA:XAUUSD|Asia|2026-02-01|high|1770034800|exec:5m,ce,1770042900,entry_stop,ENTRY_THEN_STOP,5m,1m,4768.595,4790.03,bearish,5,1770042900,1770043080,
OANDA:XAUUSD|Asia|2026-02-10|high|1770803100|exec:5m,first_touch,1770817500,entry_stop,RESOLVED_NO_STOP,5m,1m,5069.9,5072.22,bearish,5,1770817740,,
OANDA:XAUUSD|London|2026-02-20|high|1771596000|exec:5m,first_touch,1771603200,entry_stop,STILL_AMBIGUOUS,5m,1m,5044.815,5045.705,bearish,5,1771603320,1771603320,entry_and_stop_inside_same_1m_candle;_no_tick_ordering
OANDA:XAUUSD|London|2026-02-20|high|1771596000|exec:5m,boundary,1771603200,entry_stop,STILL_AMBIGUOUS,5m,1m,5044.555,5045.705,bearish,5,1771603320,1771603320,entry_and_stop_inside_same_1m_candle;_no_tick_ordering
OANDA:XAUUSD|London|2026-02-20|high|1771596000|exec:5m,ce,1771603200,entry_stop,STILL_AMBIGUOUS,5m,1m,5044.6849999999995,5045.705,bearish,5,1771603320,1771603320,entry_and_stop_inside_same_1m_candle;_no_tick_ordering
OANDA:XAUUSD|London|2026-02-24|low|1771940400|exec:5m,first_touch,1771949100,entry_stop,RESOLVED_NO_STOP,5m,1m,5141.785,5136.925,bullish,5,1771949280,,
OANDA:XAUUSD|Asia|2026-03-01|low|1772468700|exec:5m,first_touch,1772492400,entry_stop,STILL_AMBIGUOUS,5m,1m,5299.685,5299.515,bullish,5,1772492400,1772492400,entry_and_stop_inside_same_1m_candle;_no_tick_ordering
OANDA:XAUUSD|Asia|2026-03-01|low|1772468700|exec:5m,boundary,1772492400,entry_stop,STILL_AMBIGUOUS,5m,1m,5302.165,5299.515,bullish,5,1772492400,1772492400,entry_and_stop_inside_same_1m_candle;_no_tick_ordering
OANDA:XAUUSD|Asia|2026-03-01|low|1772468700|exec:5m,ce,1772492400,entry_stop,STILL_AMBIGUOUS,5m,1m,5300.925,5299.515,bullish,5,1772492400,1772492400,entry_and_stop_inside_same_1m_candle;_no_tick_ordering
OANDA:XAUUSD|London|2026-03-19|low|1773923400|exec:5m,first_touch,1773931500,entry_stop,RESOLVED_NO_STOP,5m,1m,4606.33,4599.5,bullish,5,1773931500,,
OANDA:XAUUSD|London|2026-03-19|low|1773923400|exec:5m,boundary,1773931500,entry_stop,RESOLVED_NO_STOP,5m,1m,4609.22,4599.5,bullish,5,1773931500,,
OANDA:XAUUSD|London|2026-03-19|low|1773923400|exec:5m,ce,1773931500,entry_stop,RESOLVED_NO_STOP,5m,1m,4607.775,4599.5,bullish,5,1773931500,,
OANDA:XAUUSD|London|2026-03-31|high|1775108700|exec:5m,first_touch,1775125500,entry_stop,RESOLVED_NO_STOP,5m,1m,4620.96,4635.48,bearish,5,1775125560,,
OANDA:XAUUSD|London|2026-03-31|high|1775108700|exec:5m,ce,1775126400,entry_stop,RESOLVED_NO_STOP,5m,1m,4621.035,4635.48,bearish,5,1775126520,,
OANDA:XAUUSD|Asia|2026-04-15|low|1776327000|exec:5m,first_touch,1776347100,entry_stop,RESOLVED_NO_STOP,5m,1m,4810.16,4809.55,bullish,5,1776347280,,
OANDA:XAUUSD|Asia|2026-04-15|low|1776327000|exec:5m,boundary,1776347100,entry_stop,RESOLVED_NO_STOP,5m,1m,4811.31,4809.55,bullish,5,1776347280,,
OANDA:XAUUSD|Asia|2026-04-15|low|1776327000|exec:5m,ce,1776347100,entry_stop,RESOLVED_NO_STOP,5m,1m,4810.735000000001,4809.55,bullish,5,1776347280,,
OANDA:XAUUSD|London|2026-05-20|high|1779281400|exec:5m,first_touch,1779286500,entry_stop,ENTRY_THEN_STOP,5m,1m,4482.12,4503.15,bearish,5,1779286500,1779286740,
OANDA:XAUUSD|London|2026-05-20|high|1779281400|exec:5m,boundary,1779286500,entry_stop,ENTRY_THEN_STOP,5m,1m,4481.73,4503.15,bearish,5,1779286500,1779286740,
OANDA:XAUUSD|London|2026-05-20|high|1779281400|exec:5m,ce,1779286500,entry_stop,ENTRY_THEN_STOP,5m,1m,4481.924999999999,4503.15,bearish,5,1779286500,1779286740,
OANDA:XAUUSD|London|2026-05-21|low|1779368100|exec:5m,first_touch,1779374400,entry_stop,RESOLVED_NO_STOP,5m,1m,4504.09,4502.18,bullish,5,1779374400,,
OANDA:XAUUSD|London|2026-05-21|low|1779368100|exec:5m,boundary,1779374400,entry_stop,RESOLVED_NO_STOP,5m,1m,4505.21,4502.18,bullish,5,1779374400,,
OANDA:XAUUSD|London|2026-05-21|low|1779368100|exec:5m,ce,1779374400,entry_stop,RESOLVED_NO_STOP,5m,1m,4504.65,4502.18,bullish,5,1779374400,,
OANDA:XAUUSD|London|2026-06-01|low|1780335600|exec:5m,ce,1780351200,entry_stop,STILL_AMBIGUOUS,5m,1m,4484.7,4482.95,bullish,5,1780351380,1780351380,entry_and_stop_inside_same_1m_candle;_no_tick_ordering
OANDA:XAUUSD|London|2026-06-23|high|1782222300|exec:5m,boundary,1782995700,entry_stop,STILL_AMBIGUOUS,5m,1m,4133.76,4134.99,bearish,5,1782995760,1782995760,entry_and_stop_inside_same_1m_candle;_no_tick_ordering
OANDA:XAUUSD|London|2026-06-23|high|1782222300|exec:5m,ce,1782995700,entry_stop,STILL_AMBIGUOUS,5m,1m,4134.610000000001,4134.99,bearish,5,1782995760,1782995760,entry_and_stop_inside_same_1m_candle;_no_tick_ordering
OANDA:XAUUSD|Asia|2026-06-25|high|1782457200|exec:5m,first_touch,1782464400,entry_stop,STILL_AMBIGUOUS,5m,1m,4033.0,4033.99,bearish,5,1782464640,1782464640,entry_and_stop_inside_same_1m_candle;_no_tick_ordering
OANDA:XAUUSD|Asia|2026-06-25|high|1782457200|exec:5m,boundary,1782464400,entry_stop,STILL_AMBIGUOUS,5m,1m,4032.75,4033.99,bearish,5,1782464640,1782464640,entry_and_stop_inside_same_1m_candle;_no_tick_ordering
OANDA:XAUUSD|Asia|2026-06-25|high|1782457200|exec:5m,ce,1782464400,entry_stop,STILL_AMBIGUOUS,5m,1m,4032.875,4033.99,bearish,5,1782464640,1782464640,entry_and_stop_inside_same_1m_candle;_no_tick_ordering
OANDA:XAUUSD|London|2026-06-29|low|1782741600|exec:5m,first_touch,1782752100,entry_stop,RESOLVED_NO_STOP,5m,1m,4023.78,4022.74,bullish,5,1782752280,,
OANDA:XAUUSD|London|2026-06-29|low|1782741600|exec:5m,ce,1782752100,entry_stop,RESOLVED_NO_STOP,5m,1m,4024.06,4022.74,bullish,5,1782752280,,
OANDA:XAUUSD|Asia|2026-07-23|high|1784878500|exec:5m,ce,1784900100,entry_stop,ENTRY_THEN_STOP,5m,1m,4050.7250000000004,4053.84,bearish,5,1784900100,1784900220,
OANDA:XAUUSD|London|2026-07-29|low|1785328200|exec:5m,first_touch,1785340500,entry_stop,ENTRY_THEN_STOP,5m,1m,4010.72,4009.34,bullish,5,1785340500,1785340680,
OANDA:XAUUSD|London|2026-07-29|low|1785328200|exec:5m,boundary,1785340500,entry_stop,ENTRY_THEN_STOP,5m,1m,4010.86,4009.34,bullish,5,1785340500,1785340680,
OANDA:XAUUSD|London|2026-07-29|low|1785328200|exec:5m,ce,1785340500,entry_stop,ENTRY_THEN_STOP,5m,1m,4010.79,4009.34,bullish,5,1785340500,1785340680,
OANDA:XAUUSD|London|2026-07-31|low|1785501000|exec:5m,boundary,1785513600,entry_stop,STILL_AMBIGUOUS,5m,1m,4044.82,4044.58,bullish,5,1785513600,1785513600,entry_and_stop_inside_same_1m_candle;_no_tick_ordering
OANDA:XAUUSD|London|2026-08-04|high|1785847200|exec:5m,ce,1785857700,entry_stop,STILL_AMBIGUOUS,5m,1m,4080.6000000000004,4084.58,bearish,5,1785857880,1785857880,entry_and_stop_inside_same_1m_candle;_no_tick_ordering
OANDA:XAUUSD|Asia|2026-08-11|high|1786526100|exec:5m,boundary,1786537500,entry_stop,STILL_AMBIGUOUS,5m,1m,4417.16,4418.08,bearish,5,1786537740,1786537740,entry_and_stop_inside_same_1m_candle;_no_tick_ordering
OANDA:XAUUSD|Asia|2026-08-11|high|1786526100|exec:5m,ce,1786537500,entry_stop,STILL_AMBIGUOUS,5m,1m,4417.655,4418.08,bearish,5,1786537740,1786537740,entry_and_stop_inside_same_1m_candle;_no_tick_ordering
