candidate,direction,entry_fill,entry_theo,entry_ts,exit_px,exit_ts,extras,hold_sec,instrument,mae_points,mfe_points,open_class,outcome,poc,points,points_after_cost,r_after_cost,r_multiple,risk_points,signal_hhmm,status,stop,target,target_name,trading_date,vah,val,year
VP_OUTSIDE_ACCEPT_POC,LONG,8818.75,8818.5,1578062040,8837.25,1578062580,"{""adverse_ticks"": 1.0, ""tick"": 0.25}",540,NQ,4.75,21.0,OPEN_BELOW_VAL,TARGET_HIT,8837.25,18.5,18.3,0.37731958762886597,0.38144329896907214,48.5,09:33,ENTERED,8770.25,8837.25,POC,2020-01-03,8850.0,8812.0,2020
VP_OUTSIDE_ACCEPT_POC,SHORT,8841.0,8841.25,1578408060,8878.25,1578412680,"{""adverse_ticks"": 1.0, ""tick"": 0.25}",4620,NQ,37.75,6.75,OPEN_ABOVE_VAH,STOP_HIT,8831.75,-37.25,-37.45,-1.0053691275167786,-1.0,37.25,09:40,ENTERED,8878.25,8831.75,POC,2020-01-07,8843.5,8781.5,2020
VP_OUTSIDE_ACCEPT_POC,SHORT,8970.0,8970.25,1578591240,9001.75,1578603300,"{""adverse_ticks"": 1.0, ""tick"": 0.25}",12060,NQ,35.25,17.75,OPEN_ABOVE_VAH,TIME_EXIT,8933.0,-31.75,-31.95,-0.6085714285714285,-0.6047619047619047,52.5,12:33,ENTERED,9022.5,8933.0,POC,2020-01-09,8971.5,8887.25,2020
VP_OUTSIDE_ACCEPT_POC,SHORT,9012.5,9012.75,1578667080,9005.25,1578667140,"{""adverse_ticks"": 1.0, ""tick"": 0.25}",60,NQ,2.25,8.25,OPEN_ABOVE_VAH,TARGET_HIT,9005.25,7.25,7.05,0.23898305084745763,0.2457627118644068,29.5,09:37,ENTERED,9042.0,9005.25,POC,2020-01-10,9013.75,8990.0,2020
VP_OUTSIDE_ACCEPT_POC,SHORT,9062.0,9062.25,1579012860,9086.5,1579023420,"{""adverse_ticks"": 1.0, ""tick"": 0.25}",10560,NQ,25.75,27.0,OPEN_ABOVE_VAH,STOP_HIT,9024.75,-24.5,-24.7,-1.0081632653061223,-1.0,24.5,09:40,ENTERED,9086.5,9024.75,POC,2020-01-14,9063.0,9003.75,2020
VP_OUTSIDE_ACCEPT_POC,SHORT,9088.0,9088.25,1579191180,9081.0,1579191360,"{""adverse_ticks"": 1.0, ""tick"": 0.25}",180,NQ,3.0,11.75,OPEN_ABOVE_VAH,TARGET_HIT,9081.0,7.0,6.8,0.2141732283464567,0.2204724409448819,31.75,11:12,ENTERED,9119.75,9081.0,POC,2020-01-16,9090.0,9058.75,2020
VP_OUTSIDE_ACCEPT_POC,LONG,9221.25,9221.0,1579807200,9230.0,1579811520,"{""adverse_ticks"": 1.0, ""tick"": 0.25}",4320,NQ,8.5,10.25,OPEN_BELOW_VAL,TARGET_HIT,9230.0,8.75,8.55,0.12258064516129033,0.12544802867383512,69.75,14:19,ENTERED,9151.5,9230.0,POC,2020-01-23,9244.25,9220.5,2020
VP_OUTSIDE_ACCEPT_POC,SHORT,9217.25,9217.5,1579883580,9188.5,1579885800,"{""adverse_ticks"": 1.0, ""tick"": 0.25}",2220,NQ,14.5,32.5,OPEN_ABOVE_VAH,TARGET_HIT,9188.5,28.75,28.55,0.4309433962264151,0.4339622641509434,66.25,11:32,ENTERED,9283.5,9188.5,POC,2020-01-24,9219.5,9176.5,2020
VP_OUTSIDE_ACCEPT_POC,SHORT,9112.0,9112.25,1580309760,9107.5,1580309760,"{""adverse_ticks"": 1.0, ""tick"": 0.25}",0,NQ,0.5,5.0,OPEN_ABOVE_VAH,TARGET_HIT,9107.5,4.5,4.3,0.09148936170212765,0.09574468085106383,47.0,09:55,ENTERED,9159.0,9107.5,POC,2020-01-29,9118.75,9053.25,2020
VP_OUTSIDE_ACCEPT_POC,LONG,9111.5,9111.25,1580395200,9044.25,1580399100,"{""adverse_ticks"": 1.0, ""tick"": 0.25}",3900,NQ,74.0,3.5,OPEN_BELOW_VAL,STOP_HIT,9122.5,-67.25,-67.45,-1.0029739776951674,-1.0,67.25,09:39,ENTERED,9044.25,9122.5,POC,2020-01-30,9150.5,9110.5,2020
VP_OUTSIDE_ACCEPT_POC,SHORT,9109.25,9109.5,1580482260,9076.75,1580484540,"{""adverse_ticks"": 1.0, ""tick"": 0.25}",2280,NQ,22.5,40.5,OPEN_ABOVE_VAH,TARGET_HIT,9076.75,32.5,32.3,0.43066666666666664,0.43333333333333335,75.0,09:50,ENTERED,9184.25,9076.75,POC,2020-01-31,9116.5,9052.0,2020
VP_OUTSIDE_ACCEPT_POC,SHORT,9385.25,9385.5,1580999460,9408.5,1581001140,"{""adverse_ticks"": 1.0, ""tick"": 0.25}",1680,NQ,29.0,23.0,OPEN_ABOVE_VAH,STOP_HIT,9351.75,-23.25,-23.45,-1.0086021505376344,-1.0,23.25,09:30,ENTERED,9408.5,9351.75,POC,2020-02-06,9385.5,9333.25,2020
VP_OUTSIDE_ACCEPT_POC,LONG,9389.25,9389.0,1581345060,9408.5,1581345180,"{""adverse_ticks"": 1.0, ""tick"": 0.25}",120,NQ,0.0,19.75,OPEN_BELOW_VAL,TARGET_HIT,9408.5,19.25,19.05,1.772093023255814,1.7906976744186047,10.75,09:30,ENTERED,9378.5,9408.5,POC,2020-02-10,9431.5,9389.25,2020
VP_OUTSIDE_ACCEPT_POC,LONG,9580.75,9580.5,1581605520,9606.0,1581609420,"{""adverse_ticks"": 1.0, ""tick"": 0.25}",3900,NQ,26.25,26.0,OPEN_BELOW_VAL,TARGET_HIT,9606.0,25.25,25.05,0.6,0.6047904191616766,41.75,09:51,ENTERED,9539.0,9606.0,POC,2020-02-13,9620.75,9580.5,2020
VP_OUTSIDE_ACCEPT_POC,LONG,9606.25,9606.0,1582036440,9608.75,1582036440,"{""adverse_ticks"": 1.0, ""tick"": 0.25}",0,NQ,3.75,5.5,OPEN_BELOW_VAL,TARGET_HIT,9608.75,2.5,2.3,0.071875,0.078125,32.0,09:33,ENTERED,9574.25,9608.75,POC,2020-02-18,9624.25,9600.75,2020
VP_OUTSIDE_ACCEPT_POC,LONG,9715.25,9715.0,1582209180,9699.5,1582209360,"{""adverse_ticks"": 1.0, ""tick"": 0.25}",180,NQ,22.5,4.25,OPEN_BELOW_VAL,STOP_HIT,9734.5,-15.75,-15.95,-1.0126984126984127,-1.0,15.75,09:32,ENTERED,9699.5,9734.5,POC,2020-02-20,9745.5,9714.5,2020
VP_OUTSIDE_ACCEPT_POC,SHORT,9143.75,9144.0,1582641180,9097.75,1582641960,"{""adverse_ticks"": 1.0, ""tick"": 0.25}",780,NQ,33.75,50.25,OPEN_ABOVE_VAH,TARGET_HIT,9097.75,46.0,45.8,0.9642105263157894,0.968421052631579,47.5,09:32,ENTERED,9191.25,9097.75,POC,2020-02-25,9151.0,9068.5,2020
VP_OUTSIDE_ACCEPT_POC,LONG,7198.5,7198.25,1584451860,7159.0,1584451860,"{""adverse_ticks"": 1.0, ""tick"": 0.25}",0,NQ,50.0,0.0,OPEN_BELOW_VAL,STOP_HIT,7244.0,-39.5,-39.7,-1.0050632911392405,-1.0,39.5,09:30,ENTERED,7159.0,7244.0,POC,2020-03-17,7455.0,7195.25,2020
VP_OUTSIDE_ACCEPT_POC,SHORT,8856.75,8857.0,1588081140,8828.75,1588082340,"{""adverse_ticks"": 1.0, ""tick"": 0.25}",1200,NQ,15.0,30.0,OPEN_ABOVE_VAH,TARGET_HIT,8828.75,28.0,27.8,0.5702564102564103,0.5743589743589743,48.75,09:38,ENTERED,8905.5,8828.75,POC,2020-04-28,8857.5,8819.75,2020
VP_OUTSIDE_ACCEPT_POC,SHORT,8989.0,8989.25,1588253520,8925.5,1588262460,"{""adverse_ticks"": 1.0, ""tick"": 0.25}",8940,NQ,24.25,72.5,OPEN_ABOVE_VAH,TARGET_HIT,8925.5,63.5,63.3,2.2017391304347824,2.208695652173913,28.75,09:31,ENTERED,9017.75,8925.5,POC,2020-04-30,8996.5,8903.5,2020
VP_OUTSIDE_ACCEPT_POC,LONG,8715.75,8715.5,1588600440,8802.75,1588622100,"{""adverse_ticks"": 1.0, ""tick"": 0.25}",21660,NQ,16.75,99.5,OPEN_BELOW_VAL,TIME_EXIT,8826.75,87.0,86.8,1.3251908396946563,1.3282442748091603,65.5,09:53,ENTERED,8650.25,8826.75,POC,2020-05-04,8879.0,8713.25,2020
VP_OUTSIDE_ACCEPT_POC,SHORT,9035.25,9035.5,1588862940,9109.25,1588866360,"{""adverse_ticks"": 1.0, ""tick"": 0.25}",3420,NQ,75.25,5.25,OPEN_ABOVE_VAH,STOP_HIT,9022.75,-74.0,-74.2,-1.0027027027027027,-1.0,74.0,10:48,ENTERED,9109.25,9022.75,POC,2020-05-07,9040.25,8994.0,2020
VP_OUTSIDE_ACCEPT_POC,LONG,9167.5,9167.25,1589203980,9202.5,1589204340,"{""adverse_ticks"": 1.0, ""tick"": 0.25}",360,NQ,2.75,38.5,OPEN_BELOW_VAL,TARGET_HIT,9202.5,35.0,34.8,1.7185185185185183,1.728395061728395,20.25,09:32,ENTERED,9147.25,9202.5,POC,2020-05-11,9216.0,9166.75,2020
VP_OUTSIDE_ACCEPT_POC,SHORT,9477.0,9477.25,1590067920,9490.25,1590068160,"{""adverse_ticks"": 1.0, ""tick"": 0.25}",240,NQ,16.5,7.75,OPEN_ABOVE_VAH,STOP_HIT,9465.75,-13.25,-13.45,-1.0150943396226415,-1.0,13.25,09:31,ENTERED,9490.25,9465.75,POC,2020-05-21,9479.0,9442.5,2020
VP_OUTSIDE_ACCEPT_POC,LONG,9376.25,9376.0,1590155640,9413.5,1590172440,"{""adverse_ticks"": 1.0, ""tick"": 0.25}",16800,NQ,39.75,38.75,OPEN_BELOW_VAL,TARGET_HIT,9413.5,37.25,37.05,0.652863436123348,0.6563876651982379,56.75,09:53,ENTERED,9319.5,9413.5,POC,2020-05-22,9431.5,9375.5,2020
VP_OUTSIDE_ACCEPT_POC,LONG,9455.5,9455.25,1590759840,9420.0,1590761280,"{""adverse_ticks"": 1.0, ""tick"": 0.25}",1440,NQ,45.0,27.75,OPEN_BELOW_VAL,STOP_HIT,9544.25,-35.5,-35.7,-1.0056338028169014,-1.0,35.5,09:43,ENTERED,9420.0,9544.25,POC,2020-05-29,9564.75,9455.0,2020
VP_OUTSIDE_ACCEPT_POC,SHORT,9590.25,9590.5,1591104660,9558.75,1591105680,"{""adverse_ticks"": 1.0, ""tick"": 0.25}",1020,NQ,4.5,32.25,OPEN_ABOVE_VAH,TARGET_HIT,9558.75,31.5,31.3,2.0193548387096776,2.032258064516129,15.5,09:30,ENTERED,9605.75,9558.75,POC,2020-06-02,9591.75,9543.75,2020
VP_OUTSIDE_ACCEPT_POC,LONG,10175.0,10174.75,1593005460,10212.25,1593005880,"{""adverse_ticks"": 1.0, ""tick"": 0.25}",420,NQ,1.0,38.5,OPEN_BELOW_VAL,TARGET_HIT,10212.25,37.25,37.05,2.7962264150943392,2.811320754716981,13.25,09:30,ENTERED,10161.75,10212.25,POC,2020-06-24,10254.25,10171.25,2020
VP_OUTSIDE_ACCEPT_POC,SHORT,10021.0,10021.25,1593178860,9997.75,1593179100,"{""adverse_ticks"": 1.0, ""tick"": 0.25}",240,NQ,9.0,26.0,OPEN_ABOVE_VAH,TARGET_HIT,9997.75,23.25,23.05,0.3747967479674797,0.3780487804878049,61.5,09:40,ENTERED,10082.5,9997.75,POC,2020-06-26,10030.0,9952.75,2020
VP_OUTSIDE_ACCEPT_POC,LONG,10582.25,10582.0,1594215180,10611.75,1594215600,"{""adverse_ticks"": 1.0, ""tick"": 0.25}",420,NQ,5.0,31.25,OPEN_BELOW_VAL,TARGET_HIT,10611.75,29.5,29.3,1.83125,1.84375,16.0,09:32,ENTERED,10566.25,10611.75,POC,2020-07-08,10675.75,10578.75,2020
VP_OUTSIDE_ACCEPT_POC,SHORT,10601.5,10601.75,1594993440,10598.25,1594993440,"{""adverse_ticks"": 1.0, ""tick"": 0.25}",0,NQ,0.25,19.75,OPEN_ABOVE_VAH,TARGET_HIT,10598.25,3.25,3.05,0.06256410256410257,0.06666666666666667,48.75,09:43,ENTERED,10650.25,10598.25,POC,2020-07-17,10611.0,10522.75,2020
VP_OUTSIDE_ACCEPT_POC,SHORT,10634.5,10634.75,1595252160,10607.25,1595252220,"{""adverse_ticks"": 1.0, ""tick"": 0.25}",60,NQ,3.75,29.0,OPEN_ABOVE_VAH,TARGET_HIT,10607.25,27.25,27.05,0.5356435643564357,0.5396039603960396,50.5,09:35,ENTERED,10685.0,10607.25,POC,2020-07-20,10640.0,10583.5,2020
VP_OUTSIDE_ACCEPT_POC,LONG,10856.75,10856.5,1595424780,10821.25,1595429220,"{""adverse_ticks"": 1.0, ""tick"": 0.25}",4440,NQ,39.0,42.75,OPEN_BELOW_VAL,STOP_HIT,10903.0,-35.5,-35.7,-1.0056338028169014,-1.0,35.5,09:32,ENTERED,10821.25,10903.0,POC,2020-07-22,10948.75,10848.25,2020
VP_OUTSIDE_ACCEPT_POC,LONG,10600.5,10600.25,1596029520,10609.0,1596029880,"{""adverse_ticks"": 1.0, ""tick"": 0.25}",360,NQ,16.0,11.25,OPEN_BELOW_VAL,TARGET_HIT,10609.0,8.5,8.3,0.3458333333333334,0.3541666666666667,24.0,09:31,ENTERED,10576.5,10609.0,POC,2020-07-29,10641.5,10590.75,2020
VP_OUTSIDE_ACCEPT_POC,LONG,10605.5,10605.25,1596116040,10551.25,1596117300,"{""adverse_ticks"": 1.0, ""tick"": 0.25}",1260,NQ,59.25,16.0,OPEN_BELOW_VAL,STOP_HIT,10627.25,-54.25,-54.45,-1.0036866359447005,-1.0,54.25,09:33,ENTERED,10551.25,10627.25,POC,2020-07-30,10659.0,10604.5,2020
VP_OUTSIDE_ACCEPT_POC,LONG,11028.5,11028.25,1596547860,11042.0,1596548040,"{""adverse_ticks"": 1.0, ""tick"": 0.25}",180,NQ,4.5,15.5,OPEN_BELOW_VAL,TARGET_HIT,11042.0,13.5,13.3,0.9016949152542373,0.9152542372881356,14.75,09:30,ENTERED,11013.75,11042.0,POC,2020-08-04,11056.0,11022.5,2020
VP_OUTSIDE_ACCEPT_POC,SHORT,11205.5,11205.75,1596814140,11129.25,1596819600,"{""adverse_ticks"": 1.0, ""tick"": 0.25}",5460,NQ,17.75,77.75,OPEN_ABOVE_VAH,TARGET_HIT,11129.25,76.25,76.05,1.2119521912350597,1.2151394422310757,62.75,11:28,ENTERED,11268.25,11129.25,POC,2020-08-07,11207.5,11074.0,2020
VP_OUTSIDE_ACCEPT_POC,LONG,10968.5,10968.25,1597239060,11000.5,1597239120,"{""adverse_ticks"": 1.0, ""tick"": 0.25}",60,NQ,0.0,33.0,OPEN_BELOW_VAL,TARGET_HIT,11000.5,32.0,31.8,2.8266666666666667,2.8444444444444446,11.25,09:30,ENTERED,10957.25,11000.5,POC,2020-08-12,11061.5,10963.5,2020
VP_OUTSIDE_ACCEPT_POC,SHORT,11960.5,11960.75,1598535180,11921.75,1598535540,"{""adverse_ticks"": 1.0, ""tick"": 0.25}",360,NQ,14.0,48.75,OPEN_ABOVE_VAH,TARGET_HIT,11921.75,38.75,38.55,0.6945945945945945,0.6981981981981982,55.5,09:32,ENTERED,12016.0,11921.75,POC,2020-08-27,11974.5,11848.75,2020
VP_OUTSIDE_ACCEPT_POC,SHORT,11996.25,11996.5,1598881020,12037.75,1598881320,"{""adverse_ticks"": 1.0, ""tick"": 0.25}",300,NQ,41.75,1.5,OPEN_ABOVE_VAH,STOP_HIT,11993.25,-41.5,-41.7,-1.0048192771084339,-1.0,41.5,09:36,ENTERED,12037.75,11993.25,POC,2020-08-31,11998.75,11963.75,2020
VP_OUTSIDE_ACCEPT_POC,SHORT,11058.5,11058.75,1600436820,11022.0,1600437000,"{""adverse_ticks"": 1.0, ""tick"": 0.25}",180,NQ,0.0,40.5,OPEN_ABOVE_VAH,TARGET_HIT,11022.0,36.5,36.3,0.47296416938110747,0.4755700325732899,76.75,09:46,ENTERED,11135.25,11022.0,POC,2020-09-18,11064.5,10946.25,2020
VP_OUTSIDE_ACCEPT_POC,LONG,10790.5,10790.25,1600695120,10740.25,1600695420,"{""adverse_ticks"": 1.0, ""tick"": 0.25}",300,NQ,60.0,21.75,OPEN_BELOW_VAL,STOP_HIT,10908.75,-50.25,-50.45,-1.0039800995024877,-1.0,50.25,09:31,ENTERED,10740.25,10908.75,POC,2020-09-21,10976.75,10763.5,2020
VP_OUTSIDE_ACCEPT_POC,SHORT,11323.0,11323.25,1601390100,11327.25,1601409300,"{""adverse_ticks"": 1.0, ""tick"": 0.25}",19200,NQ,42.5,33.75,OPEN_ABOVE_VAH,TIME_EXIT,11283.75,-4.25,-4.45,-0.07035573122529644,-0.06719367588932806,63.25,10:34,ENTERED,11386.25,11283.75,POC,2020-09-29,11325.25,11250.75,2020
VP_OUTSIDE_ACCEPT_POC,LONG,11587.5,11587.25,1603719060,11622.5,1603719360,"{""adverse_ticks"": 1.0, ""tick"": 0.25}",300,NQ,0.0,41.0,OPEN_BELOW_VAL,TARGET_HIT,11622.5,35.0,34.8,1.6376470588235292,1.6470588235294117,21.25,09:30,ENTERED,11566.25,11622.5,POC,2020-10-26,11628.5,11576.25,2020
VP_OUTSIDE_ACCEPT_POC,SHORT,11515.75,11516.0,1603805580,11554.5,1603805820,"{""adverse_ticks"": 1.0, ""tick"": 0.25}",240,NQ,40.5,17.75,OPEN_ABOVE_VAH,STOP_HIT,11483.25,-38.75,-38.95,-1.0051612903225806,-1.0,38.75,09:32,ENTERED,11554.5,11483.25,POC,2020-10-27,11521.25,11359.5,2020
VP_OUTSIDE_ACCEPT_POC,LONG,11260.75,11260.5,1604064720,11229.5,1604065200,"{""adverse_ticks"": 1.0, ""tick"": 0.25}",480,NQ,38.0,20.75,OPEN_BELOW_VAL,STOP_HIT,11281.5,-31.25,-31.45,-1.0064,-1.0,31.25,09:31,ENTERED,11229.5,11281.5,POC,2020-10-30,11406.5,11246.5,2020
VP_OUTSIDE_ACCEPT_POC,SHORT,11132.25,11132.5,1604413920,11153.5,1604414700,"{""adverse_ticks"": 1.0, ""tick"": 0.25}",780,NQ,22.5,31.25,OPEN_ABOVE_VAH,STOP_HIT,10998.5,-21.25,-21.45,-1.0094117647058822,-1.0,21.25,09:31,ENTERED,11153.5,10998.5,POC,2020-11-03,11143.5,10976.75,2020
VP_OUTSIDE_ACCEPT_POC,SHORT,11892.0,11892.25,1605191520,11930.0,1605191700,"{""adverse_ticks"": 1.0, ""tick"": 0.25}",180,NQ,44.75,12.25,OPEN_ABOVE_VAH,STOP_HIT,11872.5,-38.0,-38.2,-1.0052631578947369,-1.0,38.0,09:31,ENTERED,11930.0,11872.5,POC,2020-11-12,11893.0,11808.0,2020
VP_OUTSIDE_ACCEPT_POC,SHORT,11892.25,11892.5,1605537120,11889.5,1605537120,"{""adverse_ticks"": 1.0, ""tick"": 0.25}",0,NQ,14.0,4.75,OPEN_ABOVE_VAH,TARGET_HIT,11889.5,2.75,2.55,0.07611940298507462,0.08208955223880597,33.5,09:31,ENTERED,11925.75,11889.5,POC,2020-11-16,11905.0,11844.0,2020
VP_OUTSIDE_ACCEPT_POC,SHORT,11982.25,11982.5,1605624360,11982.0,1605624360,"{""adverse_ticks"": 1.0, ""tick"": 0.25}",0,NQ,11.0,0.5,OPEN_ABOVE_VAH,TARGET_HIT,11982.0,0.25,0.04999999999999999,0.0008368200836820082,0.0041841004184100415,59.75,09:45,ENTERED,12042.0,11982.0,POC,2020-11-17,11992.75,11947.5,2020
VP_OUTSIDE_ACCEPT_POC,LONG,11989.75,11989.5,1605718560,12026.25,1605721020,"{""adverse_ticks"": 1.0, ""tick"": 0.25}",2460,NQ,3.75,38.0,OPEN_BELOW_VAL,TARGET_HIT,12026.25,36.5,36.3,0.4551724137931034,0.45768025078369906,79.75,11:55,ENTERED,11910.0,12026.25,POC,2020-11-18,12032.75,11986.5,2020
VP_OUTSIDE_ACCEPT_POC,SHORT,11966.5,11966.75,1605882720,11984.5,1605885720,"{""adverse_ticks"": 1.0, ""tick"": 0.25}",3000,NQ,18.25,20.75,OPEN_ABOVE_VAH,STOP_HIT,11942.25,-18.0,-18.2,-1.011111111111111,-1.0,18.0,09:31,ENTERED,11984.5,11942.25,POC,2020-11-20,11968.25,11884.5,2020
VP_OUTSIDE_ACCEPT_POC,LONG,11972.0,11971.75,1606141920,11978.0,1606142220,"{""adverse_ticks"": 1.0, ""tick"": 0.25}",300,NQ,15.25,10.0,OPEN_BELOW_VAL,TARGET_HIT,11978.0,6.0,5.8,0.21682242990654205,0.22429906542056074,26.75,09:31,ENTERED,11945.25,11978.0,POC,2020-11-23,12001.25,11963.25,2020
VP_OUTSIDE_ACCEPT_POC,SHORT,11943.5,11943.75,1606228260,11953.75,1606228380,"{""adverse_ticks"": 1.0, ""tick"": 0.25}",120,NQ,12.5,6.75,OPEN_ABOVE_VAH,STOP_HIT,11896.5,-10.25,-10.45,-1.0195121951219512,-1.0,10.25,09:30,ENTERED,11953.75,11896.5,POC,2020-11-24,11944.25,11841.75,2020
VP_OUTSIDE_ACCEPT_POC,SHORT,12092.25,12092.5,1606316700,12145.5,1606327320,"{""adverse_ticks"": 1.0, ""tick"": 0.25}",10620,NQ,53.5,14.25,OPEN_ABOVE_VAH,STOP_HIT,12075.0,-53.25,-53.45,-1.003755868544601,-1.0,53.25,10:04,ENTERED,12145.5,12075.0,POC,2020-11-25,12092.75,11933.25,2020
VP_OUTSIDE_ACCEPT_POC,SHORT,12606.0,12606.25,1607524320,12632.5,1607525340,"{""adverse_ticks"": 1.0, ""tick"": 0.25}",1020,NQ,26.75,18.5,OPEN_ABOVE_VAH,STOP_HIT,12551.75,-26.5,-26.7,-1.0075471698113208,-1.0,26.5,09:31,ENTERED,12632.5,12551.75,POC,2020-12-09,12608.0,12502.5,2020
VP_OUTSIDE_ACCEPT_POC,SHORT,12528.75,12529.0,1608047460,12513.75,1608048060,"{""adverse_ticks"": 1.0, ""tick"": 0.25}",600,NQ,18.75,15.75,OPEN_ABOVE_VAH,TARGET_HIT,12513.75,15.0,14.8,0.26194690265486725,0.26548672566371684,56.5,10:50,ENTERED,12585.25,12513.75,POC,2020-12-15,12531.25,12486.25,2020
VP_OUTSIDE_ACCEPT_POC,SHORT,12583.25,12583.5,1608129600,12625.5,1608132840,"{""adverse_ticks"": 1.0, ""tick"": 0.25}",3240,NQ,43.0,11.5,OPEN_ABOVE_VAH,STOP_HIT,12567.0,-42.25,-42.45,-1.004733727810651,-1.0,42.25,09:39,ENTERED,12625.5,12567.0,POC,2020-12-16,12585.25,12524.5,2020
VP_OUTSIDE_ACCEPT_POC,SHORT,12732.75,12733.0,1608302820,12719.75,1608303180,"{""adverse_ticks"": 1.0, ""tick"": 0.25}",360,NQ,13.5,17.0,OPEN_ABOVE_VAH,TARGET_HIT,12719.75,13.0,12.8,0.2316742081447964,0.23529411764705882,55.25,09:46,ENTERED,12788.0,12719.75,POC,2020-12-18,12738.75,12709.25,2020
VP_OUTSIDE_ACCEPT_POC,SHORT,12695.5,12695.75,1608647520,12720.5,1608648360,"{""adverse_ticks"": 1.0, ""tick"": 0.25}",840,NQ,25.5,17.25,OPEN_ABOVE_VAH,STOP_HIT,12671.25,-25.0,-25.2,-1.008,-1.0,25.0,09:31,ENTERED,12720.5,12671.25,POC,2020-12-22,12700.25,12532.0,2020
VP_OUTSIDE_ACCEPT_POC,SHORT,12853.25,12853.5,1609253820,12835.25,1609254720,"{""adverse_ticks"": 1.0, ""tick"": 0.25}",900,NQ,15.5,31.5,OPEN_ABOVE_VAH,TARGET_HIT,12835.25,18.0,17.8,0.2727969348659004,0.27586206896551724,65.25,09:56,ENTERED,12918.5,12835.25,POC,2020-12-29,12853.75,12798.25,2020
VP_OUTSIDE_ACCEPT_POC,SHORT,12868.75,12869.0,1609338960,12853.25,1609339560,"{""adverse_ticks"": 1.0, ""tick"": 0.25}",600,NQ,11.0,17.5,OPEN_ABOVE_VAH,TARGET_HIT,12853.25,15.5,15.3,0.3709090909090909,0.37575757575757573,41.25,09:35,ENTERED,12910.0,12853.25,POC,2020-12-30,12873.75,12825.5,2020
VP_OUTSIDE_ACCEPT_POC,LONG,12851.25,12851.0,1609425600,12855.75,1609425600,"{""adverse_ticks"": 1.0, ""tick"": 0.25}",0,NQ,0.0,6.5,OPEN_BELOW_VAL,TARGET_HIT,12855.75,4.5,4.3,0.15636363636363634,0.16363636363636364,27.5,09:39,ENTERED,12823.75,12855.75,POC,2020-12-31,12870.0,12845.25,2020
VP_OUTSIDE_ACCEPT_POC,LONG,12917.25,12917.0,1610461920,12894.75,1610462820,"{""adverse_ticks"": 1.0, ""tick"": 0.25}",900,NQ,26.75,31.0,OPEN_BELOW_VAL,STOP_HIT,12972.5,-22.5,-22.7,-1.008888888888889,-1.0,22.5,09:31,ENTERED,12894.75,12972.5,POC,2021-01-12,12996.5,12917.0,2021
VP_OUTSIDE_ACCEPT_POC,SHORT,12879.75,12880.0,1611067740,12930.5,1611077760,"{""adverse_ticks"": 1.0, ""tick"": 0.25}",10020,NQ,53.5,30.75,OPEN_ABOVE_VAH,STOP_HIT,12831.5,-50.75,-50.95,-1.0039408866995074,-1.0,50.75,09:48,ENTERED,12930.5,12831.5,POC,2021-01-19,12880.75,12794.25,2021
VP_OUTSIDE_ACCEPT_POC,SHORT,13309.75,13310.0,1611239580,13344.0,1611241800,"{""adverse_ticks"": 1.0, ""tick"": 0.25}",2220,NQ,36.75,26.75,OPEN_ABOVE_VAH,STOP_HIT,13230.0,-34.25,-34.45,-1.0058394160583943,-1.0,34.25,09:32,ENTERED,13344.0,13230.0,POC,2021-01-21,13312.25,13197.75,2021
VP_OUTSIDE_ACCEPT_POC,SHORT,13474.25,13474.5,1611671880,13433.5,1611672300,"{""adverse_ticks"": 1.0, ""tick"": 0.25}",420,NQ,7.25,47.75,OPEN_ABOVE_VAH,TARGET_HIT,13433.5,40.75,40.55,1.150354609929078,1.1560283687943262,35.25,09:37,ENTERED,13509.5,13433.5,POC,2021-01-26,13479.75,13245.25,2021
VP_OUTSIDE_ACCEPT_POC,SHORT,13045.25,13045.5,1612190760,13104.25,1612193700,"{""adverse_ticks"": 1.0, ""tick"": 0.25}",2940,NQ,63.0,75.25,OPEN_ABOVE_VAH,STOP_HIT,12935.0,-59.0,-59.2,-1.0033898305084745,-1.0,59.0,09:45,ENTERED,13104.25,12935.0,POC,2021-02-01,13047.5,12859.75,2021
VP_OUTSIDE_ACCEPT_POC,SHORT,13477.25,13477.5,1612362780,13471.0,1612363080,"{""adverse_ticks"": 1.0, ""tick"": 0.25}",300,NQ,46.0,7.0,OPEN_ABOVE_VAH,TARGET_HIT,13471.0,6.25,6.05,0.08551236749116607,0.08833922261484099,70.75,09:32,ENTERED,13548.0,13471.0,POC,2021-02-03,13488.75,13405.5,2021
VP_OUTSIDE_ACCEPT_POC,SHORT,13703.75,13704.0,1612970040,13695.0,1612970100,"{""adverse_ticks"": 1.0, ""tick"": 0.25}",60,NQ,5.25,12.0,OPEN_ABOVE_VAH,TARGET_HIT,13695.0,8.75,8.55,0.14615384615384616,0.14957264957264957,58.5,10:13,ENTERED,13762.25,13695.0,POC,2021-02-10,13707.5,13671.0,2021
VP_OUTSIDE_ACCEPT_POC,SHORT,13677.75,13678.0,1613064000,13717.75,1613076900,"{""adverse_ticks"": 1.0, ""tick"": 0.25}",12900,NQ,44.0,53.5,OPEN_ABOVE_VAH,TIME_EXIT,13620.75,-40.0,-40.2,-0.6067924528301887,-0.6037735849056604,66.25,12:19,ENTERED,13744.0,13620.75,POC,2021-02-11,13680.75,13568.0,2021
VP_OUTSIDE_ACCEPT_POC,SHORT,13047.5,13047.75,1614609420,13115.75,1614610920,"{""adverse_ticks"": 1.0, ""tick"": 0.25}",1500,NQ,72.25,6.75,OPEN_ABOVE_VAH,STOP_HIT,12952.5,-68.25,-68.45,-1.002930402930403,-1.0,68.25,09:36,ENTERED,13115.75,12952.5,POC,2021-03-01,13057.0,12914.75,2021
VP_OUTSIDE_ACCEPT_POC,SHORT,13233.0,13233.25,1614695940,13217.75,1614696000,"{""adverse_ticks"": 1.0, ""tick"": 0.25}",60,NQ,8.5,16.75,OPEN_ABOVE_VAH,TARGET_HIT,13217.75,15.25,15.05,0.21423487544483988,0.21708185053380782,70.25,09:38,ENTERED,13303.25,13217.75,POC,2021-03-02,13235.5,13073.75,2021
VP_OUTSIDE_ACCEPT_POC,SHORT,12893.25,12893.5,1615815720,12941.75,1615816320,"{""adverse_ticks"": 1.0, ""tick"": 0.25}",600,NQ,67.75,3.5,OPEN_ABOVE_VAH,STOP_HIT,12882.25,-48.5,-48.7,-1.0041237113402062,-1.0,48.5,09:41,ENTERED,12941.75,12882.25,POC,2021-03-15,12898.0,12805.25,2021
VP_OUTSIDE_ACCEPT_POC,LONG,13563.0,13562.75,1617803160,13588.0,1617804060,"{""adverse_ticks"": 1.0, ""tick"": 0.25}",900,NQ,2.75,26.0,OPEN_BELOW_VAL,TARGET_HIT,13588.0,25.0,24.8,0.4886699507389163,0.49261083743842365,50.75,09:45,ENTERED,13512.25,13588.0,POC,2021-04-07,13612.0,13558.0,2021
VP_OUTSIDE_ACCEPT_POC,LONG,13723.25,13723.0,1617976680,13732.5,1617976980,"{""adverse_ticks"": 1.0, ""tick"": 0.25}",300,NQ,3.25,10.5,OPEN_BELOW_VAL,TARGET_HIT,13732.5,9.25,9.05,0.13869731800766286,0.1417624521072797,65.25,09:57,ENTERED,13658.0,13732.5,POC,2021-04-09,13741.0,13717.0,2021
VP_OUTSIDE_ACCEPT_POC,SHORT,13945.5,13945.75,1618408920,13932.5,1618410360,"{""adverse_ticks"": 1.0, ""tick"": 0.25}",1440,NQ,23.5,19.25,OPEN_ABOVE_VAH,TARGET_HIT,13932.5,13.0,12.8,0.29595375722543354,0.30057803468208094,43.25,10:01,ENTERED,13988.75,13932.5,POC,2021-04-14,13947.0,13896.0,2021
VP_OUTSIDE_ACCEPT_POC,SHORT,14017.0,14017.25,1618579860,14007.75,1618579860,"{""adverse_ticks"": 1.0, ""tick"": 0.25}",0,NQ,0.5,26.75,OPEN_ABOVE_VAH,TARGET_HIT,14007.75,9.25,9.05,0.4113636363636364,0.42045454545454547,22.0,09:30,ENTERED,14039.0,14007.75,POC,2021-04-16,14019.0,13967.0,2021
VP_OUTSIDE_ACCEPT_POC,LONG,14001.5,14001.25,1618839240,13950.75,1618841100,"{""adverse_ticks"": 1.0, ""tick"": 0.25}",1860,NQ,52.25,12.0,OPEN_BELOW_VAL,STOP_HIT,14026.75,-50.75,-50.95,-1.0039408866995074,-1.0,50.75,09:33,ENTERED,13950.75,14026.75,POC,2021-04-19,14034.5,13993.75,2021
VP_OUTSIDE_ACCEPT_POC,SHORT,13994.0,13994.25,1619530920,13983.5,1619531160,"{""adverse_ticks"": 1.0, ""tick"": 0.25}",240,NQ,6.0,16.25,OPEN_ABOVE_VAH,TARGET_HIT,13983.5,10.5,10.3,0.25121951219512195,0.25609756097560976,41.0,09:41,ENTERED,14035.0,13983.5,POC,2021-04-27,13996.75,13926.5,2021
VP_OUTSIDE_ACCEPT_POC,LONG,13880.5,13880.25,1619789940,13954.0,1619793300,"{""adverse_ticks"": 1.0, ""tick"": 0.25}",3360,NQ,13.5,76.5,OPEN_BELOW_VAL,TARGET_HIT,13954.0,73.5,73.3,1.8211180124223603,1.826086956521739,40.25,09:38,ENTERED,13840.25,13954.0,POC,2021-04-30,13975.5,13876.25,2021
VP_OUTSIDE_ACCEPT_POC,SHORT,13903.25,13903.5,1620048720,13886.25,1620048900,"{""adverse_ticks"": 1.0, ""tick"": 0.25}",180,NQ,3.75,21.0,OPEN_ABOVE_VAH,TARGET_HIT,13886.25,17.0,16.8,1.267924528301887,1.2830188679245282,13.25,09:31,ENTERED,13916.5,13886.25,POC,2021-05-03,13910.75,13849.5,2021
VP_OUTSIDE_ACCEPT_POC,SHORT,13089.75,13090.0,1620913800,13168.5,1620914400,"{""adverse_ticks"": 1.0, ""tick"": 0.25}",600,NQ,90.0,0.75,OPEN_ABOVE_VAH,STOP_HIT,13005.75,-78.75,-78.95,-1.0025396825396826,-1.0,78.75,09:49,ENTERED,13168.5,13005.75,POC,2021-05-13,13096.25,12983.75,2021
VP_OUTSIDE_ACCEPT_POC,SHORT,13506.75,13507.0,1621604400,13494.0,1621604700,"{""adverse_ticks"": 1.0, ""tick"": 0.25}",300,NQ,13.25,19.5,OPEN_ABOVE_VAH,TARGET_HIT,13494.0,12.75,12.55,0.19763779527559056,0.20078740157480315,63.5,09:39,ENTERED,13570.25,13494.0,POC,2021-05-21,13519.5,13422.5,2021
VP_OUTSIDE_ACCEPT_POC,SHORT,13679.25,13679.5,1621949880,13643.0,1621953180,"{""adverse_ticks"": 1.0, ""tick"": 0.25}",3300,NQ,30.5,38.25,OPEN_ABOVE_VAH,TARGET_HIT,13643.0,36.25,36.05,0.6738317757009346,0.677570093457944,53.5,09:37,ENTERED,13732.75,13643.0,POC,2021-05-25,13683.0,13624.5,2021
VP_OUTSIDE_ACCEPT_POC,SHORT,13663.25,13663.5,1622037720,13709.0,1622040780,"{""adverse_ticks"": 1.0, ""tick"": 0.25}",3060,NQ,49.75,7.5,OPEN_ABOVE_VAH,STOP_HIT,13646.0,-45.75,-45.95,-1.0043715846994536,-1.0,45.75,10:01,ENTERED,13709.0,13646.0,POC,2021-05-26,13667.25,13626.0,2021
VP_OUTSIDE_ACCEPT_POC,SHORT,13727.25,13727.5,1622555460,13718.25,1622555520,"{""adverse_ticks"": 1.0, ""tick"": 0.25}",60,NQ,0.0,9.75,OPEN_ABOVE_VAH,TARGET_HIT,13718.25,9.0,8.8,0.19130434782608696,0.1956521739130435,46.0,09:50,ENTERED,13773.25,13718.25,POC,2021-06-01,13735.5,13704.75,2021
VP_OUTSIDE_ACCEPT_POC,SHORT,13845.75,13846.0,1623246780,13813.0,1623267780,"{""adverse_ticks"": 1.0, ""tick"": 0.25}",21000,NQ,34.0,33.75,OPEN_ABOVE_VAH,TARGET_HIT,13813.0,32.75,32.55,0.5540425531914893,0.5574468085106383,58.75,09:52,ENTERED,13904.5,13813.0,POC,2021-06-09,13854.25,13783.75,2021
VP_OUTSIDE_ACCEPT_POC,LONG,13849.25,13849.0,1623332040,13862.0,1623332040,"{""adverse_ticks"": 1.0, ""tick"": 0.25}",0,NQ,0.0,23.75,OPEN_BELOW_VAL,TARGET_HIT,13862.0,12.75,12.55,0.3281045751633987,0.3333333333333333,38.25,09:33,ENTERED,13811.0,13862.0,POC,2021-06-10,13874.75,13836.5,2021
VP_OUTSIDE_ACCEPT_POC,SHORT,14051.25,14051.5,1623768240,14015.5,1623786900,"{""adverse_ticks"": 1.0, ""tick"": 0.25}",18660,NQ,23.5,50.75,OPEN_ABOVE_VAH,TIME_EXIT,13999.5,35.75,35.55,0.49720279720279714,0.5,71.5,10:43,ENTERED,14122.75,13999.5,POC,2021-06-15,14056.5,13985.5,2021
VP_OUTSIDE_ACCEPT_POC,LONG,14119.75,14119.5,1624023240,14044.25,1624029120,"{""adverse_ticks"": 1.0, ""tick"": 0.25}",5880,NQ,77.25,12.0,OPEN_BELOW_VAL,STOP_HIT,14182.75,-75.5,-75.7,-1.0026490066225167,-1.0,75.5,09:33,ENTERED,14044.25,14182.75,POC,2021-06-18,14195.25,14090.5,2021
VP_OUTSIDE_ACCEPT_POC,LONG,14071.0,14070.75,1624282260,14042.0,1624282260,"{""adverse_ticks"": 1.0, ""tick"": 0.25}",0,NQ,45.75,1.0,OPEN_BELOW_VAL,STOP_HIT,14081.0,-29.0,-29.2,-1.006896551724138,-1.0,29.0,09:30,ENTERED,14042.0,14081.0,POC,2021-06-21,14113.5,14059.0,2021
VP_OUTSIDE_ACCEPT_POC,SHORT,14477.0,14477.25,1624973520,14511.0,1624973820,"{""adverse_ticks"": 1.0, ""tick"": 0.25}",300,NQ,40.5,6.75,OPEN_ABOVE_VAH,STOP_HIT,14465.5,-34.0,-34.2,-1.0058823529411764,-1.0,34.0,09:31,ENTERED,14511.0,14465.5,POC,2021-06-29,14485.0,14434.75,2021
VP_OUTSIDE_ACCEPT_POC,SHORT,14542.25,14542.5,1625059980,14569.5,1625060820,"{""adverse_ticks"": 1.0, ""tick"": 0.25}",840,NQ,30.0,18.0,OPEN_ABOVE_VAH,STOP_HIT,14517.5,-27.25,-27.45,-1.0073394495412844,-1.0,27.25,09:32,ENTERED,14569.5,14517.5,POC,2021-06-30,14544.5,14477.25,2021
VP_OUTSIDE_ACCEPT_POC,LONG,14549.0,14548.75,1625146380,14549.5,1625146380,"{""adverse_ticks"": 1.0, ""tick"": 0.25}",0,NQ,3.0,9.75,OPEN_BELOW_VAL,TARGET_HIT,14549.5,0.5,0.3,0.008823529411764706,0.014705882352941176,34.0,09:32,ENTERED,14515.0,14549.5,POC,2021-07-01,14558.75,14539.0,2021
VP_OUTSIDE_ACCEPT_POC,SHORT,14824.75,14825.0,1626097260,14807.0,1626098460,"{""adverse_ticks"": 1.0, ""tick"": 0.25}",1200,NQ,33.0,20.5,OPEN_ABOVE_VAH,TARGET_HIT,14807.0,17.75,17.55,0.27421875,0.27734375,64.0,09:40,ENTERED,14888.75,14807.0,POC,2021-07-12,14832.0,14718.5,2021
VP_OUTSIDE_ACCEPT_POC,SHORT,14940.0,14940.25,1626270600,14991.75,1626271440,"{""adverse_ticks"": 1.0, ""tick"": 0.25}",840,NQ,55.75,3.5,OPEN_ABOVE_VAH,STOP_HIT,14878.25,-51.75,-51.95,-1.003864734299517,-1.0,51.75,09:49,ENTERED,14991.75,14878.25,POC,2021-07-14,14940.5,14847.5,2021
VP_OUTSIDE_ACCEPT_POC,SHORT,14811.0,14811.25,1626443520,14763.25,1626445320,"{""adverse_ticks"": 1.0, ""tick"": 0.25}",1800,NQ,17.5,62.25,OPEN_ABOVE_VAH,TARGET_HIT,14763.25,47.75,47.55,0.8093617021276596,0.8127659574468085,58.75,09:51,ENTERED,14869.75,14763.25,POC,2021-07-16,14816.5,14728.5,2021
VP_OUTSIDE_ACCEPT_POC,SHORT,14944.25,14944.5,1627479480,14918.5,1627479600,"{""adverse_ticks"": 1.0, ""tick"": 0.25}",120,NQ,3.75,30.75,OPEN_ABOVE_VAH,TARGET_HIT,14918.5,25.75,25.55,0.32651757188498404,0.329073482428115,78.25,09:37,ENTERED,15022.5,14918.5,POC,2021-07-28,14953.5,14797.5,2021
VP_OUTSIDE_ACCEPT_POC,LONG,15129.25,15129.0,1628256840,15148.0,1628256900,"{""adverse_ticks"": 1.0, ""tick"": 0.25}",60,NQ,4.0,19.0,OPEN_BELOW_VAL,TARGET_HIT,15148.0,18.75,18.55,0.742,0.75,25.0,09:33,ENTERED,15104.25,15148.0,POC,2021-08-06,15172.25,15124.0,2021
VP_OUTSIDE_ACCEPT_POC,SHORT,15103.0,15103.25,1628516160,15092.75,1628516160,"{""adverse_ticks"": 1.0, ""tick"": 0.25}",0,NQ,1.25,19.75,OPEN_ABOVE_VAH,TARGET_HIT,15092.75,10.25,10.05,0.2791666666666667,0.2847222222222222,36.0,09:35,ENTERED,15139.0,15092.75,POC,2021-08-09,15114.25,15076.75,2021
VP_OUTSIDE_ACCEPT_POC,SHORT,15124.75,15125.0,1628602440,15154.0,1628604000,"{""adverse_ticks"": 1.0, ""tick"": 0.25}",1560,NQ,32.25,8.25,OPEN_ABOVE_VAH,STOP_HIT,15111.0,-29.25,-29.45,-1.0068376068376068,-1.0,29.25,09:33,ENTERED,15154.0,15111.0,POC,2021-08-10,15130.5,15102.75,2021
VP_OUTSIDE_ACCEPT_POC,SHORT,15080.25,15080.5,1628689080,15046.5,1628691060,"{""adverse_ticks"": 1.0, ""tick"": 0.25}",1980,NQ,13.25,38.0,OPEN_ABOVE_VAH,TARGET_HIT,15046.5,33.75,33.55,0.8602564102564102,0.8653846153846154,39.0,09:37,ENTERED,15119.25,15046.5,POC,2021-08-11,15081.0,15004.0,2021
VP_OUTSIDE_ACCEPT_POC,LONG,15098.5,15098.25,1629120780,15076.25,1629121620,"{""adverse_ticks"": 1.0, ""tick"": 0.25}",840,NQ,23.75,14.0,OPEN_BELOW_VAL,STOP_HIT,15113.25,-22.25,-22.45,-1.0089887640449438,-1.0,22.25,09:32,ENTERED,15076.25,15113.25,POC,2021-08-16,15120.5,15097.5,2021
VP_OUTSIDE_ACCEPT_POC,SHORT,15361.25,15361.5,1629900420,15353.0,1629901920,"{""adverse_ticks"": 1.0, ""tick"": 0.25}",1500,NQ,24.25,12.25,OPEN_ABOVE_VAH,TARGET_HIT,15353.0,8.25,8.05,0.22361111111111112,0.22916666666666666,36.0,10:06,ENTERED,15397.25,15353.0,POC,2021-08-25,15363.75,15336.5,2021
VP_OUTSIDE_ACCEPT_POC,LONG,15352.25,15352.0,1629984660,15359.25,1629984780,"{""adverse_ticks"": 1.0, ""tick"": 0.25}",120,NQ,7.25,8.0,OPEN_BELOW_VAL,TARGET_HIT,15359.25,7.0,6.8,0.38857142857142857,0.4,17.5,09:30,ENTERED,15334.75,15359.25,POC,2021-08-26,15372.75,15345.75,2021
VP_OUTSIDE_ACCEPT_POC,LONG,15588.25,15588.0,1630675860,15632.75,1630677540,"{""adverse_ticks"": 1.0, ""tick"": 0.25}",1680,NQ,33.5,55.75,OPEN_BELOW_VAL,TARGET_HIT,15632.75,44.5,44.3,1.2934306569343066,1.2992700729927007,34.25,09:30,ENTERED,15554.0,15632.75,POC,2021-09-03,15657.25,15585.5,2021
VP_OUTSIDE_ACCEPT_POC,SHORT,15617.5,15617.75,1631201220,15606.25,1631208000,"{""adverse_ticks"": 1.0, ""tick"": 0.25}",6780,NQ,21.75,21.25,OPEN_ABOVE_VAH,TARGET_HIT,15606.25,11.25,11.05,0.1888888888888889,0.19230769230769232,58.5,11:26,ENTERED,15676.0,15606.25,POC,2021-09-09,15625.0,15558.25,2021
VP_OUTSIDE_ACCEPT_POC,SHORT,15430.75,15431.0,1631799060,15453.0,1631799180,"{""adverse_ticks"": 1.0, ""tick"": 0.25}",120,NQ,40.0,1.5,OPEN_ABOVE_VAH,STOP_HIT,15359.0,-22.25,-22.45,-1.0089887640449438,-1.0,22.25,09:30,ENTERED,15453.0,15359.0,POC,2021-09-16,15440.5,15307.75,2021
VP_OUTSIDE_ACCEPT_POC,SHORT,15451.25,15451.5,1631885460,15394.0,1631886840,"{""adverse_ticks"": 1.0, ""tick"": 0.25}",1380,NQ,20.25,59.75,OPEN_ABOVE_VAH,TARGET_HIT,15394.0,57.25,57.05,1.677941176470588,1.6838235294117647,34.0,09:30,ENTERED,15485.25,15394.0,POC,2021-09-17,15465.5,15366.25,2021
VP_OUTSIDE_ACCEPT_POC,SHORT,15201.0,15201.25,1632404040,15233.5,1632404340,"{""adverse_ticks"": 1.0, ""tick"": 0.25}",300,NQ,39.25,19.25,OPEN_ABOVE_VAH,STOP_HIT,15167.75,-32.5,-32.7,-1.0061538461538462,-1.0,32.5,09:33,ENTERED,15233.5,15167.75,POC,2021-09-23,15204.0,15116.5,2021
VP_OUTSIDE_ACCEPT_POC,LONG,15202.25,15202.0,1632749460,15176.5,1632749520,"{""adverse_ticks"": 1.0, ""tick"": 0.25}",60,NQ,29.75,12.5,OPEN_BELOW_VAL,STOP_HIT,15226.0,-25.75,-25.95,-1.007766990291262,-1.0,25.75,09:30,ENTERED,15176.5,15226.0,POC,2021-09-27,15274.0,15197.5,2021
VP_OUTSIDE_ACCEPT_POC,SHORT,14705.25,14705.5,1634133120,14668.5,1634134440,"{""adverse_ticks"": 1.0, ""tick"": 0.25}",1320,NQ,34.5,38.5,OPEN_ABOVE_VAH,TARGET_HIT,14668.5,36.75,36.55,0.495593220338983,0.49830508474576274,73.75,09:51,ENTERED,14779.0,14668.5,POC,2021-10-13,14706.25,14651.5,2021
VP_OUTSIDE_ACCEPT_POC,SHORT,15400.75,15401.0,1634738100,15386.75,1634738520,"{""adverse_ticks"": 1.0, ""tick"": 0.25}",420,NQ,15.0,17.0,OPEN_ABOVE_VAH,TARGET_HIT,15386.75,14.0,13.8,0.35844155844155845,0.36363636363636365,38.5,09:54,ENTERED,15439.25,15386.75,POC,2021-10-20,15402.0,15344.25,2021
VP_OUTSIDE_ACCEPT_POC,LONG,15361.25,15361.0,1634823060,15342.25,1634823060,"{""adverse_ticks"": 1.0, ""tick"": 0.25}",0,NQ,24.75,4.0,OPEN_BELOW_VAL,STOP_HIT,15366.0,-19.0,-19.2,-1.0105263157894737,-1.0,19.0,09:30,ENTERED,15342.25,15366.0,POC,2021-10-21,15420.25,15360.0,2021
VP_OUTSIDE_ACCEPT_POC,SHORT,15385.25,15385.5,1635169080,15339.25,1635169200,"{""adverse_ticks"": 1.0, ""tick"": 0.25}",120,NQ,2.5,54.5,OPEN_ABOVE_VAH,TARGET_HIT,15339.25,46.0,45.8,0.9346938775510204,0.9387755102040817,49.0,09:37,ENTERED,15434.25,15339.25,POC,2021-10-25,15403.5,15278.25,2021
VP_OUTSIDE_ACCEPT_POC,SHORT,15652.25,15652.5,1635428160,15687.75,1635428760,"{""adverse_ticks"": 1.0, ""tick"": 0.25}",600,NQ,40.5,17.0,OPEN_ABOVE_VAH,STOP_HIT,15632.75,-35.5,-35.7,-1.0056338028169014,-1.0,35.5,09:35,ENTERED,15687.75,15632.75,POC,2021-10-28,15658.75,15572.5,2021
VP_OUTSIDE_ACCEPT_POC,LONG,15685.75,15685.5,1635515340,15738.0,1635520980,"{""adverse_ticks"": 1.0, ""tick"": 0.25}",5640,NQ,23.5,52.5,OPEN_BELOW_VAL,TARGET_HIT,15738.0,52.25,52.05,0.7409252669039146,0.7437722419928826,70.25,09:48,ENTERED,15615.5,15738.0,POC,2021-10-29,15759.0,15685.0,2021
VP_OUTSIDE_ACCEPT_POC,SHORT,15839.25,15839.5,1635773520,15785.5,1635775260,"{""adverse_ticks"": 1.0, ""tick"": 0.25}",1740,NQ,13.5,56.75,OPEN_ABOVE_VAH,TARGET_HIT,15785.5,53.75,53.55,1.8152542372881355,1.8220338983050848,29.5,09:31,ENTERED,15868.75,15785.5,POC,2021-11-01,15846.75,15689.25,2021
VP_OUTSIDE_ACCEPT_POC,SHORT,15957.0,15957.25,1635946440,15953.75,1635946500,"{""adverse_ticks"": 1.0, ""tick"": 0.25}",60,NQ,13.0,7.5,OPEN_ABOVE_VAH,TARGET_HIT,15953.75,3.25,3.05,0.07530864197530864,0.08024691358024691,40.5,09:33,ENTERED,15997.5,15953.75,POC,2021-11-03,15961.25,15924.75,2021
VP_OUTSIDE_ACCEPT_POC,SHORT,16368.75,16369.0,1636131480,16315.0,1636133220,"{""adverse_ticks"": 1.0, ""tick"": 0.25}",1740,NQ,18.75,60.5,OPEN_ABOVE_VAH,TARGET_HIT,16315.0,53.75,53.55,0.6693749999999999,0.671875,80.0,12:57,ENTERED,16448.75,16315.0,POC,2021-11-05,16372.25,16274.75,2021
VP_OUTSIDE_ACCEPT_POC,LONG,16362.75,16362.5,1636381920,16331.75,1636383180,"{""adverse_ticks"": 1.0, ""tick"": 0.25}",1260,NQ,45.25,31.5,OPEN_BELOW_VAL,STOP_HIT,16429.5,-31.0,-31.2,-1.0064516129032257,-1.0,31.0,09:31,ENTERED,16331.75,16429.5,POC,2021-11-08,16441.75,16355.5,2021
VP_OUTSIDE_ACCEPT_POC,SHORT,16360.0,16360.25,1636468560,16359.25,1636468560,"{""adverse_ticks"": 1.0, ""tick"": 0.25}",0,NQ,17.5,2.75,OPEN_ABOVE_VAH,TARGET_HIT,16359.25,0.75,0.55,0.0171875,0.0234375,32.0,09:35,ENTERED,16392.0,16359.25,POC,2021-11-09,16363.25,16330.0,2021
VP_OUTSIDE_ACCEPT_POC,SHORT,16207.5,16207.75,1636987860,16187.0,1636989000,"{""adverse_ticks"": 1.0, ""tick"": 0.25}",1140,NQ,25.25,31.25,OPEN_ABOVE_VAH,TARGET_HIT,16187.0,20.5,20.3,0.4319148936170213,0.43617021276595747,47.0,09:50,ENTERED,16254.5,16187.0,POC,2021-11-15,16213.25,16064.0,2021
VP_OUTSIDE_ACCEPT_POC,SHORT,16025.5,16025.75,1638541860,16060.5,1638541860,"{""adverse_ticks"": 1.0, ""tick"": 0.25}",0,NQ,35.0,14.25,OPEN_ABOVE_VAH,STOP_HIT,16000.75,-35.0,-35.2,-1.0057142857142858,-1.0,35.0,09:30,ENTERED,16060.5,16000.75,POC,2021-12-03,16027.0,15894.75,2021
VP_OUTSIDE_ACCEPT_POC,SHORT,15686.5,15686.75,1638801120,15590.25,1638801360,"{""adverse_ticks"": 1.0, ""tick"": 0.25}",240,NQ,8.5,110.75,OPEN_ABOVE_VAH,TARGET_HIT,15590.25,96.25,96.05,1.2936026936026936,1.2962962962962963,74.25,09:31,ENTERED,15760.75,15590.25,POC,2021-12-06,15719.5,15563.25,2021
VP_OUTSIDE_ACCEPT_POC,SHORT,16300.75,16301.0,1638973860,16293.5,1638973860,"{""adverse_ticks"": 1.0, ""tick"": 0.25}",0,NQ,4.5,42.0,OPEN_ABOVE_VAH,TARGET_HIT,16293.5,7.25,7.05,0.21363636363636362,0.2196969696969697,33.0,09:30,ENTERED,16333.75,16293.5,POC,2021-12-08,16327.25,16241.75,2021
VP_OUTSIDE_ACCEPT_POC,SHORT,16288.75,16289.0,1639405980,16247.25,1639408860,"{""adverse_ticks"": 1.0, ""tick"": 0.25}",2880,NQ,43.75,47.0,OPEN_ABOVE_VAH,TARGET_HIT,16247.25,41.5,41.3,0.8098039215686273,0.8137254901960784,51.0,09:32,ENTERED,16339.75,16247.25,POC,2021-12-13,16291.5,16207.0,2021
VP_OUTSIDE_ACCEPT_POC,SHORT,16542.5,16542.75,1640702160,16520.0,1640704140,"{""adverse_ticks"": 1.0, ""tick"": 0.25}",1980,NQ,53.0,24.25,OPEN_ABOVE_VAH,TARGET_HIT,16520.0,22.5,22.3,0.3366037735849057,0.33962264150943394,66.25,09:35,ENTERED,16608.75,16520.0,POC,2021-12-28,16563.5,16471.75,2021
VP_OUTSIDE_ACCEPT_POC,SHORT,16454.75,16455.0,1641307860,16409.5,1641308520,"{""adverse_ticks"": 1.0, ""tick"": 0.25}",660,NQ,15.5,45.75,OPEN_ABOVE_VAH,TARGET_HIT,16409.5,45.25,45.05,0.7834782608695652,0.7869565217391304,57.5,09:50,ENTERED,16512.25,16409.5,POC,2022-01-04,16462.75,16346.5,2022
VP_OUTSIDE_ACCEPT_POC,SHORT,15938.5,15938.75,1642084320,15965.75,1642084380,"{""adverse_ticks"": 1.0, ""tick"": 0.25}",60,NQ,28.0,0.75,OPEN_ABOVE_VAH,STOP_HIT,15902.25,-27.25,-27.45,-1.0073394495412844,-1.0,27.25,09:31,ENTERED,15965.75,15902.25,POC,2022-01-13,15944.5,15860.0,2022
VP_OUTSIDE_ACCEPT_POC,SHORT,14695.5,14695.75,1644244260,14718.75,1644244320,"{""adverse_ticks"": 1.0, ""tick"": 0.25}",60,NQ,30.75,13.5,OPEN_ABOVE_VAH,STOP_HIT,14578.75,-23.25,-23.45,-1.0086021505376344,-1.0,23.25,09:30,ENTERED,14718.75,14578.75,POC,2022-02-07,14702.75,14435.25,2022
VP_OUTSIDE_ACCEPT_POC,SHORT,14167.5,14167.75,1646145240,14203.25,1646145240,"{""adverse_ticks"": 1.0, ""tick"": 0.25}",0,NQ,53.0,4.25,OPEN_ABOVE_VAH,STOP_HIT,14081.25,-35.75,-35.95,-1.0055944055944057,-1.0,35.75,09:33,ENTERED,14203.25,14081.25,POC,2022-03-01,14174.75,14016.75,2022
VP_OUTSIDE_ACCEPT_POC,SHORT,14286.5,14286.75,1646318280,14252.75,1646318880,"{""adverse_ticks"": 1.0, ""tick"": 0.25}",600,NQ,32.75,34.0,OPEN_ABOVE_VAH,TARGET_HIT,14252.75,33.75,33.55,0.4844765342960288,0.48736462093862815,69.25,09:37,ENTERED,14355.75,14252.75,POC,2022-03-03,14286.0,14075.25,2022
VP_OUTSIDE_ACCEPT_POC,SHORT,13827.0,13827.25,1647523980,13877.75,1647524040,"{""adverse_ticks"": 1.0, ""tick"": 0.25}",60,NQ,61.75,0.0,OPEN_ABOVE_VAH,STOP_HIT,13815.25,-50.75,-50.95,-1.0039408866995074,-1.0,50.75,09:32,ENTERED,13877.75,13815.25,POC,2022-03-17,13853.0,13662.5,2022
VP_OUTSIDE_ACCEPT_POC,SHORT,14231.0,14231.25,1650461580,14161.25,1650462060,"{""adverse_ticks"": 1.0, ""tick"": 0.25}",480,NQ,9.0,78.0,OPEN_ABOVE_VAH,TARGET_HIT,14161.25,69.75,69.55,1.7719745222929935,1.7770700636942676,39.25,09:32,ENTERED,14270.25,14161.25,POC,2022-04-20,14240.5,14085.5,2022
VP_OUTSIDE_ACCEPT_POC,SHORT,13388.0,13388.25,1650979980,13319.0,1650980580,"{""adverse_ticks"": 1.0, ""tick"": 0.25}",600,NQ,4.5,69.5,OPEN_ABOVE_VAH,TARGET_HIT,13319.0,69.0,68.8,1.092063492063492,1.0952380952380953,63.0,09:32,ENTERED,13451.0,13319.0,POC,2022-04-26,13401.25,13254.5,2022
VP_OUTSIDE_ACCEPT_POC,LONG,13087.75,13087.5,1651066380,13125.75,1651066560,"{""adverse_ticks"": 1.0, ""tick"": 0.25}",180,NQ,8.75,50.5,OPEN_BELOW_VAL,TARGET_HIT,13125.75,38.0,37.8,0.48461538461538456,0.48717948717948717,78.0,09:32,ENTERED,13009.75,13125.75,POC,2022-04-27,13230.0,13084.5,2022
VP_OUTSIDE_ACCEPT_POC,LONG,11899.75,11899.5,1652967060,11944.75,1652967360,"{""adverse_ticks"": 1.0, ""tick"": 0.25}",300,NQ,29.25,54.75,OPEN_BELOW_VAL,TARGET_HIT,11944.75,45.0,44.8,1.253146853146853,1.2587412587412588,35.75,09:30,ENTERED,11864.0,11944.75,POC,2022-05-19,12251.25,11887.5,2022
VP_OUTSIDE_ACCEPT_POC,SHORT,11974.25,11974.5,1653053760,11949.0,1653053760,"{""adverse_ticks"": 1.0, ""tick"": 0.25}",0,NQ,11.0,29.25,OPEN_ABOVE_VAH,TARGET_HIT,11949.0,25.25,25.05,0.31708860759493673,0.31962025316455694,79.0,09:35,ENTERED,12053.25,11949.0,POC,2022-05-20,11979.5,11875.75,2022
VP_OUTSIDE_ACCEPT_POC,LONG,12050.5,12050.25,1657287420,11987.75,1657288260,"{""adverse_ticks"": 1.0, ""tick"": 0.25}",840,NQ,66.0,40.75,OPEN_BELOW_VAL,STOP_HIT,12135.0,-62.75,-62.95,-1.003187250996016,-1.0,62.75,09:36,ENTERED,11987.75,12135.0,POC,2022-07-08,12167.25,12040.25,2022
VP_OUTSIDE_ACCEPT_POC,SHORT,12753.5,12753.75,1659101760,12821.5,1659102000,"{""adverse_ticks"": 1.0, ""tick"": 0.25}",240,NQ,71.25,9.5,OPEN_ABOVE_VAH,STOP_HIT,12661.75,-68.0,-68.2,-1.0029411764705882,-1.0,68.0,09:35,ENTERED,12821.5,12661.75,POC,2022-07-29,12763.5,12568.0,2022
VP_OUTSIDE_ACCEPT_POC,LONG,12938.5,12938.25,1661261580,12893.0,1661262180,"{""adverse_ticks"": 1.0, ""tick"": 0.25}",600,NQ,59.5,15.25,OPEN_BELOW_VAL,STOP_HIT,12975.0,-45.5,-45.7,-1.0043956043956044,-1.0,45.5,09:32,ENTERED,12893.0,12975.0,POC,2022-08-23,13091.0,12927.25,2022
VP_OUTSIDE_ACCEPT_POC,LONG,12900.0,12899.75,1661347860,12871.5,1661348040,"{""adverse_ticks"": 1.0, ""tick"": 0.25}",180,NQ,43.0,7.0,OPEN_BELOW_VAL,STOP_HIT,12927.75,-28.5,-28.7,-1.0070175438596491,-1.0,28.5,09:30,ENTERED,12871.5,12927.75,POC,2022-08-24,12950.75,12897.25,2022
VP_OUTSIDE_ACCEPT_POC,SHORT,12980.75,12981.0,1661434440,13014.5,1661435700,"{""adverse_ticks"": 1.0, ""tick"": 0.25}",1260,NQ,36.25,19.0,OPEN_ABOVE_VAH,STOP_HIT,12934.5,-33.75,-33.95,-1.0059259259259261,-1.0,33.75,09:33,ENTERED,13014.5,12934.5,POC,2022-08-25,12983.5,12907.75,2022
VP_OUTSIDE_ACCEPT_POC,SHORT,13092.75,13093.0,1661521860,13080.75,1661522460,"{""adverse_ticks"": 1.0, ""tick"": 0.25}",600,NQ,50.0,37.5,OPEN_ABOVE_VAH,TARGET_HIT,13080.75,12.0,11.8,0.17226277372262774,0.17518248175182483,68.5,09:50,ENTERED,13161.25,13080.75,POC,2022-08-26,13100.5,13015.25,2022
VP_OUTSIDE_ACCEPT_POC,LONG,12144.25,12144.0,1663248900,12200.0,1663249740,"{""adverse_ticks"": 1.0, ""tick"": 0.25}",840,NQ,32.5,61.25,OPEN_BELOW_VAL,TARGET_HIT,12200.0,55.75,55.55,1.621897810218978,1.6277372262773722,34.25,09:34,ENTERED,12110.0,12200.0,POC,2022-09-15,12229.25,12142.0,2022
VP_OUTSIDE_ACCEPT_POC,SHORT,11134.5,11134.75,1665754440,11096.25,1665755100,"{""adverse_ticks"": 1.0, ""tick"": 0.25}",660,NQ,66.25,71.75,OPEN_ABOVE_VAH,TARGET_HIT,11096.25,38.25,38.05,0.5194539249146757,0.5221843003412969,73.25,09:33,ENTERED,11207.75,11096.25,POC,2022-10-14,11142.75,10676.5,2022
VP_OUTSIDE_ACCEPT_POC,LONG,11051.5,11051.25,1666359120,11089.0,1666359900,"{""adverse_ticks"": 1.0, ""tick"": 0.25}",780,NQ,53.75,74.75,OPEN_BELOW_VAL,TARGET_HIT,11089.0,37.5,37.3,0.6601769911504425,0.6637168141592921,56.5,09:31,ENTERED,10995.0,11089.0,POC,2022-10-21,11256.5,11046.0,2022
VP_OUTSIDE_ACCEPT_POC,LONG,11449.5,11449.25,1666877460,11400.25,1666877760,"{""adverse_ticks"": 1.0, ""tick"": 0.25}",300,NQ,54.0,14.75,OPEN_BELOW_VAL,STOP_HIT,11467.75,-49.25,-49.45,-1.0040609137055838,-1.0,49.25,09:30,ENTERED,11400.25,11467.75,POC,2022-10-27,11596.5,11437.5,2022
VP_OUTSIDE_ACCEPT_POC,LONG,11234.25,11234.0,1666963860,11287.5,1666963980,"{""adverse_ticks"": 1.0, ""tick"": 0.25}",120,NQ,9.0,71.5,OPEN_BELOW_VAL,TARGET_HIT,11287.5,53.25,53.05,1.8778761061946903,1.8849557522123894,28.25,09:30,ENTERED,11206.0,11287.5,POC,2022-10-28,11360.25,11233.25,2022
VP_OUTSIDE_ACCEPT_POC,SHORT,10897.75,10898.0,1667831640,10969.0,1667848500,"{""adverse_ticks"": 1.0, ""tick"": 0.25}",16860,NQ,83.5,50.75,OPEN_ABOVE_VAH,STOP_HIT,10844.5,-71.25,-71.45,-1.0028070175438597,-1.0,71.25,09:33,ENTERED,10969.0,10844.5,POC,2022-11-07,10903.25,10717.5,2022
VP_OUTSIDE_ACCEPT_POC,LONG,11540.25,11540.0,1670423640,11495.0,1670424420,"{""adverse_ticks"": 1.0, ""tick"": 0.25}",780,NQ,56.25,56.25,OPEN_BELOW_VAL,STOP_HIT,11632.25,-45.25,-45.45,-1.0044198895027625,-1.0,45.25,09:33,ENTERED,11495.0,11632.25,POC,2022-12-07,11645.0,11533.75,2022
VP_OUTSIDE_ACCEPT_POC,SHORT,11523.5,11523.75,1670510040,11511.0,1670510100,"{""adverse_ticks"": 1.0, ""tick"": 0.25}",60,NQ,4.5,17.5,OPEN_ABOVE_VAH,TARGET_HIT,11511.0,12.5,12.3,0.24974619289340103,0.25380710659898476,49.25,09:33,ENTERED,11572.75,11511.0,POC,2022-12-08,11529.5,11475.5,2022
VP_OUTSIDE_ACCEPT_POC,LONG,11598.5,11598.25,1670856660,11543.0,1670860140,"{""adverse_ticks"": 1.0, ""tick"": 0.25}",3480,NQ,63.0,7.0,OPEN_BELOW_VAL,STOP_HIT,11660.5,-55.5,-55.7,-1.0036036036036036,-1.0,55.5,09:50,ENTERED,11543.0,11660.5,POC,2022-12-12,11681.5,11596.5,2022
VP_OUTSIDE_ACCEPT_POC,SHORT,10965.5,10965.75,1672842840,11041.5,1672843260,"{""adverse_ticks"": 1.0, ""tick"": 0.25}",420,NQ,78.5,2.75,OPEN_ABOVE_VAH,STOP_HIT,10943.0,-76.0,-76.2,-1.0026315789473685,-1.0,76.0,09:33,ENTERED,11041.5,10943.0,POC,2023-01-04,10972.25,10864.0,2023
VP_OUTSIDE_ACCEPT_POC,SHORT,10874.75,10875.0,1673015460,10865.25,1673015460,"{""adverse_ticks"": 1.0, ""tick"": 0.25}",0,NQ,3.5,21.75,OPEN_ABOVE_VAH,TARGET_HIT,10865.25,9.5,9.3,0.3234782608695652,0.33043478260869563,28.75,09:30,ENTERED,10903.5,10865.25,POC,2023-01-06,10885.75,10832.5,2023
VP_OUTSIDE_ACCEPT_POC,SHORT,11441.5,11441.75,1673534100,11416.0,1673534460,"{""adverse_ticks"": 1.0, ""tick"": 0.25}",360,NQ,19.5,31.5,OPEN_ABOVE_VAH,TARGET_HIT,11416.0,25.5,25.3,0.32645161290322583,0.32903225806451614,77.5,09:34,ENTERED,11519.0,11416.0,POC,2023-01-12,11452.5,11346.0,2023
VP_OUTSIDE_ACCEPT_POC,LONG,11447.5,11447.25,1673620320,11419.75,1673620380,"{""adverse_ticks"": 1.0, ""tick"": 0.25}",60,NQ,30.25,1.25,OPEN_BELOW_VAL,STOP_HIT,11545.0,-27.75,-27.95,-1.0072072072072071,-1.0,27.75,09:31,ENTERED,11419.75,11545.0,POC,2023-01-13,11554.0,11444.0,2023
VP_OUTSIDE_ACCEPT_POC,SHORT,11410.75,11411.0,1674225060,11429.5,1674225660,"{""adverse_ticks"": 1.0, ""tick"": 0.25}",600,NQ,19.75,27.5,OPEN_ABOVE_VAH,STOP_HIT,11361.0,-18.75,-18.95,-1.0106666666666666,-1.0,18.75,09:30,ENTERED,11429.5,11361.0,POC,2023-01-20,11418.25,11341.25,2023
VP_OUTSIDE_ACCEPT_POC,SHORT,12111.75,12112.0,1675262100,12156.25,1675263300,"{""adverse_ticks"": 1.0, ""tick"": 0.25}",1200,NQ,46.0,10.75,OPEN_ABOVE_VAH,STOP_HIT,12086.75,-44.5,-44.7,-1.0044943820224719,-1.0,44.5,09:34,ENTERED,12156.25,12086.75,POC,2023-02-01,12122.25,12032.75,2023
VP_OUTSIDE_ACCEPT_POC,LONG,12510.5,12510.25,1675780260,12502.75,1675780260,"{""adverse_ticks"": 1.0, ""tick"": 0.25}",0,NQ,15.75,10.25,OPEN_BELOW_VAL,STOP_HIT,12546.75,-7.75,-7.95,-1.0258064516129033,-1.0,7.75,09:30,ENTERED,12502.75,12546.75,POC,2023-02-07,12565.25,12504.75,2023
VP_OUTSIDE_ACCEPT_POC,SHORT,12676.0,12676.25,1675868040,12519.0,1675874040,"{""adverse_ticks"": 1.0, ""tick"": 0.25}",6000,NQ,57.75,159.0,OPEN_ABOVE_VAH,TARGET_HIT,12519.0,157.0,156.8,2.056393442622951,2.059016393442623,76.25,09:53,ENTERED,12752.25,12519.0,POC,2023-02-08,12681.25,12473.5,2023
VP_OUTSIDE_ACCEPT_POC,LONG,12374.5,12374.25,1676039460,12330.0,1676040000,"{""adverse_ticks"": 1.0, ""tick"": 0.25}",540,NQ,52.25,19.75,OPEN_BELOW_VAL,STOP_HIT,12429.5,-44.5,-44.7,-1.0044943820224719,-1.0,44.5,09:30,ENTERED,12330.0,12429.5,POC,2023-02-10,12628.25,12372.75,2023
VP_OUTSIDE_ACCEPT_POC,SHORT,12358.5,12358.75,1676298960,12410.25,1676299260,"{""adverse_ticks"": 1.0, ""tick"": 0.25}",300,NQ,59.25,6.75,OPEN_ABOVE_VAH,STOP_HIT,12327.75,-51.75,-51.95,-1.003864734299517,-1.0,51.75,09:35,ENTERED,12410.25,12327.75,POC,2023-02-13,12371.0,12296.25,2023
VP_OUTSIDE_ACCEPT_POC,LONG,12551.5,12551.25,1676557980,12522.25,1676558160,"{""adverse_ticks"": 1.0, ""tick"": 0.25}",180,NQ,41.0,5.75,OPEN_BELOW_VAL,STOP_HIT,12596.25,-29.25,-29.45,-1.0068376068376068,-1.0,29.25,09:32,ENTERED,12522.25,12596.25,POC,2023-02-16,12669.5,12546.5,2023
VP_OUTSIDE_ACCEPT_POC,LONG,12075.0,12074.75,1677682200,12003.75,1677683100,"{""adverse_ticks"": 1.0, ""tick"": 0.25}",900,NQ,78.5,4.75,OPEN_BELOW_VAL,STOP_HIT,12087.0,-71.25,-71.45,-1.0028070175438597,-1.0,71.25,09:49,ENTERED,12003.75,12087.0,POC,2023-03-01,12122.25,12063.25,2023
VP_OUTSIDE_ACCEPT_POC,SHORT,12316.25,12316.5,1678973820,12363.25,1678974000,"{""adverse_ticks"": 1.0, ""tick"": 0.25}",180,NQ,56.5,2.5,OPEN_ABOVE_VAH,STOP_HIT,12227.25,-47.0,-47.2,-1.0042553191489363,-1.0,47.0,09:36,ENTERED,12363.25,12227.25,POC,2023-03-16,12322.0,12172.25,2023
VP_OUTSIDE_ACCEPT_POC,LONG,12876.25,12876.0,1679578260,12883.75,1679578380,"{""adverse_ticks"": 1.0, ""tick"": 0.25}",120,NQ,12.25,12.25,OPEN_BELOW_VAL,TARGET_HIT,12883.75,7.5,7.3,0.3173913043478261,0.32608695652173914,23.0,09:30,ENTERED,12853.25,12883.75,POC,2023-03-23,12971.75,12857.75,2023
VP_OUTSIDE_ACCEPT_POC,SHORT,13271.25,13271.5,1680615360,13236.5,1680615840,"{""adverse_ticks"": 1.0, ""tick"": 0.25}",480,NQ,15.0,39.5,OPEN_ABOVE_VAH,TARGET_HIT,13236.5,34.75,34.55,1.3683168316831682,1.3762376237623761,25.25,09:35,ENTERED,13296.5,13236.5,POC,2023-04-04,13274.75,13186.5,2023
VP_OUTSIDE_ACCEPT_POC,LONG,13157.0,13156.75,1681916520,13179.0,1681920000,"{""adverse_ticks"": 1.0, ""tick"": 0.25}",3480,NQ,19.25,24.0,OPEN_BELOW_VAL,TARGET_HIT,13179.0,22.0,21.8,0.28403908794788274,0.28664495114006516,76.75,11:01,ENTERED,13080.25,13179.0,POC,2023-04-19,13201.25,13150.25,2023
VP_OUTSIDE_ACCEPT_POC,LONG,13125.0,13124.75,1681999440,13199.75,1682011140,"{""adverse_ticks"": 1.0, ""tick"": 0.25}",11700,NQ,33.25,75.25,OPEN_BELOW_VAL,TARGET_HIT,13199.75,74.75,74.55,0.9436708860759493,0.9462025316455697,79.0,10:03,ENTERED,13046.0,13199.75,POC,2023-04-20,13214.0,13122.75,2023
VP_OUTSIDE_ACCEPT_POC,LONG,13066.75,13066.5,1682083920,13043.0,1682084220,"{""adverse_ticks"": 1.0, ""tick"": 0.25}",300,NQ,28.25,7.5,OPEN_BELOW_VAL,STOP_HIT,13139.0,-23.75,-23.95,-1.0084210526315789,-1.0,23.75,09:31,ENTERED,13043.0,13139.0,POC,2023-04-21,13152.0,13060.0,2023
VP_OUTSIDE_ACCEPT_POC,SHORT,13293.75,13294.0,1682948040,13312.25,1682948460,"{""adverse_ticks"": 1.0, ""tick"": 0.25}",420,NQ,21.0,8.25,OPEN_ABOVE_VAH,STOP_HIT,13270.75,-18.5,-18.7,-1.0108108108108107,-1.0,18.5,09:33,ENTERED,13312.25,13270.75,POC,2023-05-01,13296.25,13218.25,2023
VP_OUTSIDE_ACCEPT_POC,LONG,13290.75,13290.5,1683639780,13274.25,1683645120,"{""adverse_ticks"": 1.0, ""tick"": 0.25}",5340,NQ,25.0,27.0,OPEN_BELOW_VAL,STOP_HIT,13348.75,-16.5,-16.7,-1.012121212121212,-1.0,16.5,09:42,ENTERED,13274.25,13348.75,POC,2023-05-09,13363.5,13288.0,2023
VP_OUTSIDE_ACCEPT_POC,SHORT,13404.75,13405.0,1683811920,13433.5,1683818880,"{""adverse_ticks"": 1.0, ""tick"": 0.25}",6960,NQ,29.25,43.5,OPEN_ABOVE_VAH,STOP_HIT,13353.75,-28.75,-28.95,-1.0069565217391303,-1.0,28.75,09:31,ENTERED,13433.5,13353.75,POC,2023-05-11,13410.25,13321.25,2023
VP_OUTSIDE_ACCEPT_POC,SHORT,13424.75,13425.0,1683900120,13388.25,1683902100,"{""adverse_ticks"": 1.0, ""tick"": 0.25}",1980,NQ,11.75,38.5,OPEN_ABOVE_VAH,TARGET_HIT,13388.25,36.5,36.3,0.5784860557768924,0.5816733067729084,62.75,10:01,ENTERED,13487.5,13388.25,POC,2023-05-12,13441.25,13379.5,2023
VP_OUTSIDE_ACCEPT_POC,SHORT,13854.25,13854.5,1684510200,13863.75,1684526100,"{""adverse_ticks"": 1.0, ""tick"": 0.25}",15900,NQ,32.25,40.25,OPEN_ABOVE_VAH,TIME_EXIT,13814.0,-9.5,-9.7,-0.12933333333333333,-0.12666666666666668,75.0,11:29,ENTERED,13929.25,13814.0,POC,2023-05-19,13856.75,13744.0,2023
VP_OUTSIDE_ACCEPT_POC,LONG,14390.75,14390.5,1685540760,14323.75,1685542440,"{""adverse_ticks"": 1.0, ""tick"": 0.25}",1680,NQ,68.5,21.75,OPEN_BELOW_VAL,STOP_HIT,14433.25,-67.0,-67.2,-1.0029850746268658,-1.0,67.0,09:45,ENTERED,14323.75,14433.25,POC,2023-05-31,14472.25,14385.75,2023
VP_OUTSIDE_ACCEPT_POC,SHORT,15423.75,15424.0,1686922320,15412.25,1686922380,"{""adverse_ticks"": 1.0, ""tick"": 0.25}",60,NQ,14.25,13.0,OPEN_ABOVE_VAH,TARGET_HIT,15412.25,11.5,11.3,0.2173076923076923,0.22115384615384615,52.0,09:31,ENTERED,15475.75,15412.25,POC,2023-06-16,15437.0,15247.5,2023
VP_OUTSIDE_ACCEPT_POC,LONG,15329.0,15328.75,1688563860,15352.0,1688564400,"{""adverse_ticks"": 1.0, ""tick"": 0.25}",540,NQ,8.25,33.75,OPEN_BELOW_VAL,TARGET_HIT,15352.0,23.0,22.8,0.6204081632653061,0.6258503401360545,36.75,09:30,ENTERED,15292.25,15352.0,POC,2023-07-05,15359.5,15316.5,2023
VP_OUTSIDE_ACCEPT_POC,SHORT,15211.75,15212.0,1688736960,15242.75,1688737560,"{""adverse_ticks"": 1.0, ""tick"": 0.25}",600,NQ,39.0,23.25,OPEN_ABOVE_VAH,STOP_HIT,15161.0,-31.0,-31.2,-1.0064516129032257,-1.0,31.0,09:35,ENTERED,15242.75,15161.0,POC,2023-07-07,15215.5,15120.0,2023
VP_OUTSIDE_ACCEPT_POC,LONG,15202.5,15202.25,1688995860,15167.0,1688996580,"{""adverse_ticks"": 1.0, ""tick"": 0.25}",720,NQ,43.25,12.5,OPEN_BELOW_VAL,STOP_HIT,15251.0,-35.5,-35.7,-1.0056338028169014,-1.0,35.5,09:30,ENTERED,15167.0,15251.0,POC,2023-07-10,15295.5,15176.75,2023
VP_OUTSIDE_ACCEPT_POC,SHORT,15189.25,15189.5,1689082380,15213.0,1689082440,"{""adverse_ticks"": 1.0, ""tick"": 0.25}",60,NQ,24.5,2.75,OPEN_ABOVE_VAH,STOP_HIT,15167.0,-23.75,-23.95,-1.0084210526315789,-1.0,23.75,09:32,ENTERED,15213.0,15167.0,POC,2023-07-11,15191.25,15131.0,2023
VP_OUTSIDE_ACCEPT_POC,LONG,15756.75,15756.5,1689600660,15726.0,1689601500,"{""adverse_ticks"": 1.0, ""tick"": 0.25}",840,NQ,38.75,25.0,OPEN_BELOW_VAL,STOP_HIT,15790.75,-30.75,-30.95,-1.0065040650406505,-1.0,30.75,09:30,ENTERED,15726.0,15790.75,POC,2023-07-17,15833.25,15734.5,2023
VP_OUTSIDE_ACCEPT_POC,LONG,15637.75,15637.5,1690378260,15611.5,1690378260,"{""adverse_ticks"": 1.0, ""tick"": 0.25}",0,NQ,29.5,1.75,OPEN_BELOW_VAL,STOP_HIT,15691.0,-26.25,-26.45,-1.0076190476190476,-1.0,26.25,09:30,ENTERED,15611.5,15691.0,POC,2023-07-26,15710.0,15630.5,2023
VP_OUTSIDE_ACCEPT_POC,SHORT,15310.75,15311.0,1691588400,15259.75,1691590860,"{""adverse_ticks"": 1.0, ""tick"": 0.25}",2460,NQ,12.5,52.25,OPEN_ABOVE_VAH,TARGET_HIT,15259.75,51.0,50.8,0.8758620689655172,0.8793103448275862,58.0,09:39,ENTERED,15368.75,15259.75,POC,2023-08-09,15313.0,15226.0,2023
VP_OUTSIDE_ACCEPT_POC,LONG,15123.75,15123.5,1692195060,15050.75,1692201000,"{""adverse_ticks"": 1.0, ""tick"": 0.25}",5940,NQ,77.5,20.5,OPEN_BELOW_VAL,STOP_HIT,15172.5,-73.0,-73.2,-1.0027397260273974,-1.0,73.0,10:10,ENTERED,15050.75,15172.5,POC,2023-08-16,15202.0,15123.0,2023
VP_OUTSIDE_ACCEPT_POC,SHORT,15578.25,15578.5,1693575420,15565.0,1693575420,"{""adverse_ticks"": 1.0, ""tick"": 0.25}",0,NQ,2.0,16.25,OPEN_ABOVE_VAH,TARGET_HIT,15565.0,13.25,13.05,0.17458193979933112,0.17725752508361203,74.75,09:36,ENTERED,15653.0,15565.0,POC,2023-09-01,15584.75,15536.0,2023
VP_OUTSIDE_ACCEPT_POC,LONG,15525.0,15524.75,1694611860,15558.25,1694612460,"{""adverse_ticks"": 1.0, ""tick"": 0.25}",600,NQ,7.25,36.75,OPEN_BELOW_VAL,TARGET_HIT,15558.25,33.25,33.05,1.0409448818897638,1.047244094488189,31.75,09:30,ENTERED,15493.25,15558.25,POC,2023-09-13,15628.5,15522.75,2023
VP_OUTSIDE_ACCEPT_POC,SHORT,15578.0,15578.25,1694699460,15547.25,1694699700,"{""adverse_ticks"": 1.0, ""tick"": 0.25}",240,NQ,8.25,34.0,OPEN_ABOVE_VAH,TARGET_HIT,15547.25,30.75,30.55,0.5008196721311475,0.5040983606557377,61.0,09:50,ENTERED,15639.0,15547.25,POC,2023-09-14,15586.75,15517.0,2023
VP_OUTSIDE_ACCEPT_POC,LONG,15367.0,15366.75,1695043860,15388.5,1695043980,"{""adverse_ticks"": 1.0, ""tick"": 0.25}",120,NQ,11.0,35.0,OPEN_BELOW_VAL,TARGET_HIT,15388.5,21.5,21.3,0.8783505154639175,0.8865979381443299,24.25,09:30,ENTERED,15342.75,15388.5,POC,2023-09-18,15488.5,15359.75,2023
VP_OUTSIDE_ACCEPT_POC,LONG,14862.0,14861.75,1695649380,14923.25,1695658620,"{""adverse_ticks"": 1.0, ""tick"": 0.25}",9240,NQ,46.5,66.75,OPEN_BELOW_VAL,TARGET_HIT,14923.25,61.25,61.05,0.7655172413793103,0.768025078369906,79.75,09:42,ENTERED,14782.25,14923.25,POC,2023-09-25,14982.75,14858.5,2023
VP_OUTSIDE_ACCEPT_POC,LONG,14895.25,14895.0,1696339860,14879.5,1696339860,"{""adverse_ticks"": 1.0, ""tick"": 0.25}",0,NQ,17.5,5.25,OPEN_BELOW_VAL,STOP_HIT,14915.0,-15.75,-15.95,-1.0126984126984127,-1.0,15.75,09:30,ENTERED,14879.5,14915.0,POC,2023-10-03,14961.25,14888.5,2023
VP_OUTSIDE_ACCEPT_POC,SHORT,14869.0,14869.25,1696513260,14839.0,1696513860,"{""adverse_ticks"": 1.0, ""tick"": 0.25}",600,NQ,14.5,35.5,OPEN_ABOVE_VAH,TARGET_HIT,14839.0,30.0,29.8,0.516017316017316,0.5194805194805194,57.75,09:40,ENTERED,14926.75,14839.0,POC,2023-10-05,14870.0,14758.0,2023
VP_OUTSIDE_ACCEPT_POC,LONG,14786.0,14785.75,1696599120,14735.5,1696599480,"{""adverse_ticks"": 1.0, ""tick"": 0.25}",360,NQ,54.75,15.25,OPEN_BELOW_VAL,STOP_HIT,14871.5,-50.5,-50.7,-1.003960396039604,-1.0,50.5,09:31,ENTERED,14735.5,14871.5,POC,2023-10-06,14910.5,14778.75,2023
VP_OUTSIDE_ACCEPT_POC,LONG,15191.0,15190.75,1697636100,15125.25,1697636700,"{""adverse_ticks"": 1.0, ""tick"": 0.25}",600,NQ,68.25,8.0,OPEN_BELOW_VAL,STOP_HIT,15212.5,-65.75,-65.95,-1.003041825095057,-1.0,65.75,09:34,ENTERED,15125.25,15212.5,POC,2023-10-18,15295.0,15176.5,2023
VP_OUTSIDE_ACCEPT_POC,SHORT,15229.0,15229.25,1699367820,15287.5,1699368900,"{""adverse_ticks"": 1.0, ""tick"": 0.25}",1080,NQ,63.5,5.25,OPEN_ABOVE_VAH,STOP_HIT,15205.5,-58.5,-58.7,-1.0034188034188034,-1.0,58.5,09:36,ENTERED,15287.5,15205.5,POC,2023-11-07,15234.25,15193.0,2023
VP_OUTSIDE_ACCEPT_POC,SHORT,15389.0,15389.25,1699540440,15419.75,1699541940,"{""adverse_ticks"": 1.0, ""tick"": 0.25}",1500,NQ,33.75,23.75,OPEN_ABOVE_VAH,STOP_HIT,15354.0,-30.75,-30.95,-1.0065040650406505,-1.0,30.75,09:33,ENTERED,15419.75,15354.0,POC,2023-11-09,15389.25,15339.75,2023
VP_OUTSIDE_ACCEPT_POC,LONG,15884.5,15884.25,1700146500,15902.75,1700147160,"{""adverse_ticks"": 1.0, ""tick"": 0.25}",660,NQ,3.75,21.5,OPEN_BELOW_VAL,TARGET_HIT,15902.75,18.25,18.05,0.30336134453781516,0.3067226890756303,59.5,09:54,ENTERED,15825.0,15902.75,POC,2023-11-16,15946.25,15882.75,2023
VP_OUTSIDE_ACCEPT_POC,LONG,16035.0,16034.75,1701095460,15998.0,1701095580,"{""adverse_ticks"": 1.0, ""tick"": 0.25}",120,NQ,47.75,1.5,OPEN_BELOW_VAL,STOP_HIT,16056.75,-37.0,-37.2,-1.0054054054054056,-1.0,37.0,09:30,ENTERED,15998.0,16056.75,POC,2023-11-27,16098.75,16035.0,2023
VP_OUTSIDE_ACCEPT_POC,LONG,16000.25,16000.0,1701182040,15973.0,1701182640,"{""adverse_ticks"": 1.0, ""tick"": 0.25}",600,NQ,37.75,7.5,OPEN_BELOW_VAL,STOP_HIT,16025.5,-27.25,-27.45,-1.0073394495412844,-1.0,27.25,09:33,ENTERED,15973.0,16025.5,POC,2023-11-28,16049.5,15996.75,2023
VP_OUTSIDE_ACCEPT_POC,LONG,15807.5,15807.25,1701786660,15788.0,1701786720,"{""adverse_ticks"": 1.0, ""tick"": 0.25}",60,NQ,24.0,0.5,OPEN_BELOW_VAL,STOP_HIT,15828.5,-19.5,-19.7,-1.0102564102564102,-1.0,19.5,09:30,ENTERED,15788.0,15828.5,POC,2023-12-05,15874.75,15804.25,2023
VP_OUTSIDE_ACCEPT_POC,LONG,15986.5,15986.25,1702045860,16039.25,1702047600,"{""adverse_ticks"": 1.0, ""tick"": 0.25}",1740,NQ,32.25,60.25,OPEN_BELOW_VAL,TARGET_HIT,16039.25,52.75,52.55,1.330379746835443,1.3354430379746836,39.5,09:30,ENTERED,15947.0,16039.25,POC,2023-12-08,16058.5,15959.75,2023
VP_OUTSIDE_ACCEPT_POC,SHORT,17061.75,17062.0,1703690100,17125.0,1703700720,"{""adverse_ticks"": 1.0, ""tick"": 0.25}",10620,NQ,65.75,3.75,OPEN_ABOVE_VAH,STOP_HIT,17048.5,-63.25,-63.45,-1.0031620553359684,-1.0,63.25,10:14,ENTERED,17125.0,17048.5,POC,2023-12-27,17066.0,17026.5,2023
VP_OUTSIDE_ACCEPT_POC,SHORT,17103.25,17103.5,1703776020,17084.25,1703796900,"{""adverse_ticks"": 1.0, ""tick"": 0.25}",20880,NQ,41.0,20.0,OPEN_ABOVE_VAH,TIME_EXIT,17078.5,19.0,18.8,0.33571428571428574,0.3392857142857143,56.0,10:06,ENTERED,17159.25,17078.5,POC,2023-12-28,17103.75,17064.25,2023
VP_OUTSIDE_ACCEPT_POC,LONG,16485.5,16485.25,1704465300,16516.0,1704466860,"{""adverse_ticks"": 1.0, ""tick"": 0.25}",1560,NQ,38.5,33.25,OPEN_BELOW_VAL,TARGET_HIT,16516.0,30.5,30.3,0.627979274611399,0.6321243523316062,48.25,09:34,ENTERED,16437.25,16516.0,POC,2024-01-05,16527.75,16467.0,2024
VP_OUTSIDE_ACCEPT_POC,SHORT,16980.25,16980.5,1705069980,17014.5,1705070280,"{""adverse_ticks"": 1.0, ""tick"": 0.25}",300,NQ,38.75,3.25,OPEN_ABOVE_VAH,STOP_HIT,16947.25,-34.25,-34.45,-1.0058394160583943,-1.0,34.25,09:32,ENTERED,17014.5,16947.25,POC,2024-01-12,16985.0,16824.25,2024
VP_OUTSIDE_ACCEPT_POC,LONG,16939.75,16939.5,1705415760,16904.75,1705415940,"{""adverse_ticks"": 1.0, ""tick"": 0.25}",180,NQ,40.5,6.75,OPEN_BELOW_VAL,STOP_HIT,16958.0,-35.0,-35.2,-1.0057142857142858,-1.0,35.0,09:35,ENTERED,16904.75,16958.0,POC,2024-01-16,16984.75,16935.25,2024
VP_OUTSIDE_ACCEPT_POC,SHORT,17611.75,17612.0,1706635020,17581.75,1706648100,"{""adverse_ticks"": 1.0, ""tick"": 0.25}",13080,NQ,6.75,63.75,OPEN_ABOVE_VAH,TIME_EXIT,17542.5,30.0,29.8,0.4068259385665529,0.40955631399317405,73.25,12:16,ENTERED,17685.0,17542.5,POC,2024-01-30,17615.5,17521.5,2024
VP_OUTSIDE_ACCEPT_POC,SHORT,17738.25,17738.5,1707229980,17704.0,1707230220,"{""adverse_ticks"": 1.0, ""tick"": 0.25}",240,NQ,5.0,36.25,OPEN_ABOVE_VAH,TARGET_HIT,17704.0,34.25,34.05,1.1445378151260504,1.1512605042016806,29.75,09:32,ENTERED,17768.0,17704.0,POC,2024-02-06,17740.5,17650.5,2024
VP_OUTSIDE_ACCEPT_POC,SHORT,17917.5,17917.75,1708093860,17908.5,1708093860,"{""adverse_ticks"": 1.0, ""tick"": 0.25}",0,NQ,3.25,15.75,OPEN_ABOVE_VAH,TARGET_HIT,17908.5,9.0,8.8,0.6901960784313727,0.7058823529411765,12.75,09:30,ENTERED,17930.25,17908.5,POC,2024-02-16,17926.5,17838.0,2024
VP_OUTSIDE_ACCEPT_POC,LONG,17508.25,17508.0,1708525920,17463.75,1708526580,"{""adverse_ticks"": 1.0, ""tick"": 0.25}",660,NQ,52.5,3.75,OPEN_BELOW_VAL,STOP_HIT,17570.75,-44.5,-44.7,-1.0044943820224719,-1.0,44.5,09:31,ENTERED,17463.75,17570.75,POC,2024-02-21,17591.5,17505.5,2024
VP_OUTSIDE_ACCEPT_POC,SHORT,18070.0,18070.25,1708700280,18059.0,1708700400,"{""adverse_ticks"": 1.0, ""tick"": 0.25}",120,NQ,12.75,16.0,OPEN_ABOVE_VAH,TARGET_HIT,18059.0,11.0,10.8,0.14400000000000002,0.14666666666666667,75.0,09:57,ENTERED,18145.0,18059.0,POC,2024-02-23,18087.0,17931.5,2024
VP_OUTSIDE_ACCEPT_POC,SHORT,18280.25,18280.5,1710941880,18251.0,1710942240,"{""adverse_ticks"": 1.0, ""tick"": 0.25}",360,NQ,10.25,31.5,OPEN_ABOVE_VAH,TARGET_HIT,18251.0,29.25,29.05,0.5330275229357798,0.536697247706422,54.5,09:37,ENTERED,18334.75,18251.0,POC,2024-03-20,18287.25,18119.75,2024
VP_OUTSIDE_ACCEPT_POC,SHORT,18555.5,18555.75,1711463400,18526.25,1711480680,"{""adverse_ticks"": 1.0, ""tick"": 0.25}",17280,NQ,33.0,30.5,OPEN_ABOVE_VAH,TARGET_HIT,18526.25,29.25,29.05,0.5455399061032864,0.5492957746478874,53.25,10:29,ENTERED,18608.75,18526.25,POC,2024-03-26,18563.0,18505.75,2024
VP_OUTSIDE_ACCEPT_POC,SHORT,17904.5,17904.75,1713361800,17898.75,1713361800,"{""adverse_ticks"": 1.0, ""tick"": 0.25}",0,NQ,10.5,6.5,OPEN_ABOVE_VAH,TARGET_HIT,17898.75,5.75,5.55,0.1004524886877828,0.10407239819004525,55.25,09:49,ENTERED,17959.75,17898.75,POC,2024-04-17,17915.75,17860.0,2024
VP_OUTSIDE_ACCEPT_POC,SHORT,17877.75,17878.0,1714398060,17847.5,1714398120,"{""adverse_ticks"": 1.0, ""tick"": 0.25}",60,NQ,4.25,32.5,OPEN_ABOVE_VAH,TARGET_HIT,17847.5,30.25,30.05,0.42027972027972027,0.4230769230769231,71.5,09:40,ENTERED,17949.25,17847.5,POC,2024-04-29,17893.25,17812.25,2024
VP_OUTSIDE_ACCEPT_POC,LONG,17852.75,17852.5,1714484100,17823.75,1714487400,"{""adverse_ticks"": 1.0, ""tick"": 0.25}",3300,NQ,31.0,42.75,OPEN_BELOW_VAL,STOP_HIT,17898.75,-29.0,-29.2,-1.006896551724138,-1.0,29.0,09:34,ENTERED,17823.75,17898.75,POC,2024-04-30,17907.75,17849.0,2024
VP_OUTSIDE_ACCEPT_POC,SHORT,17557.75,17558.0,1714656720,17488.25,1714657800,"{""adverse_ticks"": 1.0, ""tick"": 0.25}",1080,NQ,20.75,69.75,OPEN_ABOVE_VAH,TARGET_HIT,17488.25,69.5,69.3,1.54,1.5444444444444445,45.0,09:31,ENTERED,17602.75,17488.25,POC,2024-05-02,17577.5,17413.75,2024
VP_OUTSIDE_ACCEPT_POC,SHORT,18265.0,18265.25,1715607960,18296.25,1715630100,"{""adverse_ticks"": 1.0, ""tick"": 0.25}",22140,NQ,46.25,30.25,OPEN_ABOVE_VAH,TIME_EXIT,18228.0,-31.25,-31.45,-0.43986013986013983,-0.4370629370629371,71.5,09:45,ENTERED,18336.5,18228.0,POC,2024-05-13,18269.5,18213.75,2024
VP_OUTSIDE_ACCEPT_POC,LONG,18290.75,18290.5,1715693460,18272.25,1715693580,"{""adverse_ticks"": 1.0, ""tick"": 0.25}",120,NQ,25.0,3.0,OPEN_BELOW_VAL,STOP_HIT,18293.75,-18.5,-18.7,-1.0108108108108107,-1.0,18.5,09:30,ENTERED,18272.25,18293.75,POC,2024-05-14,18302.25,18275.25,2024
VP_OUTSIDE_ACCEPT_POC,LONG,18675.5,18675.25,1715956500,18620.25,1715964300,"{""adverse_ticks"": 1.0, ""tick"": 0.25}",7800,NQ,67.5,1.75,OPEN_BELOW_VAL,STOP_HIT,18689.75,-55.25,-55.45,-1.0036199095022624,-1.0,55.25,10:34,ENTERED,18620.25,18689.75,POC,2024-05-17,18729.0,18673.75,2024
VP_OUTSIDE_ACCEPT_POC,LONG,18734.0,18733.75,1716301860,18746.0,1716302160,"{""adverse_ticks"": 1.0, ""tick"": 0.25}",300,NQ,1.25,25.0,OPEN_BELOW_VAL,TARGET_HIT,18746.0,12.0,11.8,0.20977777777777779,0.21333333333333335,56.25,10:30,ENTERED,18677.75,18746.0,POC,2024-05-21,18770.5,18732.0,2024
VP_OUTSIDE_ACCEPT_POC,SHORT,19055.5,19055.75,1717682220,19039.0,1717682280,"{""adverse_ticks"": 1.0, ""tick"": 0.25}",60,NQ,5.5,21.0,OPEN_ABOVE_VAH,TARGET_HIT,19039.0,16.5,16.3,0.2694214876033058,0.2727272727272727,60.5,09:56,ENTERED,19116.0,19039.0,POC,2024-06-06,19055.25,18876.0,2024
VP_OUTSIDE_ACCEPT_POC,LONG,19058.5,19058.25,1717768320,19067.75,1717771020,"{""adverse_ticks"": 1.0, ""tick"": 0.25}",2700,NQ,40.25,11.5,OPEN_BELOW_VAL,TARGET_HIT,19067.75,9.25,9.05,0.13660377358490566,0.13962264150943396,66.25,09:51,ENTERED,18992.25,19067.75,POC,2024-06-07,19083.25,19046.0,2024
VP_OUTSIDE_ACCEPT_POC,LONG,19013.0,19012.75,1718026500,19037.25,1718029740,"{""adverse_ticks"": 1.0, ""tick"": 0.25}",3240,NQ,28.5,24.75,OPEN_BELOW_VAL,TARGET_HIT,19037.25,24.25,24.05,0.6774647887323944,0.6830985915492958,35.5,09:34,ENTERED,18977.5,19037.25,POC,2024-06-10,19087.25,19010.25,2024
VP_OUTSIDE_ACCEPT_POC,SHORT,20202.0,20202.25,1718890500,20255.0,1718891040,"{""adverse_ticks"": 1.0, ""tick"": 0.25}",540,NQ,59.25,2.25,OPEN_ABOVE_VAH,STOP_HIT,20192.0,-53.0,-53.2,-1.0037735849056604,-1.0,53.0,09:34,ENTERED,20255.0,20192.0,POC,2024-06-20,20206.25,20173.75,2024
VP_OUTSIDE_ACCEPT_POC,LONG,19959.0,19958.75,1719236100,19908.75,1719236460,"{""adverse_ticks"": 1.0, ""tick"": 0.25}",360,NQ,56.25,1.0,OPEN_BELOW_VAL,STOP_HIT,19997.5,-50.25,-50.45,-1.0039800995024877,-1.0,50.25,09:34,ENTERED,19908.75,19997.5,POC,2024-06-24,20013.25,19958.25,2024
VP_OUTSIDE_ACCEPT_POC,SHORT,20048.5,20048.75,1719581460,20044.0,1719581460,"{""adverse_ticks"": 1.0, ""tick"": 0.25}",0,NQ,8.5,9.5,OPEN_ABOVE_VAH,TARGET_HIT,20044.0,4.5,4.3,0.16074766355140185,0.16822429906542055,26.75,09:30,ENTERED,20075.25,20044.0,POC,2024-06-28,20069.75,20004.25,2024
VP_OUTSIDE_ACCEPT_POC,SHORT,20725.25,20725.5,1720618680,20768.25,1720619340,"{""adverse_ticks"": 1.0, ""tick"": 0.25}",660,NQ,52.25,4.0,OPEN_ABOVE_VAH,STOP_HIT,20660.5,-43.0,-43.2,-1.0046511627906978,-1.0,43.0,09:37,ENTERED,20768.25,20660.5,POC,2024-07-10,20727.0,20645.25,2024
VP_OUTSIDE_ACCEPT_POC,SHORT,20834.0,20834.25,1720705980,20762.0,1720707180,"{""adverse_ticks"": 1.0, ""tick"": 0.25}",1200,NQ,37.75,78.75,OPEN_ABOVE_VAH,TARGET_HIT,20762.0,72.0,71.8,1.0481751824817518,1.051094890510949,68.5,09:52,ENTERED,20902.5,20762.0,POC,2024-07-11,20857.75,20706.0,2024
VP_OUTSIDE_ACCEPT_POC,SHORT,20125.0,20125.25,1721309460,20044.5,1721310180,"{""adverse_ticks"": 1.0, ""tick"": 0.25}",720,NQ,9.75,82.75,OPEN_ABOVE_VAH,TARGET_HIT,20044.5,80.5,80.3,3.277551020408163,3.2857142857142856,24.5,09:30,ENTERED,20149.5,20044.5,POC,2024-07-18,20132.25,19987.75,2024
VP_OUTSIDE_ACCEPT_POC,SHORT,18636.5,18636.75,1723469520,18666.75,1723469640,"{""adverse_ticks"": 1.0, ""tick"": 0.25}",120,NQ,33.25,2.5,OPEN_ABOVE_VAH,STOP_HIT,18613.5,-30.25,-30.45,-1.006611570247934,-1.0,30.25,09:31,ENTERED,18666.75,18613.5,POC,2024-08-12,18637.0,18484.25,2024
VP_OUTSIDE_ACCEPT_POC,SHORT,19107.75,19108.0,1723642500,19068.75,1723642920,"{""adverse_ticks"": 1.0, ""tick"": 0.25}",420,NQ,23.25,41.0,OPEN_ABOVE_VAH,TARGET_HIT,19068.75,39.0,38.8,0.5705882352941176,0.5735294117647058,68.0,09:34,ENTERED,19175.75,19068.75,POC,2024-08-14,19112.5,18909.5,2024
VP_OUTSIDE_ACCEPT_POC,SHORT,19484.75,19485.0,1724938260,19509.25,1724938260,"{""adverse_ticks"": 1.0, ""tick"": 0.25}",0,NQ,49.25,4.75,OPEN_ABOVE_VAH,STOP_HIT,19422.5,-24.5,-24.7,-1.0081632653061223,-1.0,24.5,09:30,ENTERED,19509.25,19422.5,POC,2024-08-29,19496.5,19319.5,2024
VP_OUTSIDE_ACCEPT_POC,LONG,18922.5,18922.25,1725456900,18859.75,1725458400,"{""adverse_ticks"": 1.0, ""tick"": 0.25}",1500,NQ,84.0,69.0,OPEN_BELOW_VAL,STOP_HIT,19047.0,-62.75,-62.95,-1.003187250996016,-1.0,62.75,09:34,ENTERED,18859.75,19047.0,POC,2024-09-04,19252.5,18911.0,2024
VP_OUTSIDE_ACCEPT_POC,LONG,18950.5,18950.25,1725543360,18964.0,1725543360,"{""adverse_ticks"": 1.0, ""tick"": 0.25}",0,NQ,8.0,15.5,OPEN_BELOW_VAL,TARGET_HIT,18964.0,13.5,13.3,0.20228136882129277,0.20532319391634982,65.75,09:35,ENTERED,18884.75,18964.0,POC,2024-09-05,19057.5,18942.75,2024
VP_OUTSIDE_ACCEPT_POC,SHORT,18606.0,18606.25,1725888660,18635.0,1725888660,"{""adverse_ticks"": 1.0, ""tick"": 0.25}",0,NQ,34.5,0.5,OPEN_ABOVE_VAH,STOP_HIT,18457.5,-29.0,-29.2,-1.006896551724138,-1.0,29.0,09:30,ENTERED,18635.0,18457.5,POC,2024-09-09,18625.75,18433.75,2024
VP_OUTSIDE_ACCEPT_POC,SHORT,20041.0,20041.25,1727098380,20086.0,1727099280,"{""adverse_ticks"": 1.0, ""tick"": 0.25}",900,NQ,46.25,10.0,OPEN_ABOVE_VAH,STOP_HIT,20003.25,-45.0,-45.2,-1.0044444444444445,-1.0,45.0,09:32,ENTERED,20086.0,20003.25,POC,2024-09-23,20055.5,19960.5,2024
VP_OUTSIDE_ACCEPT_POC,SHORT,20090.75,20091.0,1727186400,20073.25,1727186400,"{""adverse_ticks"": 1.0, ""tick"": 0.25}",0,NQ,2.25,56.75,OPEN_ABOVE_VAH,TARGET_HIT,20073.25,17.5,17.3,0.2724409448818898,0.2755905511811024,63.5,09:59,ENTERED,20154.25,20073.25,POC,2024-09-24,20089.5,20045.5,2024
VP_OUTSIDE_ACCEPT_POC,SHORT,20354.5,20354.75,1727443860,20346.0,1727443860,"{""adverse_ticks"": 1.0, ""tick"": 0.25}",0,NQ,6.25,12.5,OPEN_ABOVE_VAH,TARGET_HIT,20346.0,8.5,8.3,0.2886956521739131,0.2956521739130435,28.75,09:30,ENTERED,20383.25,20346.0,POC,2024-09-27,20359.75,20217.0,2024
VP_OUTSIDE_ACCEPT_POC,LONG,20220.5,20220.25,1727703120,20234.0,1727703300,"{""adverse_ticks"": 1.0, ""tick"": 0.25}",180,NQ,8.25,16.75,OPEN_BELOW_VAL,TARGET_HIT,20234.0,13.5,13.3,0.2557692307692308,0.25961538461538464,52.0,09:31,ENTERED,20168.5,20234.0,POC,2024-09-30,20315.5,20213.5,2024
VP_OUTSIDE_ACCEPT_POC,SHORT,20199.75,20200.0,1727789580,20184.0,1727789580,"{""adverse_ticks"": 1.0, ""tick"": 0.25}",0,NQ,23.25,19.25,OPEN_ABOVE_VAH,TARGET_HIT,20184.0,15.75,15.55,0.23383458646616542,0.23684210526315788,66.5,09:32,ENTERED,20266.25,20184.0,POC,2024-10-01,20242.0,20147.5,2024
VP_OUTSIDE_ACCEPT_POC,LONG,20389.0,20388.75,1728655620,20404.75,1728655620,"{""adverse_ticks"": 1.0, ""tick"": 0.25}",0,NQ,3.5,19.25,OPEN_BELOW_VAL,TARGET_HIT,20404.75,15.75,15.55,0.20872483221476512,0.21140939597315436,74.5,10:06,ENTERED,20314.5,20404.75,POC,2024-10-11,20447.5,20370.25,2024
VP_OUTSIDE_ACCEPT_POC,LONG,20481.75,20481.5,1729517820,20486.75,1729517820,"{""adverse_ticks"": 1.0, ""tick"": 0.25}",0,NQ,13.5,6.75,OPEN_BELOW_VAL,TARGET_HIT,20486.75,5.0,4.8,0.0810126582278481,0.08438818565400844,59.25,09:36,ENTERED,20422.5,20486.75,POC,2024-10-21,20507.75,20468.25,2024
VP_OUTSIDE_ACCEPT_POC,LONG,20430.5,20430.25,1729604340,20476.5,1729604760,"{""adverse_ticks"": 1.0, ""tick"": 0.25}",420,NQ,14.25,49.25,OPEN_BELOW_VAL,TARGET_HIT,20476.5,46.0,45.8,0.7477551020408163,0.7510204081632653,61.25,09:38,ENTERED,20369.25,20476.5,POC,2024-10-22,20512.25,20422.5,2024
VP_OUTSIDE_ACCEPT_POC,SHORT,21226.5,21226.75,1731336240,21219.5,1731336240,"{""adverse_ticks"": 1.0, ""tick"": 0.25}",0,NQ,0.25,20.25,OPEN_ABOVE_VAH,TARGET_HIT,21219.5,7.0,6.8,0.10225563909774436,0.10526315789473684,66.5,09:43,ENTERED,21293.0,21219.5,POC,2024-11-11,21233.25,21189.25,2024
VP_OUTSIDE_ACCEPT_POC,LONG,21176.75,21176.5,1731508260,21152.25,1731508320,"{""adverse_ticks"": 1.0, ""tick"": 0.25}",60,NQ,26.25,1.5,OPEN_BELOW_VAL,STOP_HIT,21185.0,-24.5,-24.7,-1.0081632653061223,-1.0,24.5,09:30,ENTERED,21152.25,21185.0,POC,2024-11-13,21240.5,21165.0,2024
VP_OUTSIDE_ACCEPT_POC,LONG,21177.25,21177.0,1733236500,21221.0,1733238060,"{""adverse_ticks"": 1.0, ""tick"": 0.25}",1560,NQ,10.5,44.75,OPEN_BELOW_VAL,TARGET_HIT,21221.0,43.75,43.55,1.006936416184971,1.0115606936416186,43.25,09:34,ENTERED,21134.0,21221.0,POC,2024-12-03,21244.75,21166.0,2024
VP_OUTSIDE_ACCEPT_POC,SHORT,21489.5,21489.75,1733423040,21483.5,1733423040,"{""adverse_ticks"": 1.0, ""tick"": 0.25}",0,NQ,3.5,8.25,OPEN_ABOVE_VAH,TARGET_HIT,21483.5,6.0,5.8,0.07435897435897436,0.07692307692307693,78.0,13:23,ENTERED,21567.5,21483.5,POC,2024-12-05,21492.75,21409.75,2024
VP_OUTSIDE_ACCEPT_POC,SHORT,21575.5,21575.75,1733927460,21591.5,1733927460,"{""adverse_ticks"": 1.0, ""tick"": 0.25}",0,NQ,20.0,2.5,OPEN_ABOVE_VAH,STOP_HIT,21473.25,-16.0,-16.2,-1.0125,-1.0,16.0,09:30,ENTERED,21591.5,21473.25,POC,2024-12-11,21581.25,21441.75,2024
VP_OUTSIDE_ACCEPT_POC,SHORT,21251.75,21252.0,1738074720,21205.25,1738075020,"{""adverse_ticks"": 1.0, ""tick"": 0.25}",300,NQ,39.0,47.75,OPEN_ABOVE_VAH,TARGET_HIT,21205.25,46.5,46.3,0.6808823529411764,0.6838235294117647,68.0,09:31,ENTERED,21319.75,21205.25,POC,2025-01-28,21286.5,21150.25,2025
VP_OUTSIDE_ACCEPT_POC,SHORT,21757.0,21757.25,1738852260,21782.0,1738853040,"{""adverse_ticks"": 1.0, ""tick"": 0.25}",780,NQ,32.25,19.0,OPEN_ABOVE_VAH,STOP_HIT,21707.5,-25.0,-25.2,-1.008,-1.0,25.0,09:30,ENTERED,21782.0,21707.5,POC,2025-02-06,21769.0,21574.75,2025
VP_OUTSIDE_ACCEPT_POC,SHORT,22193.25,22193.5,1739975460,22174.25,1739975520,"{""adverse_ticks"": 1.0, ""tick"": 0.25}",60,NQ,4.75,21.0,OPEN_ABOVE_VAH,TARGET_HIT,22174.25,19.0,18.8,1.1223880597014926,1.1343283582089552,16.75,09:30,ENTERED,22210.0,22174.25,POC,2025-02-19,22205.0,22145.25,2025
VP_OUTSIDE_ACCEPT_POC,SHORT,22121.25,22121.5,1740148740,22063.75,1740150000,"{""adverse_ticks"": 1.0, ""tick"": 0.25}",1260,NQ,30.25,74.5,OPEN_ABOVE_VAH,TARGET_HIT,22063.75,57.5,57.3,0.8552238805970149,0.8582089552238806,67.0,09:38,ENTERED,22188.25,22063.75,POC,2025-02-21,22122.25,22022.75,2025
VP_OUTSIDE_ACCEPT_POC,SHORT,20397.25,20397.5,1741185180,20446.25,1741185660,"{""adverse_ticks"": 1.0, ""tick"": 0.25}",480,NQ,56.5,83.75,OPEN_ABOVE_VAH,STOP_HIT,20187.0,-49.0,-49.2,-1.0040816326530613,-1.0,49.0,09:32,ENTERED,20446.25,20187.0,POC,2025-03-05,20417.25,20100.0,2025
VP_OUTSIDE_ACCEPT_POC,SHORT,20374.5,20374.75,1742910240,20429.25,1742911200,"{""adverse_ticks"": 1.0, ""tick"": 0.25}",960,NQ,65.5,13.0,OPEN_ABOVE_VAH,STOP_HIT,20334.5,-54.75,-54.95,-1.0036529680365298,-1.0,54.75,09:43,ENTERED,20429.25,20334.5,POC,2025-03-25,20378.25,20318.25,2025
VP_OUTSIDE_ACCEPT_POC,LONG,20048.75,20048.5,1743082320,20004.5,1743082320,"{""adverse_ticks"": 1.0, ""tick"": 0.25}",0,NQ,49.75,4.5,OPEN_BELOW_VAL,STOP_HIT,20122.25,-44.25,-44.45,-1.0045197740112994,-1.0,44.25,09:31,ENTERED,20004.5,20122.25,POC,2025-03-27,20286.0,20045.0,2025
VP_OUTSIDE_ACCEPT_POC,LONG,21327.75,21327.5,1747315980,21281.75,1747316400,"{""adverse_ticks"": 1.0, ""tick"": 0.25}",420,NQ,49.75,11.75,OPEN_BELOW_VAL,STOP_HIT,21356.75,-46.0,-46.2,-1.0043478260869565,-1.0,46.0,09:32,ENTERED,21281.75,21356.75,POC,2025-05-15,21383.0,21317.75,2025
VP_OUTSIDE_ACCEPT_POC,SHORT,21435.75,21436.0,1747402260,21396.0,1747402860,"{""adverse_ticks"": 1.0, ""tick"": 0.25}",600,NQ,10.25,44.0,OPEN_ABOVE_VAH,TARGET_HIT,21396.0,39.75,39.55,1.1463768115942028,1.1521739130434783,34.5,09:30,ENTERED,21470.25,21396.0,POC,2025-05-16,21463.75,21303.75,2025
VP_OUTSIDE_ACCEPT_POC,SHORT,21532.0,21532.25,1748957700,21517.0,1748957940,"{""adverse_ticks"": 1.0, ""tick"": 0.25}",240,NQ,9.5,22.5,OPEN_ABOVE_VAH,TARGET_HIT,21517.0,15.0,14.8,0.23125,0.234375,64.0,09:34,ENTERED,21596.0,21517.0,POC,2025-06-03,21540.0,21375.75,2025
VP_OUTSIDE_ACCEPT_POC,SHORT,21791.75,21792.0,1749130380,21772.5,1749130680,"{""adverse_ticks"": 1.0, ""tick"": 0.25}",300,NQ,24.75,21.0,OPEN_ABOVE_VAH,TARGET_HIT,21772.5,19.25,19.05,0.38877551020408163,0.39285714285714285,49.0,09:32,ENTERED,21840.75,21772.5,POC,2025-06-05,21793.0,21734.25,2025
VP_OUTSIDE_ACCEPT_POC,LONG,21886.75,21886.5,1749736200,21907.25,1749758100,"{""adverse_ticks"": 1.0, ""tick"": 0.25}",21900,NQ,46.0,90.75,OPEN_BELOW_VAL,TIME_EXIT,21978.75,20.5,20.3,0.29635036496350364,0.29927007299270075,68.5,09:49,ENTERED,21818.25,21978.75,POC,2025-06-12,22064.25,21885.0,2025
VP_OUTSIDE_ACCEPT_POC,SHORT,22487.0,22487.25,1750945860,22566.75,1750946400,"{""adverse_ticks"": 1.0, ""tick"": 0.25}",540,NQ,81.75,11.25,OPEN_ABOVE_VAH,STOP_HIT,22444.5,-79.75,-79.95,-1.0025078369905958,-1.0,79.75,09:50,ENTERED,22566.75,22444.5,POC,2025-06-26,22492.5,22407.5,2025
VP_OUTSIDE_ACCEPT_POC,SHORT,22814.5,22814.75,1751291100,22794.5,1751291460,"{""adverse_ticks"": 1.0, ""tick"": 0.25}",360,NQ,14.75,20.5,OPEN_ABOVE_VAH,TARGET_HIT,22794.5,20.0,19.8,0.32326530612244897,0.32653061224489793,61.25,09:44,ENTERED,22875.75,22794.5,POC,2025-06-30,22815.75,22712.75,2025
VP_OUTSIDE_ACCEPT_POC,LONG,22815.0,22814.75,1751376780,22793.0,1751377380,"{""adverse_ticks"": 1.0, ""tick"": 0.25}",600,NQ,30.25,4.5,OPEN_BELOW_VAL,STOP_HIT,22821.75,-22.0,-22.2,-1.009090909090909,-1.0,22.0,09:32,ENTERED,22793.0,22821.75,POC,2025-07-01,22860.25,22807.5,2025
VP_OUTSIDE_ACCEPT_POC,SHORT,22918.0,22918.25,1751981520,22872.5,1751983200,"{""adverse_ticks"": 1.0, ""tick"": 0.25}",1680,NQ,7.5,46.0,OPEN_ABOVE_VAH,TARGET_HIT,22872.5,45.5,45.3,1.7592233009708738,1.766990291262136,25.75,09:31,ENTERED,22943.75,22872.5,POC,2025-07-08,22930.25,22847.25,2025
VP_OUTSIDE_ACCEPT_POC,SHORT,23034.75,23035.0,1752154440,22981.5,1752155580,"{""adverse_ticks"": 1.0, ""tick"": 0.25}",1140,NQ,8.0,67.0,OPEN_ABOVE_VAH,TARGET_HIT,22981.5,53.25,53.05,0.9558558558558558,0.9594594594594594,55.5,09:33,ENTERED,23090.25,22981.5,POC,2025-07-10,23038.5,22934.5,2025
VP_OUTSIDE_ACCEPT_POC,LONG,22955.5,22955.25,1752500220,22916.75,1752500340,"{""adverse_ticks"": 1.0, ""tick"": 0.25}",120,NQ,39.25,5.75,OPEN_BELOW_VAL,STOP_HIT,22972.5,-38.75,-38.95,-1.0051612903225806,-1.0,38.75,09:36,ENTERED,22916.75,22972.5,POC,2025-07-14,23008.0,22954.75,2025
VP_OUTSIDE_ACCEPT_POC,SHORT,23276.5,23276.75,1752845460,23303.75,1752845520,"{""adverse_ticks"": 1.0, ""tick"": 0.25}",60,NQ,31.25,1.5,OPEN_ABOVE_VAH,STOP_HIT,23256.0,-27.25,-27.45,-1.0073394495412844,-1.0,27.25,09:30,ENTERED,23303.75,23256.0,POC,2025-07-18,23278.0,23170.5,2025
VP_OUTSIDE_ACCEPT_POC,SHORT,23223.25,23223.5,1753277460,23219.25,1753277460,"{""adverse_ticks"": 1.0, ""tick"": 0.25}",0,NQ,0.0,27.75,OPEN_ABOVE_VAH,TARGET_HIT,23219.25,4.0,3.8,0.09325153374233128,0.09815950920245399,40.75,09:30,ENTERED,23264.0,23219.25,POC,2025-07-23,23251.5,23174.75,2025
VP_OUTSIDE_ACCEPT_POC,SHORT,23459.5,23459.75,1753716000,23446.0,1753716000,"{""adverse_ticks"": 1.0, ""tick"": 0.25}",0,NQ,2.0,23.0,OPEN_ABOVE_VAH,TARGET_HIT,23446.0,13.5,13.3,0.1906810035842294,0.1935483870967742,69.75,11:19,ENTERED,23529.25,23446.0,POC,2025-07-28,23462.0,23401.0,2025
VP_OUTSIDE_ACCEPT_POC,LONG,23903.0,23902.75,1755178500,23930.75,1755179100,"{""adverse_ticks"": 1.0, ""tick"": 0.25}",600,NQ,6.75,29.25,OPEN_BELOW_VAL,TARGET_HIT,23930.75,27.75,27.55,0.44435483870967746,0.4475806451612903,62.0,09:34,ENTERED,23841.0,23930.75,POC,2025-08-14,23963.75,23900.25,2025
VP_OUTSIDE_ACCEPT_POC,LONG,23802.25,23802.0,1755523860,23807.25,1755523860,"{""adverse_ticks"": 1.0, ""tick"": 0.25}",0,NQ,18.5,5.5,OPEN_BELOW_VAL,TARGET_HIT,23807.25,5.0,4.8,0.1391304347826087,0.14492753623188406,34.5,09:30,ENTERED,23767.75,23807.25,POC,2025-08-18,23832.0,23774.0,2025
VP_OUTSIDE_ACCEPT_POC,SHORT,23468.75,23469.0,1756993380,23428.75,1756994640,"{""adverse_ticks"": 1.0, ""tick"": 0.25}",1260,NQ,43.5,42.75,OPEN_ABOVE_VAH,TARGET_HIT,23428.75,40.0,39.8,0.4990595611285266,0.5015673981191222,79.75,09:42,ENTERED,23548.5,23428.75,POC,2025-09-04,23469.5,23372.25,2025
VP_OUTSIDE_ACCEPT_POC,SHORT,25157.0,25157.25,1759758180,25120.75,1759758180,"{""adverse_ticks"": 1.0, ""tick"": 0.25}",0,NQ,5.0,37.25,OPEN_ABOVE_VAH,TARGET_HIT,25120.75,36.25,36.05,0.5546153846153846,0.5576923076923077,65.0,09:42,ENTERED,25222.0,25120.75,POC,2025-10-06,25159.75,25014.5,2025
VP_OUTSIDE_ACCEPT_POC,SHORT,25301.5,25301.75,1760017080,25210.5,1760020740,"{""adverse_ticks"": 1.0, ""tick"": 0.25}",3660,NQ,15.0,92.75,OPEN_ABOVE_VAH,TARGET_HIT,25210.5,91.0,90.8,2.71044776119403,2.716417910447761,33.5,09:37,ENTERED,25335.0,25210.5,POC,2025-10-09,25302.75,25171.25,2025
VP_OUTSIDE_ACCEPT_POC,SHORT,24934.75,24935.0,1760535600,24903.5,1760536080,"{""adverse_ticks"": 1.0, ""tick"": 0.25}",480,NQ,51.25,35.0,OPEN_ABOVE_VAH,TARGET_HIT,24903.5,31.25,31.05,0.45,0.4528985507246377,69.0,09:39,ENTERED,25003.75,24903.5,POC,2025-10-15,24943.75,24690.0,2025
VP_OUTSIDE_ACCEPT_POC,SHORT,25669.25,25669.5,1764858660,25646.0,1764858720,"{""adverse_ticks"": 1.0, ""tick"": 0.25}",60,NQ,9.0,32.0,OPEN_ABOVE_VAH,TARGET_HIT,25646.0,23.25,23.05,0.5238636363636364,0.5284090909090909,44.0,09:30,ENTERED,25713.25,25646.0,POC,2025-12-04,25682.0,25541.0,2025
VP_OUTSIDE_ACCEPT_POC,SHORT,25342.75,25343.0,1765809240,25237.0,1765810560,"{""adverse_ticks"": 1.0, ""tick"": 0.25}",1320,NQ,26.0,113.5,OPEN_ABOVE_VAH,TARGET_HIT,25237.0,105.75,105.55,1.5637037037037036,1.5666666666666667,67.5,09:33,ENTERED,25410.25,25237.0,POC,2025-12-15,25369.75,25150.5,2025
VP_OUTSIDE_ACCEPT_POC,SHORT,25777.0,25777.25,1767796260,25811.0,1767796380,"{""adverse_ticks"": 1.0, ""tick"": 0.25}",120,NQ,38.75,6.25,OPEN_ABOVE_VAH,STOP_HIT,25760.25,-34.0,-34.2,-1.0058823529411764,-1.0,34.0,09:30,ENTERED,25811.0,25760.25,POC,2026-01-07,25778.75,25653.25,2026
VP_OUTSIDE_ACCEPT_POC,SHORT,25681.75,25682.0,1767969060,25716.0,1767969360,"{""adverse_ticks"": 1.0, ""tick"": 0.25}",300,NQ,49.0,33.5,OPEN_ABOVE_VAH,STOP_HIT,25644.5,-34.25,-34.45,-1.0058394160583943,-1.0,34.25,09:30,ENTERED,25716.0,25644.5,POC,2026-01-09,25686.25,25621.5,2026
VP_OUTSIDE_ACCEPT_POC,LONG,25792.5,25792.25,1768228260,25956.75,1768234560,"{""adverse_ticks"": 1.0, ""tick"": 0.25}",6300,NQ,8.75,167.5,OPEN_BELOW_VAL,TARGET_HIT,25956.75,164.25,164.05,3.330964467005076,3.33502538071066,49.25,09:30,ENTERED,25743.25,25956.75,POC,2026-01-12,25974.75,25765.5,2026
VP_OUTSIDE_ACCEPT_POC,LONG,25618.75,25618.5,1769178660,25594.5,1769178720,"{""adverse_ticks"": 1.0, ""tick"": 0.25}",60,NQ,26.75,34.0,OPEN_BELOW_VAL,STOP_HIT,25673.75,-24.25,-24.45,-1.0082474226804123,-1.0,24.25,09:30,ENTERED,25594.5,25673.75,POC,2026-01-23,25713.25,25614.0,2026
VP_OUTSIDE_ACCEPT_POC,SHORT,25386.25,25386.5,1770820500,25294.25,1770821940,"{""adverse_ticks"": 1.0, ""tick"": 0.25}",1440,NQ,50.25,96.5,OPEN_ABOVE_VAH,TARGET_HIT,25294.25,92.0,91.8,1.158359621451104,1.160883280757098,79.25,09:34,ENTERED,25465.5,25294.25,POC,2026-02-11,25394.25,25275.75,2026
VP_OUTSIDE_ACCEPT_POC,SHORT,25996.0,25996.25,1776259920,26040.75,1776260280,"{""adverse_ticks"": 1.0, ""tick"": 0.25}",360,NQ,53.5,0.75,OPEN_ABOVE_VAH,STOP_HIT,25914.25,-44.75,-44.95,-1.0044692737430168,-1.0,44.75,09:31,ENTERED,26040.75,25914.25,POC,2026-04-15,26003.25,25793.75,2026
VP_OUTSIDE_ACCEPT_POC,SHORT,26748.0,26748.25,1776778320,26733.0,1776778500,"{""adverse_ticks"": 1.0, ""tick"": 0.25}",180,NQ,17.75,21.5,OPEN_ABOVE_VAH,TARGET_HIT,26733.0,15.0,14.8,0.18793650793650796,0.19047619047619047,78.75,09:31,ENTERED,26826.75,26733.0,POC,2026-04-21,26763.75,26663.75,2026
VP_OUTSIDE_ACCEPT_POC,LONG,28912.5,28912.25,1779197460,29008.5,1779197760,"{""adverse_ticks"": 1.0, ""tick"": 0.25}",300,NQ,11.0,137.75,OPEN_BELOW_VAL,TARGET_HIT,29008.5,96.0,95.8,1.5328,1.536,62.5,09:30,ENTERED,28850.0,29008.5,POC,2026-05-19,29107.75,28850.5,2026
VP_OUTSIDE_ACCEPT_POC,LONG,30356.75,30356.5,1780320720,30406.25,1780320780,"{""adverse_ticks"": 1.0, ""tick"": 0.25}",60,NQ,3.0,67.75,OPEN_BELOW_VAL,TARGET_HIT,30406.25,49.5,49.3,1.0378947368421052,1.0421052631578946,47.5,09:31,ENTERED,30309.25,30406.25,POC,2026-06-01,30438.0,30347.75,2026
VP_OUTSIDE_ACCEPT_POC,LONG,29505.25,29505.0,1784208660,29460.0,1784208780,"{""adverse_ticks"": 1.0, ""tick"": 0.25}",120,NQ,46.5,24.5,OPEN_BELOW_VAL,STOP_HIT,29616.25,-45.25,-45.45,-1.0044198895027625,-1.0,45.25,09:30,ENTERED,29460.0,29616.25,POC,2026-07-16,29737.75,29478.75,2026
VP_OUTSIDE_ACCEPT_POC,SHORT,28580.0,28580.25,1785159060,28510.5,1785159180,"{""adverse_ticks"": 1.0, ""tick"": 0.25}",120,NQ,16.75,93.25,OPEN_ABOVE_VAH,TARGET_HIT,28510.5,69.5,69.3,1.9249999999999998,1.9305555555555556,36.0,09:30,ENTERED,28616.0,28510.5,POC,2026-07-27,28585.75,28325.75,2026
