direction,entry_date,entry_fill,entry_theo,exit_date,exit_fill,exit_theo,extras,hold,hold_days,instrument,lookback,mode,n_roll_nights,overnight_points,points,points_after_cost,rv20,session_points,signal_date,signal_ret,status,vol_weight,weekend_points,year
SHORT,2010-07-06,1713.25,1713.5,2010-07-08,1788.25,1788.0,{},daily_refresh,2,NQ,20,daily_refresh,0,1.25,-75.0,-75.2,0.013614817299748859,-76.0,2010-07-05,-0.046200946284441824,ENTERED,,0.0,2010
LONG,2010-07-08,1788.25,1788.0,2010-07-09,1793.0,1793.25,{},daily_refresh,1,NQ,20,daily_refresh,0,0.0,4.75,4.55,0.015614399049681546,7.0,2010-07-07,0.005623506256150712,ENTERED,,0.0,2010
SHORT,2010-07-09,1793.0,1793.25,2010-07-23,1857.25,1857.0,{},daily_refresh,10,NQ,20,daily_refresh,0,-0.5,-64.25,-64.45,0.014469620459711072,-57.25,2010-07-08,-0.01589912280701722,ENTERED,,5.75,2010
LONG,2010-07-23,1857.25,1857.0,2010-08-12,1823.0,1823.25,{},daily_refresh,14,NQ,20,daily_refresh,0,-6.75,-34.25,-34.45,0.017903898818311698,-34.5,2010-07-22,0.0012170385395540162,ENTERED,,-1.5,2010
SHORT,2010-08-12,1823.0,1823.25,2010-08-16,1814.75,1814.5,{},daily_refresh,2,NQ,20,daily_refresh,0,-2.25,8.25,8.05,0.016404964273895383,9.0,2010-08-11,-0.02023472278429772,ENTERED,,0.0,2010
LONG,2010-08-16,1814.75,1814.5,2010-08-18,1840.25,1840.5,{},daily_refresh,2,NQ,20,daily_refresh,0,-2.25,25.5,25.3,0.015283537652474047,28.0,2010-08-13,0.008046614872363689,ENTERED,,0.0,2010
SHORT,2010-08-18,1840.25,1840.5,2010-08-19,1836.75,1836.5,{},daily_refresh,1,NQ,20,daily_refresh,0,0.0,3.5,3.3,0.013849929532498093,1.5,2010-08-17,-0.006076154469349726,ENTERED,,0.0,2010
LONG,2010-08-19,1836.75,1836.5,2010-08-20,1822.25,1822.5,{},daily_refresh,1,NQ,20,daily_refresh,0,0.0,-14.5,-14.7,0.013014754367275462,-14.5,2010-08-18,0.01392143349414221,ENTERED,,0.0,2010
SHORT,2010-08-20,1822.25,1822.5,2010-09-09,1882.25,1882.0,{},daily_refresh,14,NQ,20,daily_refresh,0,-14.5,-60.0,-60.2,0.012319558009353896,-45.5,2010-08-19,-0.015667206915180865,ENTERED,,-10.75,2010
LONG,2010-09-09,1882.25,1882.0,2010-11-24,2122.0,2122.25,{},daily_refresh,54,NQ,20,daily_refresh,0,44.75,239.75,239.55,0.011839632222908049,188.5,2010-09-08,0.036761668731928765,ENTERED,,36.0,2010
SHORT,2010-11-24,2122.0,2122.25,2010-11-25,2160.25,2160.0,{},daily_refresh,1,NQ,20,daily_refresh,0,0.0,-38.25,-38.45,0.009573141885176953,-38.25,2010-11-23,-0.0010625737898469767,ENTERED,,0.0,2010
LONG,2010-11-25,2160.25,2160.0,2010-12-01,2112.0,2112.25,{},daily_refresh,4,NQ,20,daily_refresh,0,3.75,-48.25,-48.45,0.010704913610323937,-49.0,2010-11-24,0.018863475595378043,ENTERED,,6.0,2010
SHORT,2010-12-01,2112.0,2112.25,2010-12-03,2187.0,2186.75,{},daily_refresh,2,NQ,20,daily_refresh,0,-2.5,-75.0,-75.2,0.01099100679589286,-74.75,2010-11-30,-0.016624040920716676,ENTERED,,0.0,2010
LONG,2010-12-03,2187.0,2186.75,2011-02-24,2305.75,2306.0,{},daily_refresh,58,NQ,20,daily_refresh,0,-12.75,118.75,118.55,0.012210850665975274,130.0,2010-12-02,0.002977553825011192,ENTERED,,-21.0,2010
SHORT,2011-02-24,2305.75,2306.0,2011-02-28,2341.75,2341.5,{},daily_refresh,2,NQ,20,daily_refresh,0,-3.0,-36.0,-36.2,0.009635126323321393,-36.25,2011-02-23,-0.005503399158303668,ENTERED,,0.0,2011
LONG,2011-02-28,2341.75,2341.5,2011-03-02,2310.75,2311.0,{},daily_refresh,2,NQ,20,daily_refresh,0,2.5,-31.0,-31.2,0.008382708809045052,-39.0,2011-02-25,0.035544762115023554,ENTERED,,0.0,2011
SHORT,2011-03-02,2310.75,2311.0,2011-03-03,2323.0,2322.75,{},daily_refresh,1,NQ,20,daily_refresh,0,0.0,-12.25,-12.45,0.008782469156061398,-10.5,2011-03-01,-0.006786599159754436,ENTERED,,0.0,2011
LONG,2011-03-03,2323.0,2322.75,2011-03-08,2329.0,2329.25,{},daily_refresh,3,NQ,20,daily_refresh,0,1.75,6.0,5.8,0.008939233689317984,0.75,2011-03-02,0.0007543916370296166,ENTERED,,-1.75,2011
SHORT,2011-03-08,2329.0,2329.25,2011-03-25,2316.5,2316.25,{},daily_refresh,13,NQ,20,daily_refresh,1,-26.75,-8.75,-8.95,0.010815962723418945,18.0,2011-03-07,-0.007469853804290105,ENTERED,,-13.0,2011
LONG,2011-03-25,2316.5,2316.25,2011-03-28,2321.0,2321.25,{},daily_refresh,1,NQ,20,daily_refresh,0,0.0,4.5,4.3,0.013493297958043722,0.75,2011-03-24,0.011378486485872807,ENTERED,,0.0,2011
SHORT,2011-03-28,2321.0,2321.25,2011-03-30,2322.75,2322.5,{},daily_refresh,2,NQ,20,daily_refresh,0,1.0,-1.75,-1.95,0.013100688051857233,-4.5,2011-03-25,-0.002852835743233695,ENTERED,,0.0,2011
LONG,2011-03-30,2322.75,2322.5,2011-04-01,2341.75,2342.0,{},daily_refresh,2,NQ,20,daily_refresh,0,0.25,19.0,18.8,0.012660662362073149,14.25,2011-03-29,0.01795292829775641,ENTERED,,0.0,2011
SHORT,2011-04-01,2341.75,2342.0,2011-04-05,2341.25,2341.0,{},daily_refresh,2,NQ,20,daily_refresh,0,-4.75,0.5,0.3,0.011548625774388505,4.75,2011-03-31,-0.006006959797447142,ENTERED,,-4.75,2011
LONG,2011-04-05,2341.25,2341.0,2011-05-20,2367.5,2367.75,{},daily_refresh,32,NQ,20,daily_refresh,0,29.75,26.25,26.05,0.01091598111650039,-3.0,2011-04-04,0.016575425763908136,ENTERED,,10.0,2011
SHORT,2011-05-20,2367.5,2367.75,2011-07-04,2354.75,2354.5,{},daily_refresh,31,NQ,20,daily_refresh,0,14.25,12.75,12.55,0.008084746123629015,-0.5,2011-05-19,-0.003472222222222099,ENTERED,,19.75,2011
LONG,2011-07-04,2354.75,2354.5,2011-08-02,2349.0,2349.25,{},daily_refresh,21,NQ,20,daily_refresh,2,-4.0,-4.75,-4.95,0.011579627543475279,-6.5,2011-07-01,0.029296020988193838,ENTERED,,-17.75,2011
SHORT,2011-08-02,2349.0,2349.25,2011-08-31,2223.75,2223.5,{},daily_refresh,21,NQ,20,daily_refresh,2,26.0,58.75,58.55,0.013034991259117485,34.0,2011-08-01,-0.008947740753236122,ENTERED,,-5.25,2011
LONG,2011-08-31,2223.75,2223.5,2011-09-29,2213.0,2213.25,{},daily_refresh,21,NQ,20,daily_refresh,1,-25.0,16.0,15.8,0.0300290526079205,44.0,2011-08-30,0.003678183241879962,ENTERED,,-5.25,2011
SHORT,2011-09-29,2213.0,2213.25,2011-09-30,2193.5,2193.25,{},daily_refresh,1,NQ,20,daily_refresh,0,0.0,19.5,19.3,0.017452851542287956,17.25,2011-09-28,-0.0007829999794506382,ENTERED,,0.0,2011
LONG,2011-09-30,2193.5,2193.25,2011-10-03,2129.25,2129.5,{},daily_refresh,1,NQ,20,daily_refresh,0,0.0,-64.25,-64.45,0.01739177945382273,-69.75,2011-09-29,0.0012445466164947572,ENTERED,,0.0,2011
SHORT,2011-10-03,2129.25,2129.5,2011-10-07,2206.5,2206.25,{},daily_refresh,4,NQ,20,daily_refresh,0,12.0,-77.25,-77.45,0.01815249976980144,-89.75,2011-09-30,-0.008005938298750626,ENTERED,,0.0,2011
LONG,2011-10-07,2206.5,2206.25,2011-11-11,2307.5,2307.75,{},daily_refresh,25,NQ,20,daily_refresh,0,-32.0,101.0,100.8,0.019006218562634233,134.5,2011-10-06,0.008418886702445949,ENTERED,,4.5,2011
SHORT,2011-11-11,2307.5,2307.75,2011-11-15,2344.0,2343.75,{},daily_refresh,2,NQ,20,daily_refresh,0,-10.0,-36.5,-36.7,0.016338512586266393,-24.25,2011-11-10,-0.009120171673820288,ENTERED,,-10.0,2011
LONG,2011-11-15,2344.0,2343.75,2011-11-17,2310.75,2311.0,{},daily_refresh,2,NQ,20,daily_refresh,0,-2.25,-33.25,-33.45,0.015696814343797855,-31.0,2011-11-14,0.012209616423554781,ENTERED,,0.0,2011
SHORT,2011-11-17,2310.75,2311.0,2011-12-21,2267.25,2267.0,{},daily_refresh,24,NQ,20,daily_refresh,1,-5.0,75.0,74.8,0.016305347064820046,79.5,2011-11-16,-0.00398749865287229,ENTERED,,5.25,2011
LONG,2011-12-21,2267.25,2267.0,2011-12-30,2279.0,2279.25,{},daily_refresh,6,NQ,20,daily_refresh,0,2.5,11.75,11.55,0.016173954988985217,9.75,2011-12-20,0.009595061562719831,ENTERED,,0.0,2011
SHORT,2011-12-30,2279.0,2279.25,2012-01-10,2352.0,2351.75,{},daily_refresh,6,NQ,20,daily_refresh,1,7.0,-35.25,-35.45,0.012102975436134035,-38.25,2011-12-29,-0.007295296167247001,ENTERED,,8.0,2011
LONG,2012-01-10,2352.0,2351.75,2012-01-11,2357.0,2357.25,{},daily_refresh,1,NQ,20,daily_refresh,0,0.0,5.0,4.8,0.010803541490807554,6.25,2012-01-09,0.015571072941484188,ENTERED,,0.0,2012
SHORT,2012-01-11,2357.0,2357.25,2012-01-12,2367.5,2367.25,{},daily_refresh,1,NQ,20,daily_refresh,0,0.0,-10.5,-10.7,0.009678156858137311,-10.25,2012-01-10,-0.0018258232412078357,ENTERED,,0.0,2012
LONG,2012-01-12,2367.5,2367.25,2012-04-16,2690.25,2690.5,{},daily_refresh,67,NQ,20,daily_refresh,0,36.0,322.75,322.55,0.009079063941515347,288.5,2012-01-11,0.0170770442896222,ENTERED,,23.0,2012
SHORT,2012-04-16,2690.25,2690.5,2012-06-18,2578.25,2578.0,{},daily_refresh,45,NQ,20,daily_refresh,2,-11.5,110.0,109.8,0.008366261181525923,134.0,2012-04-13,-0.007192254495158923,ENTERED,,10.0,2012
LONG,2012-06-18,2578.25,2578.0,2012-06-22,2554.5,2554.75,{},daily_refresh,4,NQ,20,daily_refresh,0,-2.75,-23.75,-23.95,0.014389373545781325,-18.25,2012-06-15,0.02874032405350513,ENTERED,,0.0,2012
SHORT,2012-06-22,2554.5,2554.75,2012-06-25,2570.0,2569.75,{},daily_refresh,1,NQ,20,daily_refresh,0,0.0,-15.5,-15.7,0.01414792309086552,-20.25,2012-06-21,-0.0025332246708390516,ENTERED,,0.0,2012
LONG,2012-06-25,2570.0,2569.75,2012-06-26,2531.5,2531.75,{},daily_refresh,1,NQ,20,daily_refresh,0,0.0,-38.5,-38.7,0.01418500375774895,-40.5,2012-06-22,0.009359773627492851,ENTERED,,0.0,2012
SHORT,2012-06-26,2531.5,2531.75,2012-06-28,2556.5,2556.25,{},daily_refresh,2,NQ,20,daily_refresh,0,2.5,-25.0,-25.2,0.014735610301041773,-29.0,2012-06-25,-0.012288183979802025,ENTERED,,0.0,2012
LONG,2012-06-28,2556.5,2556.25,2012-06-29,2521.5,2521.75,{},daily_refresh,1,NQ,20,daily_refresh,0,0.0,-35.0,-35.2,0.014519586768168134,-29.25,2012-06-27,0.0012085901790981346,ENTERED,,0.0,2012
SHORT,2012-06-29,2521.5,2521.75,2012-07-02,2611.25,2611.0,{},daily_refresh,1,NQ,20,daily_refresh,0,0.0,-89.75,-89.95,0.014754315914147323,-90.75,2012-06-28,-0.00680144237124658,ENTERED,,0.0,2012
LONG,2012-07-02,2611.25,2611.0,2012-07-17,2570.75,2571.0,{},daily_refresh,11,NQ,20,daily_refresh,0,-18.0,-40.5,-40.7,0.015350161566995741,-22.5,2012-06-29,0.05378287336767662,ENTERED,,-11.25,2012
SHORT,2012-07-17,2570.75,2571.0,2012-07-19,2629.75,2629.5,{},daily_refresh,2,NQ,20,daily_refresh,0,0.25,-59.0,-59.2,0.012678474328163509,-62.25,2012-07-16,-0.008677207867335168,ENTERED,,0.0,2012
LONG,2012-07-19,2629.75,2629.5,2012-07-25,2518.75,2519.0,{},daily_refresh,4,NQ,20,daily_refresh,0,-5.75,-111.0,-111.2,0.013272676825940178,-99.75,2012-07-18,0.005057734516652257,ENTERED,,-8.5,2012
SHORT,2012-07-25,2518.75,2519.0,2012-07-27,2576.0,2575.75,{},daily_refresh,2,NQ,20,daily_refresh,0,1.5,-57.25,-57.45,0.013095506013626058,-59.75,2012-07-24,-0.009224730127575631,ENTERED,,0.0,2012
LONG,2012-07-27,2576.0,2575.75,2012-08-01,2635.5,2635.75,{},daily_refresh,3,NQ,20,daily_refresh,0,-6.25,59.5,59.3,0.013173779460623853,66.75,2012-07-26,0.019885239414325184,ENTERED,,-4.5,2012
SHORT,2012-08-01,2635.5,2635.75,2012-08-06,2677.75,2677.5,{},daily_refresh,3,NQ,20,daily_refresh,0,-2.5,-42.25,-42.45,0.011958825338916202,-35.0,2012-07-31,-0.0018930430667299936,ENTERED,,0.0,2012
LONG,2012-08-06,2677.75,2677.5,2012-09-27,2779.5,2779.75,{},daily_refresh,38,NQ,20,daily_refresh,0,-20.75,101.75,101.55,0.01255116840505934,123.25,2012-08-03,0.02413561919356333,ENTERED,,-14.25,2012
SHORT,2012-09-27,2779.5,2779.75,2012-09-28,2816.25,2816.0,{},daily_refresh,1,NQ,20,daily_refresh,0,0.0,-36.75,-36.95,0.008390744836318336,-36.25,2012-09-26,-0.0004494382022474097,ENTERED,,0.0,2012
LONG,2012-09-28,2816.25,2816.0,2012-10-05,2823.5,2823.75,{},daily_refresh,5,NQ,20,daily_refresh,0,-8.5,7.25,7.05,0.008519478366270474,14.75,2012-09-27,0.022698383875068062,ENTERED,,-8.0,2012
SHORT,2012-10-05,2823.5,2823.75,2012-11-27,2650.25,2650.0,{},daily_refresh,37,NQ,20,daily_refresh,0,13.5,173.25,173.05,0.007506232269579896,160.0,2012-10-04,-0.0014153029632907321,ENTERED,,22.25,2012
LONG,2012-11-27,2650.25,2650.0,2012-11-28,2638.5,2638.75,{},daily_refresh,1,NQ,20,daily_refresh,0,0.0,-11.75,-11.95,0.011461234769756997,-11.5,2012-11-26,0.004548469629489071,ENTERED,,0.0,2012
SHORT,2012-11-28,2638.5,2638.75,2012-11-29,2660.75,2660.5,{},daily_refresh,1,NQ,20,daily_refresh,0,0.0,-22.25,-22.45,0.0113836585593452,-21.5,2012-11-27,-0.007149576669802538,ENTERED,,0.0,2012
LONG,2012-11-29,2660.75,2660.5,2012-11-30,2673.0,2673.25,{},daily_refresh,1,NQ,20,daily_refresh,0,0.0,12.25,12.05,0.011337145720857311,13.0,2012-11-28,0.010253489034462993,ENTERED,,0.0,2012
SHORT,2012-11-30,2673.0,2673.25,2012-12-03,2678.75,2678.5,{},daily_refresh,1,NQ,20,daily_refresh,0,0.0,-5.75,-5.95,0.010431799992120992,-7.25,2012-11-29,-0.004746393671475446,ENTERED,,0.0,2012
LONG,2012-12-03,2678.75,2678.5,2012-12-05,2660.5,2660.75,{},daily_refresh,2,NQ,20,daily_refresh,0,1.5,-18.25,-18.45,0.009728928339673894,-19.0,2012-11-30,0.01438032166508929,ENTERED,,0.0,2012
SHORT,2012-12-05,2660.5,2660.75,2012-12-06,2640.0,2639.75,{},daily_refresh,1,NQ,20,daily_refresh,0,0.0,20.5,20.3,0.00964397076023581,21.25,2012-12-04,-0.004861630516081128,ENTERED,,0.0,2012
LONG,2012-12-06,2640.0,2639.75,2012-12-26,2653.25,2653.5,{},daily_refresh,13,NQ,20,daily_refresh,0,0.25,13.25,13.05,0.008492861614760252,10.0,2012-12-05,0.0086939906372403,ENTERED,,-1.0,2012
SHORT,2012-12-26,2653.25,2653.5,2013-01-03,2737.75,2737.5,{},daily_refresh,5,NQ,20,daily_refresh,1,-6.0,-57.5,-57.7,0.007981497293020546,-53.5,2012-12-24,-9.43307235170554e-05,ENTERED,,-5.5,2012
LONG,2013-01-03,2737.75,2737.5,2013-01-31,2734.5,2734.75,{},daily_refresh,20,NQ,20,daily_refresh,0,1.75,-3.25,-3.45,0.011685334368576173,-4.5,2013-01-02,0.016854638695533053,ENTERED,,3.25,2013
SHORT,2013-01-31,2734.5,2734.75,2013-02-01,2735.0,2734.75,{},daily_refresh,1,NQ,20,daily_refresh,0,0.0,-0.5,-0.7,0.005228597289897677,-0.0,2013-01-30,-0.0019160583941607578,ENTERED,,0.0,2013
LONG,2013-02-01,2735.0,2734.75,2013-02-05,2711.0,2711.25,{},daily_refresh,2,NQ,20,daily_refresh,0,-3.25,-24.0,-24.2,0.005121314745345044,-21.75,2013-01-31,0.0026581118240143198,ENTERED,,-3.25,2013
SHORT,2013-02-05,2711.0,2711.25,2013-02-06,2752.25,2752.0,{},daily_refresh,1,NQ,20,daily_refresh,0,0.0,-41.25,-41.45,0.0065930963739839156,-40.75,2013-02-04,-0.002851885924563091,ENTERED,,0.0,2013
LONG,2013-02-06,2752.25,2752.0,2013-02-08,2742.25,2742.5,{},daily_refresh,2,NQ,20,daily_refresh,0,0.0,-10.0,-10.2,0.007464181756052922,-9.75,2013-02-05,0.013627992633517438,ENTERED,,0.0,2013
SHORT,2013-02-08,2742.25,2742.5,2013-02-11,2776.25,2776.0,{},daily_refresh,1,NQ,20,daily_refresh,0,0.0,-34.0,-34.2,0.007365276541084286,-29.5,2013-02-07,-3.3306690738754696e-16,ENTERED,,0.0,2013
LONG,2013-02-11,2776.25,2776.0,2013-02-26,2706.0,2706.25,{},daily_refresh,11,NQ,20,daily_refresh,0,2.5,-70.25,-70.45,0.007753517109498815,-77.0,2013-02-08,0.010480269753029958,ENTERED,,5.5,2013
SHORT,2013-02-26,2706.0,2706.25,2013-02-28,2741.75,2741.5,{},daily_refresh,2,NQ,20,daily_refresh,0,0.75,-35.75,-35.95,0.008621750349544138,-36.0,2013-02-25,-0.011977690408704222,ENTERED,,0.0,2013
LONG,2013-02-28,2741.75,2741.5,2013-03-01,2731.75,2732.0,{},daily_refresh,1,NQ,20,daily_refresh,0,0.0,-10.0,-10.2,0.008941703536683002,-10.0,2013-02-27,0.002468232928055425,ENTERED,,0.0,2013
SHORT,2013-03-01,2731.75,2732.0,2013-03-05,2764.25,2764.0,{},daily_refresh,2,NQ,20,daily_refresh,0,4.0,-32.5,-32.7,0.008982275294398503,-35.75,2013-02-28,-0.00118840844684176,ENTERED,,4.0,2013
LONG,2013-03-05,2764.25,2764.0,2013-04-08,2765.25,2765.5,{},daily_refresh,23,NQ,20,daily_refresh,1,-8.0,31.25,31.05,0.008064320753970754,39.5,2013-03-04,0.01992803764184825,ENTERED,,1.0,2013
SHORT,2013-04-08,2765.25,2765.5,2013-04-09,2783.75,2783.5,{},daily_refresh,1,NQ,20,daily_refresh,0,0.0,-18.5,-18.7,0.005999163256454026,-18.0,2013-04-05,-0.0013249698246462494,ENTERED,,0.0,2013
LONG,2013-04-09,2783.75,2783.5,2013-04-19,2749.25,2749.5,{},daily_refresh,8,NQ,20,daily_refresh,0,-7.5,-34.5,-34.7,0.006173061650789329,-26.25,2013-04-08,0.0036526053372711864,ENTERED,,-4.5,2013
SHORT,2013-04-19,2749.25,2749.5,2013-04-22,2776.5,2776.25,{},daily_refresh,1,NQ,20,daily_refresh,0,0.0,-27.25,-27.45,0.009460534465333195,-22.0,2013-04-18,-0.01301148600143609,ENTERED,,0.0,2013
LONG,2013-04-22,2776.5,2776.25,2013-04-23,2798.5,2798.75,{},daily_refresh,1,NQ,20,daily_refresh,0,0.0,22.0,21.8,0.009554007319656894,22.5,2013-04-19,0.0008124943576774957,ENTERED,,0.0,2013
SHORT,2013-04-23,2798.5,2798.75,2013-04-24,2820.5,2820.25,{},daily_refresh,1,NQ,20,daily_refresh,0,0.0,-22.0,-22.2,0.00949175512454107,-21.25,2013-04-22,-0.0002679049830327518,ENTERED,,0.0,2013
LONG,2013-04-24,2820.5,2820.25,2013-06-06,2941.0,2941.25,{},daily_refresh,31,NQ,20,daily_refresh,0,-1.25,120.5,120.3,0.009576309458838255,122.25,2013-04-23,0.011749932729392842,ENTERED,,-1.5,2013
SHORT,2013-06-06,2941.0,2941.25,2013-06-10,2982.25,2982.0,{},daily_refresh,2,NQ,20,daily_refresh,0,0.25,-41.25,-41.45,0.005118175670725921,-44.0,2013-06-05,-0.006586169045005752,ENTERED,,0.0,2013
LONG,2013-06-10,2982.25,2982.0,2013-06-12,2966.25,2966.5,{},daily_refresh,2,NQ,20,daily_refresh,0,0.25,-16.0,-16.2,0.005808148215296771,-16.0,2013-06-07,0.002687269062815467,ENTERED,,0.0,2013
SHORT,2013-06-12,2966.25,2966.5,2013-07-11,3017.5,3017.25,{},daily_refresh,21,NQ,20,daily_refresh,1,-13.75,-21.75,-21.95,0.005924074229492909,-7.5,2013-06-11,-0.009516654144753,ENTERED,,-14.25,2013
LONG,2013-07-11,3017.5,3017.25,2013-08-28,3058.5,3058.75,{},daily_refresh,34,NQ,20,daily_refresh,0,-3.5,41.0,40.8,0.009470557286053304,45.0,2013-07-10,0.022327263746138026,ENTERED,,-1.25,2013
SHORT,2013-08-28,3058.5,3058.75,2013-09-10,3171.25,3171.0,{},daily_refresh,9,NQ,20,daily_refresh,1,-7.5,-83.75,-83.95,0.00784515023529843,-76.0,2013-08-27,-0.00826781227202733,ENTERED,,-6.0,2013
LONG,2013-09-10,3171.25,3171.0,2013-10-09,3158.25,3158.5,{},daily_refresh,21,NQ,20,daily_refresh,0,-4.5,-13.0,-13.2,0.008823665067532975,-8.25,2013-09-09,0.005492785867375005,ENTERED,,-4.25,2013
SHORT,2013-10-09,3158.25,3158.5,2013-10-11,3191.25,3191.0,{},daily_refresh,2,NQ,20,daily_refresh,0,0.25,-33.0,-33.2,0.007111675678413164,-32.75,2013-10-08,-0.007307873644507357,ENTERED,,0.0,2013
LONG,2013-10-11,3191.25,3191.0,2014-01-27,3528.25,3528.5,{},daily_refresh,74,NQ,20,daily_refresh,0,25.75,337.0,336.8,0.008258108621815191,311.0,2013-10-10,0.0039326726443291715,ENTERED,,21.75,2013
SHORT,2014-01-27,3528.25,3528.5,2014-02-11,3579.75,3579.5,{},daily_refresh,11,NQ,20,daily_refresh,0,-32.5,-51.5,-51.7,0.009129821319357074,-20.0,2014-01-24,-0.014801368428401851,ENTERED,,-9.75,2014
LONG,2014-02-11,3579.75,3579.5,2014-03-25,3614.5,3614.75,{},daily_refresh,30,NQ,20,daily_refresh,1,-27.25,68.75,68.55,0.01205761009353444,96.25,2014-02-10,0.020009969379762405,ENTERED,,-12.0,2014
SHORT,2014-03-25,3614.5,3614.75,2014-04-25,3586.0,3585.75,{},daily_refresh,22,NQ,20,daily_refresh,0,-8.0,28.5,28.3,0.007591016502277294,37.0,2014-03-24,-0.010772864835409734,ENTERED,,1.25,2014
LONG,2014-04-25,3586.0,3585.75,2014-04-28,3529.75,3530.0,{},daily_refresh,1,NQ,20,daily_refresh,0,0.0,-56.25,-56.45,0.012618189573321717,-54.75,2014-04-24,0.0025162507863283334,ENTERED,,0.0,2014
SHORT,2014-04-28,3529.75,3530.0,2014-05-06,3593.5,3593.25,{},daily_refresh,6,NQ,20,daily_refresh,0,-4.25,-63.75,-63.95,0.01303806695829795,-59.25,2014-04-25,-0.007588532883642918,ENTERED,,-4.75,2014
LONG,2014-05-06,3593.5,3593.25,2014-05-09,3532.25,3532.5,{},daily_refresh,3,NQ,20,daily_refresh,0,-3.75,-61.25,-61.45,0.010911895309440034,-56.75,2014-05-05,0.0145398080180692,ENTERED,,0.0,2014
SHORT,2014-05-09,3532.25,3532.5,2014-05-12,3554.0,3553.75,{},daily_refresh,1,NQ,20,daily_refresh,0,0.0,-21.75,-21.95,0.010043850752598999,-17.5,2014-05-08,-0.017042292710072293,ENTERED,,0.0,2014
LONG,2014-05-12,3554.0,3553.75,2014-08-01,3896.25,3896.5,{},daily_refresh,57,NQ,20,daily_refresh,1,7.25,382.75,382.55,0.007068888801525375,376.0,2014-05-09,0.01974865350089794,ENTERED,,6.25,2014
SHORT,2014-08-01,3896.25,3896.5,2014-08-06,3877.0,3876.75,{},daily_refresh,3,NQ,20,daily_refresh,0,-8.0,19.25,19.05,0.007708515511737759,27.75,2014-07-31,-0.004852509258076343,ENTERED,,-7.75,2014
LONG,2014-08-06,3877.0,3876.75,2014-08-07,3872.5,3872.75,{},daily_refresh,1,NQ,20,daily_refresh,0,0.0,-4.5,-4.7,0.007707631825934411,-4.5,2014-08-05,0.0036243608827914997,ENTERED,,0.0,2014
SHORT,2014-08-07,3872.5,3872.75,2014-08-14,3944.5,3944.25,{},daily_refresh,5,NQ,20,daily_refresh,0,-8.75,-72.0,-72.2,0.007591834570969699,-62.75,2014-08-06,-0.00347423277359582,ENTERED,,-8.0,2014
LONG,2014-08-14,3944.5,3944.25,2014-09-26,4012.5,4012.75,{},daily_refresh,28,NQ,20,daily_refresh,0,-1.75,68.0,67.8,0.008037463553919733,102.0,2014-08-13,0.006378771448618981,ENTERED,,-1.25,2014
SHORT,2014-09-26,4012.5,4012.75,2014-10-28,4040.75,4040.5,{},daily_refresh,22,NQ,20,daily_refresh,0,-9.0,-28.25,-28.45,0.005485895443225934,-18.5,2014-09-22,-0.005287752090507025,ENTERED,,-16.5,2014
LONG,2014-10-28,4040.75,4040.5,2014-12-15,4183.0,4183.25,{},daily_refresh,34,NQ,20,daily_refresh,0,-19.25,142.25,142.05,0.013597661713979315,173.25,2014-10-27,0.001177053648866,ENTERED,,-9.25,2014
SHORT,2014-12-15,4183.0,4183.25,2014-12-19,4266.5,4266.25,{},daily_refresh,4,NQ,20,daily_refresh,0,-0.25,-83.5,-83.7,0.006169400105695748,-86.5,2014-12-12,-0.007218934911242592,ENTERED,,0.0,2014
LONG,2014-12-19,4266.5,4266.25,2014-12-24,4279.25,4279.5,{},daily_refresh,3,NQ,20,daily_refresh,0,6.75,12.75,12.55,0.010335749907707527,6.25,2014-12-18,0.006719320994931222,ENTERED,,7.5,2014
SHORT,2014-12-24,4279.25,4279.5,2014-12-30,4315.75,4315.5,{},daily_refresh,4,NQ,20,daily_refresh,0,-3.5,-36.5,-36.7,0.01022744116128737,-33.5,2014-12-23,-0.00366705471478479,ENTERED,,-2.25,2014
LONG,2014-12-30,4315.75,4315.5,2015-01-01,4240.0,4240.25,{},daily_refresh,1,NQ,20,daily_refresh,0,0.0,-75.75,-75.95,0.00983641112278542,-33.75,2014-12-29,0.006881268952647401,ENTERED,,0.0,2014
SHORT,2015-01-01,4240.0,4240.25,2015-01-09,4233.0,4232.75,{},daily_refresh,6,NQ,20,daily_refresh,0,5.0,7.0,6.8,0.009936116614555093,1.75,2014-12-30,-0.006554524361949254,ENTERED,,10.0,2015
LONG,2015-01-09,4233.0,4232.75,2015-01-16,4066.5,4066.75,{},daily_refresh,5,NQ,20,daily_refresh,0,-1.25,-166.5,-166.7,0.011473319396712025,-164.5,2015-01-08,0.0112203280137817,ENTERED,,-1.25,2015
SHORT,2015-01-16,4066.5,4066.75,2015-01-23,4263.25,4263.0,{},daily_refresh,5,NQ,20,daily_refresh,0,11.0,-196.75,-196.95,0.010983417309497506,-206.75,2015-01-15,-0.012253171849665123,ENTERED,,11.0,2015
LONG,2015-01-23,4263.25,4263.0,2015-01-28,4205.75,4206.0,{},daily_refresh,3,NQ,20,daily_refresh,0,-36.75,-57.5,-57.7,0.011066140254549972,-20.5,2015-01-22,0.0053060292614193205,ENTERED,,-30.75,2015
SHORT,2015-01-28,4205.75,4206.0,2015-02-03,4180.75,4180.5,{},daily_refresh,4,NQ,20,daily_refresh,0,7.0,25.0,24.8,0.01153313603621948,17.25,2015-01-27,-0.016121315180764983,ENTERED,,6.75,2015
LONG,2015-02-03,4180.75,4180.5,2015-03-12,4309.0,4309.25,{},daily_refresh,27,NQ,20,daily_refresh,0,-56.0,128.25,128.05,0.012885878518058612,185.0,2015-02-02,0.003780604896783446,ENTERED,,-32.25,2015
SHORT,2015-03-12,4309.0,4309.25,2015-03-19,4426.75,4426.5,{},daily_refresh,5,NQ,20,daily_refresh,0,16.0,-117.75,-117.95,0.006352145616264693,-132.5,2015-03-11,-0.0005218298834578361,ENTERED,,15.25,2015
LONG,2015-03-19,4426.75,4426.5,2015-03-24,4440.0,4440.25,{},daily_refresh,3,NQ,20,daily_refresh,0,4.5,13.25,13.05,0.00706927099224239,9.25,2015-03-18,0.008775428799361773,ENTERED,,4.75,2015
SHORT,2015-03-24,4440.0,4440.25,2015-04-09,4375.75,4375.5,{},daily_refresh,12,NQ,20,daily_refresh,0,-10.0,64.25,64.05,0.006980640391935128,74.75,2015-03-23,-0.0009000393767228942,ENTERED,,-12.0,2015
LONG,2015-04-09,4375.75,4375.5,2015-04-16,4424.0,4424.25,{},daily_refresh,5,NQ,20,daily_refresh,0,0.75,48.25,48.05,0.009560973794559197,47.75,2015-04-08,0.015315001740341394,ENTERED,,0.5,2015
SHORT,2015-04-16,4424.0,4424.25,2015-04-22,4435.25,4435.0,{},daily_refresh,4,NQ,20,daily_refresh,0,-9.0,-11.25,-11.45,0.008942237119735675,-1.25,2015-04-15,-0.0003954132068012539,ENTERED,,-9.25,2015
LONG,2015-04-22,4435.25,4435.0,2015-05-07,4369.5,4369.75,{},daily_refresh,11,NQ,20,daily_refresh,0,-2.0,-65.75,-65.95,0.01012997588619323,-63.0,2015-04-21,0.000394788787998257,ENTERED,,-1.75,2015
SHORT,2015-05-07,4369.5,4369.75,2015-05-08,4404.5,4404.25,{},daily_refresh,1,NQ,20,daily_refresh,0,0.0,-35.0,-35.2,0.008853521664449537,-34.0,2015-05-06,-0.0012569992000913688,ENTERED,,0.0,2015
LONG,2015-05-08,4404.5,4404.25,2015-05-25,4528.0,4528.25,{},daily_refresh,11,NQ,20,daily_refresh,0,2.25,123.5,123.3,0.008957687382774429,120.5,2015-05-07,0.0015351375938141842,ENTERED,,1.25,2015
SHORT,2015-05-25,4528.0,4528.25,2015-05-28,4541.75,4541.5,{},daily_refresh,3,NQ,20,daily_refresh,0,0.0,-13.75,-13.95,0.007937539445235566,-13.25,2015-05-22,-0.0006070975219383268,ENTERED,,0.0,2015
LONG,2015-05-28,4541.75,4541.5,2015-06-12,4486.5,4486.75,{},daily_refresh,11,NQ,20,daily_refresh,0,2.75,-55.25,-55.45,0.008621917734179302,-57.0,2015-05-27,0.016222868650705102,ENTERED,,4.0,2015
SHORT,2015-06-12,4486.5,4486.75,2015-06-23,4540.0,4539.75,{},daily_refresh,7,NQ,20,daily_refresh,0,7.0,-53.5,-53.7,0.006478846094222622,-59.5,2015-06-11,-0.0006681142475358781,ENTERED,,6.25,2015
LONG,2015-06-23,4540.0,4539.75,2015-06-25,4521.75,4522.0,{},daily_refresh,2,NQ,20,daily_refresh,0,0.0,-18.25,-18.45,0.008101687397700749,-17.5,2015-06-22,0.0029829310059104053,ENTERED,,0.0,2015
SHORT,2015-06-25,4521.75,4522.0,2015-07-03,4426.75,4426.5,{},daily_refresh,6,NQ,20,daily_refresh,1,-34.5,26.5,26.3,0.007041865379146986,61.0,2015-06-24,-0.004238687658262741,ENTERED,,0.0,2015
LONG,2015-07-03,4426.75,4426.5,2015-07-09,4357.0,4357.25,{},daily_refresh,4,NQ,20,daily_refresh,1,-0.25,-18.25,-18.45,0.007051159164503554,-17.5,2015-07-02,0.00027604355857158147,ENTERED,,0.0,2015
SHORT,2015-07-09,4357.0,4357.25,2015-07-10,4371.75,4371.5,{},daily_refresh,1,NQ,20,daily_refresh,0,0.0,-14.75,-14.95,0.007615651215735687,-14.5,2015-07-08,-0.0014275687292667483,ENTERED,,0.0,2015
LONG,2015-07-10,4371.75,4371.5,2015-08-13,4530.0,4530.25,{},daily_refresh,24,NQ,20,daily_refresh,0,-19.5,158.25,158.05,0.007651102602759351,178.0,2015-07-09,0.0010581824499078518,ENTERED,,-20.0,2015
SHORT,2015-08-13,4530.0,4530.25,2015-09-18,4370.25,4370.0,{},daily_refresh,26,NQ,20,daily_refresh,0,9.5,159.75,159.55,0.00915651737171335,150.75,2015-08-12,-0.0021476953576735625,ENTERED,,17.5,2015
LONG,2015-09-18,4370.25,4370.0,2015-09-25,4257.25,4257.5,{},daily_refresh,5,NQ,20,daily_refresh,0,-5.25,-113.0,-113.2,0.024085416065013243,-106.75,2015-09-17,0.0008588605782995362,ENTERED,,-4.75,2015
SHORT,2015-09-25,4257.25,4257.5,2015-10-05,4262.25,4262.0,{},daily_refresh,6,NQ,20,daily_refresh,0,9.25,-5.0,-5.2,0.012934027883139918,-14.25,2015-09-24,-0.01617375231053597,ENTERED,,10.5,2015
LONG,2015-10-05,4262.25,4262.0,2015-10-07,4280.75,4281.0,{},daily_refresh,2,NQ,20,daily_refresh,0,-0.25,18.5,18.3,0.012769817899312275,19.5,2015-10-02,0.018579365553497595,ENTERED,,0.0,2015
SHORT,2015-10-07,4280.75,4281.0,2015-10-08,4325.0,4324.75,{},daily_refresh,1,NQ,20,daily_refresh,0,0.0,-44.25,-44.45,0.012251407635683408,-43.5,2015-10-06,-0.0046498111014241506,ENTERED,,0.0,2015
LONG,2015-10-08,4325.0,4324.75,2015-10-14,4336.75,4337.0,{},daily_refresh,4,NQ,20,daily_refresh,0,-7.0,11.75,11.55,0.011965691322065297,19.75,2015-10-07,0.020230020642878266,ENTERED,,-6.75,2015
SHORT,2015-10-14,4336.75,4337.0,2015-10-16,4421.25,4421.0,{},daily_refresh,2,NQ,20,daily_refresh,0,0.25,-84.5,-84.7,0.011297884385273366,-84.5,2015-10-13,-0.0032172813972196623,ENTERED,,0.0,2015
LONG,2015-10-16,4421.25,4421.0,2015-12-01,4683.0,4683.25,{},daily_refresh,32,NQ,20,daily_refresh,0,-63.75,261.75,261.55,0.011941822117408797,326.0,2015-10-15,0.01172768878718533,ENTERED,,-44.0,2015
SHORT,2015-12-01,4683.0,4683.25,2015-12-07,4715.5,4715.25,{},daily_refresh,4,NQ,20,daily_refresh,0,0.0,-32.5,-32.7,0.008626851133522798,-31.25,2015-11-30,-0.001279522311669723,ENTERED,,0.0,2015
LONG,2015-12-07,4715.5,4715.25,2015-12-10,4628.25,4628.5,{},daily_refresh,3,NQ,20,daily_refresh,0,-0.25,-87.25,-87.45,0.010755515983486513,-86.75,2015-12-04,0.0024452477142251627,ENTERED,,0.0,2015
SHORT,2015-12-10,4628.25,4628.5,2015-12-11,4647.25,4647.0,{},daily_refresh,1,NQ,20,daily_refresh,0,0.0,-19.0,-19.2,0.010972052514616021,-18.5,2015-12-09,-0.000809585492227316,ENTERED,,0.0,2015
LONG,2015-12-11,4647.25,4647.0,2015-12-17,4656.25,4656.5,{},daily_refresh,4,NQ,20,daily_refresh,0,2.25,9.0,8.8,0.010716121424857292,7.25,2015-12-10,0.01390934380625164,ENTERED,,2.25,2015
SHORT,2015-12-17,4656.25,4656.5,2015-12-30,4687.5,4687.25,{},daily_refresh,8,NQ,20,daily_refresh,0,-10.5,-31.25,-31.45,0.01016895076023553,-20.0,2015-12-16,-5.368551028051005e-05,ENTERED,,-8.0,2015
LONG,2015-12-30,4687.5,4687.25,2015-12-31,4653.25,4653.5,{},daily_refresh,1,NQ,20,daily_refresh,0,0.0,-34.25,-34.45,0.01229404415684789,-34.0,2015-12-29,0.0008007259915663312,ENTERED,,0.0,2015
SHORT,2015-12-31,4653.25,4653.5,2016-02-18,4208.0,4207.75,{},daily_refresh,34,NQ,20,daily_refresh,0,31.5,445.25,445.05,0.012308623361198716,414.75,2015-12-30,-0.012572944297082111,ENTERED,,37.0,2015
LONG,2016-02-18,4208.0,4207.75,2016-02-22,4148.5,4148.75,{},daily_refresh,2,NQ,20,daily_refresh,0,0.5,-59.5,-59.7,0.016103618168291766,-47.0,2016-02-17,0.014283992285438973,ENTERED,,0.0,2016
SHORT,2016-02-22,4148.5,4148.75,2016-02-23,4209.25,4209.0,{},daily_refresh,1,NQ,20,daily_refresh,0,0.0,-60.75,-60.95,0.01516886779662602,-60.0,2016-02-19,-0.02013304291517004,ENTERED,,0.0,2016
LONG,2016-02-23,4209.25,4209.0,2016-02-24,4155.0,4155.25,{},daily_refresh,1,NQ,20,daily_refresh,0,0.0,-54.25,-54.45,0.014993438878936342,-53.5,2016-02-22,0.0067575648845839,ENTERED,,0.0,2016
SHORT,2016-02-24,4155.0,4155.25,2016-02-25,4222.5,4222.25,{},daily_refresh,1,NQ,20,daily_refresh,0,0.0,-67.5,-67.7,0.015239008043418387,-67.25,2016-02-23,-0.010359609430816819,ENTERED,,0.0,2016
LONG,2016-02-25,4222.5,4222.25,2016-02-29,4221.75,4222.0,{},daily_refresh,2,NQ,20,daily_refresh,0,0.0,-0.75,-0.95,0.015285740648079757,4.25,2016-02-24,0.020420492991784167,ENTERED,,0.0,2016
SHORT,2016-02-29,4221.75,4222.0,2016-03-02,4334.5,4334.25,{},daily_refresh,2,NQ,20,daily_refresh,0,-0.25,-112.75,-112.95,0.013711397826496607,-112.0,2016-02-26,-0.010129398676737011,ENTERED,,0.0,2016
LONG,2016-03-02,4334.5,4334.25,2016-04-27,4408.0,4408.25,{},daily_refresh,39,NQ,20,daily_refresh,0,-45.75,73.5,73.3,0.014541972776444213,119.75,2016-03-01,0.03560121856519949,ENTERED,,-55.0,2016
SHORT,2016-04-27,4408.0,4408.25,2016-05-25,4453.5,4453.25,{},daily_refresh,20,NQ,20,daily_refresh,0,14.5,-45.5,-45.7,0.008344581792621698,-59.5,2016-04-26,-0.01259939522902942,ENTERED,,15.25,2016
LONG,2016-05-25,4453.5,4453.25,2016-06-20,4394.0,4394.25,{},daily_refresh,18,NQ,20,daily_refresh,0,-16.0,-59.5,-59.7,0.009723084487386074,-76.0,2016-05-24,0.010208132478874976,ENTERED,,-15.75,2016
SHORT,2016-06-20,4394.0,4394.25,2016-06-21,4395.75,4395.5,{},daily_refresh,1,NQ,20,daily_refresh,0,0.0,-1.75,-1.95,0.007722234215023559,-1.0,2016-06-17,-0.0006301558203484214,ENTERED,,0.0,2016
LONG,2016-06-21,4395.75,4395.5,2016-06-22,4393.25,4393.5,{},daily_refresh,1,NQ,20,daily_refresh,0,0.0,-2.5,-2.7,0.007885649212830482,-2.0,2016-06-20,0.009821941412980761,ENTERED,,0.0,2016
SHORT,2016-06-22,4393.25,4393.5,2016-07-11,4520.75,4520.5,{},daily_refresh,13,NQ,20,daily_refresh,0,35.0,-127.5,-127.7,0.0058152138291201975,-158.5,2016-06-21,-0.013417167237410932,ENTERED,,35.25,2016
LONG,2016-07-11,4520.75,4520.5,2016-09-09,4796.0,4796.25,{},daily_refresh,44,NQ,20,daily_refresh,0,25.75,275.25,275.05,0.014590735498923991,250.25,2016-07-08,0.01141961486789067,ENTERED,,25.25,2016
SHORT,2016-09-09,4796.0,4796.25,2016-09-19,4826.0,4825.75,{},daily_refresh,6,NQ,20,daily_refresh,0,9.25,-30.0,-30.2,0.0035469698628307297,-29.0,2016-09-08,-0.001353320841141259,ENTERED,,8.75,2016
LONG,2016-09-19,4826.0,4825.75,2016-09-20,4792.0,4792.25,{},daily_refresh,1,NQ,20,daily_refresh,0,0.0,-34.0,-34.2,0.009085278068474222,-33.75,2016-09-16,0.0014556040756912303,ENTERED,,0.0,2016
SHORT,2016-09-20,4792.0,4792.25,2016-09-22,4847.25,4847.0,{},daily_refresh,2,NQ,20,daily_refresh,0,-0.25,-55.25,-55.45,0.009156620338921466,-54.25,2016-09-19,-0.0034314235208487975,ENTERED,,0.0,2016
LONG,2016-09-22,4847.25,4847.0,2016-10-14,4793.25,4793.5,{},daily_refresh,16,NQ,20,daily_refresh,0,19.5,-54.0,-54.2,0.009236081704495093,-73.25,2016-09-21,0.012799080555845332,ENTERED,,21.0,2016
SHORT,2016-10-14,4793.25,4793.5,2016-10-18,4808.0,4807.75,{},daily_refresh,2,NQ,20,daily_refresh,0,8.5,-14.75,-14.95,0.006459047881951522,-23.0,2016-10-13,-0.0024453694068680143,ENTERED,,8.5,2016
LONG,2016-10-18,4808.0,4807.75,2016-10-20,4831.0,4831.25,{},daily_refresh,2,NQ,20,daily_refresh,0,-0.25,23.0,22.8,0.006353634382275106,24.0,2016-10-17,0.0033388981636059967,ENTERED,,0.0,2016
SHORT,2016-10-20,4831.0,4831.25,2016-10-25,4905.0,4904.75,{},daily_refresh,3,NQ,20,daily_refresh,0,-2.25,-74.0,-74.2,0.006021090070490416,-71.25,2016-10-19,-0.0031464383349669722,ENTERED,,-2.25,2016
LONG,2016-10-25,4905.0,4904.75,2016-10-27,4854.75,4855.0,{},daily_refresh,2,NQ,20,daily_refresh,0,0.0,-50.25,-50.45,0.005838639970439043,-50.0,2016-10-24,0.019274729842061022,ENTERED,,0.0,2016
SHORT,2016-10-27,4854.75,4855.0,2016-11-28,4862.0,4861.75,{},daily_refresh,22,NQ,20,daily_refresh,1,-21.25,54.25,54.05,0.005689824784520869,67.75,2016-10-26,-0.0030290584248902075,ENTERED,,-21.75,2016
LONG,2016-11-28,4862.0,4861.75,2016-11-29,4856.5,4856.75,{},daily_refresh,1,NQ,20,daily_refresh,0,0.0,-5.5,-5.7,0.008367046331812936,-5.0,2016-11-25,0.0002245640210980504,ENTERED,,0.0,2016
SHORT,2016-11-29,4856.5,4856.75,2016-11-30,4874.5,4874.25,{},daily_refresh,1,NQ,20,daily_refresh,0,0.0,-18.0,-18.2,0.008388336735152518,-17.5,2016-11-28,-0.0017177708089763932,ENTERED,,0.0,2016
LONG,2016-11-30,4874.5,4874.25,2016-12-02,4731.75,4732.0,{},daily_refresh,2,NQ,20,daily_refresh,0,0.0,-142.75,-142.95,0.008106827105108235,-142.25,2016-11-29,0.011676314738253035,ENTERED,,0.0,2016
SHORT,2016-12-02,4731.75,4732.0,2016-12-05,4714.5,4714.25,{},daily_refresh,1,NQ,20,daily_refresh,0,0.0,17.25,17.05,0.00908372143698871,-2.25,2016-12-01,-0.0012026767005955952,ENTERED,,0.0,2016
LONG,2016-12-05,4714.5,4714.25,2016-12-07,4788.5,4788.75,{},daily_refresh,2,NQ,20,daily_refresh,0,0.0,74.0,73.8,0.009052993260324481,74.5,2016-12-02,0.0024880889359455427,ENTERED,,0.0,2016
SHORT,2016-12-07,4788.5,4788.75,2016-12-08,4843.5,4843.25,{},daily_refresh,1,NQ,20,daily_refresh,0,0.0,-55.0,-55.2,0.008777838674314455,-54.75,2016-12-06,-0.005554978714567449,ENTERED,,0.0,2016
LONG,2016-12-08,4843.5,4843.25,2017-03-22,5330.5,5330.75,{},daily_refresh,74,NQ,20,daily_refresh,0,-48.25,487.0,486.8,0.009158736534304233,536.0,2016-12-07,0.005553537136035569,ENTERED,,-44.5,2016
SHORT,2017-03-22,5330.5,5330.75,2017-03-23,5376.0,5375.75,{},daily_refresh,1,NQ,20,daily_refresh,0,0.0,-45.5,-45.7,0.005249562061242638,-45.25,2017-03-21,-0.002572617989616832,ENTERED,,0.0,2017
LONG,2017-03-23,5376.0,5375.75,2017-04-13,5371.5,5371.75,{},daily_refresh,15,NQ,20,daily_refresh,0,-19.75,-4.5,-4.7,0.005583542154702019,15.75,2017-03-22,0.004578155657291694,ENTERED,,-19.0,2017
SHORT,2017-04-13,5371.5,5371.75,2017-04-20,5399.5,5399.25,{},daily_refresh,4,NQ,20,daily_refresh,0,5.0,-28.0,-28.2,0.004994267059227296,-32.75,2017-04-12,-0.009222114630885292,ENTERED,,0.0,2017
LONG,2017-04-20,5399.5,5399.25,2017-06-27,5780.25,5780.5,{},daily_refresh,48,NQ,20,daily_refresh,1,-5.25,329.0,328.8,0.0038364779032381063,334.25,2017-04-19,0.012849371600074155,ENTERED,,-5.25,2017
SHORT,2017-06-27,5780.25,5780.5,2017-07-13,5791.25,5791.0,{},daily_refresh,12,NQ,20,daily_refresh,0,-13.0,-11.0,-11.2,0.008048657485295232,2.25,2017-06-26,-0.0023301976352808618,ENTERED,,-13.5,2017
LONG,2017-07-13,5791.25,5791.0,2017-08-11,5773.75,5774.0,{},daily_refresh,21,NQ,20,daily_refresh,0,-5.25,-17.5,-17.7,0.010997819967723584,-11.5,2017-07-12,0.013918676412657982,ENTERED,,-5.5,2017
SHORT,2017-08-11,5773.75,5774.0,2017-08-15,5922.0,5921.75,{},daily_refresh,2,NQ,20,daily_refresh,0,-24.75,-148.25,-148.45,0.007879052498431285,-122.75,2017-08-10,-0.0042679772374548675,ENTERED,,-24.75,2017
LONG,2017-08-15,5922.0,5921.75,2017-08-17,5908.75,5909.0,{},daily_refresh,2,NQ,20,daily_refresh,0,0.0,-13.25,-13.45,0.008673280540669044,-12.75,2017-08-14,0.011012463718627297,ENTERED,,0.0,2017
SHORT,2017-08-17,5908.75,5909.0,2017-08-31,5942.5,5942.25,{},daily_refresh,10,NQ,20,daily_refresh,0,-6.25,-33.75,-33.95,0.008531195683506522,-27.0,2017-08-16,-0.002068819928224608,ENTERED,,-5.5,2017
LONG,2017-08-31,5942.5,5942.25,2017-09-28,5938.0,5938.25,{},daily_refresh,20,NQ,20,daily_refresh,0,22.25,-4.5,-4.7,0.010144899832071142,-26.25,2017-08-30,0.005456852791878131,ENTERED,,23.25,2017
SHORT,2017-09-28,5938.0,5938.25,2017-10-03,5981.75,5981.5,{},daily_refresh,3,NQ,20,daily_refresh,0,-13.0,-43.75,-43.95,0.006240926944239925,-30.25,2017-09-27,-0.0006731456939711444,ENTERED,,-13.25,2017
LONG,2017-10-03,5981.75,5981.5,2017-12-05,6267.0,6267.25,{},daily_refresh,45,NQ,20,daily_refresh,0,72.0,285.25,285.05,0.006067433380091165,214.25,2017-10-02,0.00016721009949072219,ENTERED,,73.0,2017
SHORT,2017-12-05,6267.0,6267.25,2017-12-08,6328.75,6328.5,{},daily_refresh,3,NQ,20,daily_refresh,0,-0.5,-61.75,-61.95,0.007175359240022839,-60.75,2017-12-04,-0.006971125282211776,ENTERED,,0.0,2017
LONG,2017-12-08,6328.75,6328.5,2018-02-06,6449.5,6449.75,{},daily_refresh,42,NQ,20,daily_refresh,0,49.25,120.75,120.55,0.007102740791489591,73.0,2017-12-07,0.002971591584452815,ENTERED,,49.25,2017
SHORT,2018-02-06,6449.5,6449.75,2018-02-16,6823.5,6823.25,{},daily_refresh,8,NQ,20,daily_refresh,0,-16.25,-374.0,-374.2,0.013625012210410238,-357.5,2018-02-05,-0.03601449546082813,ENTERED,,-14.25,2018
LONG,2018-02-16,6823.5,6823.25,2018-02-19,6802.0,6802.25,{},daily_refresh,1,NQ,20,daily_refresh,0,0.0,-21.5,-21.7,0.01896099133945152,-41.75,2018-02-15,0.0003298515667948809,ENTERED,,0.0,2018
SHORT,2018-02-19,6802.0,6802.25,2018-03-05,6793.5,6793.25,{},daily_refresh,10,NQ,20,daily_refresh,0,-13.0,8.5,8.3,0.018986876517269057,6.75,2018-02-16,-0.009999999999999565,ENTERED,,-12.25,2018
LONG,2018-03-05,6793.5,6793.25,2018-03-23,6635.25,6635.5,{},daily_refresh,14,NQ,20,daily_refresh,0,41.75,-158.25,-158.45,0.018814784220707613,-199.25,2018-03-02,0.008181246066708558,ENTERED,,42.0,2018
SHORT,2018-03-23,6635.25,6635.5,2018-04-23,6695.5,6695.25,{},daily_refresh,20,NQ,20,daily_refresh,0,-79.75,-60.25,-60.45,0.014068877211955374,39.5,2018-03-22,-0.022861139743779013,ENTERED,,-89.75,2018
LONG,2018-04-23,6695.5,6695.25,2018-04-25,6531.75,6532.0,{},daily_refresh,2,NQ,20,daily_refresh,0,-0.75,-163.75,-163.95,0.017162543787458167,-162.0,2018-04-20,0.006027954639641564,ENTERED,,0.0,2018
SHORT,2018-04-25,6531.75,6532.0,2018-04-26,6598.25,6598.0,{},daily_refresh,1,NQ,20,daily_refresh,0,0.0,-66.5,-66.7,0.015341654585886415,-65.75,2018-04-24,-0.037391784859090005,ENTERED,,0.0,2018
LONG,2018-04-26,6598.25,6598.0,2018-07-02,7071.0,7071.25,{},daily_refresh,47,NQ,20,daily_refresh,1,98.25,415.5,415.3,0.013416264606259056,314.25,2018-04-25,0.007290076335878082,ENTERED,,94.25,2018
SHORT,2018-07-02,7071.0,7071.25,2018-07-09,7239.0,7238.75,{},daily_refresh,5,NQ,20,daily_refresh,0,0.0,-168.0,-168.2,0.008655912805635132,-159.75,2018-06-29,-0.002540309776664751,ENTERED,,0.0,2018
LONG,2018-07-09,7239.0,7238.75,2018-07-11,7243.5,7243.75,{},daily_refresh,2,NQ,20,daily_refresh,0,0.25,4.5,4.3,0.00986103048655235,5.0,2018-07-06,0.01115189652158688,ENTERED,,0.0,2018
SHORT,2018-07-11,7243.5,7243.75,2018-07-12,7259.0,7258.75,{},daily_refresh,1,NQ,20,daily_refresh,0,0.0,-15.5,-15.7,0.01021184621663883,-15.25,2018-07-10,-0.00044844596226201183,ENTERED,,0.0,2018
LONG,2018-07-12,7259.0,7258.75,2018-08-16,7371.25,7371.5,{},daily_refresh,25,NQ,20,daily_refresh,0,-21.25,112.25,112.05,0.010212840486590994,134.0,2018-07-11,0.003351878088392546,ENTERED,,-21.75,2018
SHORT,2018-08-16,7371.25,7371.5,2018-08-20,7395.25,7395.0,{},daily_refresh,2,NQ,20,daily_refresh,0,-0.25,-24.0,-24.2,0.007631672386204935,-18.75,2018-08-15,-0.004792763601998318,ENTERED,,0.0,2018
LONG,2018-08-20,7395.25,7395.0,2018-08-21,7378.25,7378.5,{},daily_refresh,1,NQ,20,daily_refresh,0,0.0,-17.0,-17.2,0.007595016868577962,-16.75,2018-08-17,0.0033260928590823635,ENTERED,,0.0,2018
SHORT,2018-08-21,7378.25,7378.5,2018-08-23,7437.0,7436.75,{},daily_refresh,2,NQ,20,daily_refresh,0,0.25,-58.75,-58.95,0.007266187086832479,-58.25,2018-08-20,-0.007933039766042427,ENTERED,,0.0,2018
LONG,2018-08-23,7437.0,7436.75,2018-08-24,7427.25,7427.5,{},daily_refresh,1,NQ,20,daily_refresh,0,0.0,-9.75,-9.95,0.007637663859678801,-9.0,2018-08-22,0.003102448236325994,ENTERED,,0.0,2018
SHORT,2018-08-24,7427.25,7427.5,2018-08-27,7524.5,7524.25,{},daily_refresh,1,NQ,20,daily_refresh,0,0.0,-97.25,-97.45,0.00761899250061864,-69.0,2018-08-23,-0.0008071296451993559,ENTERED,,0.0,2018
LONG,2018-08-27,7524.5,7524.25,2018-09-07,7450.25,7450.5,{},daily_refresh,9,NQ,20,daily_refresh,0,-0.75,-74.25,-74.45,0.006598040783600694,-72.5,2018-08-24,0.026952977841706804,ENTERED,,-0.75,2018
SHORT,2018-09-07,7450.25,7450.5,2018-09-10,7442.25,7442.0,{},daily_refresh,1,NQ,20,daily_refresh,0,0.0,8.0,7.8,0.0072613657715619164,16.5,2018-09-06,-0.0020091079560677905,ENTERED,,0.0,2018
LONG,2018-09-10,7442.25,7442.0,2018-09-27,7603.5,7603.75,{},daily_refresh,13,NQ,20,daily_refresh,0,-12.5,161.25,161.05,0.0072062814042195755,174.5,2018-09-07,0.00023546032493504399,ENTERED,,-12.0,2018
SHORT,2018-09-27,7603.5,7603.75,2018-09-28,7661.75,7661.5,{},daily_refresh,1,NQ,20,daily_refresh,0,0.0,-58.25,-58.45,0.008113395052264497,-58.0,2018-09-26,-0.00850800273820762,ENTERED,,0.0,2018
LONG,2018-09-28,7661.75,7661.5,2018-10-01,7687.0,7687.25,{},daily_refresh,1,NQ,20,daily_refresh,0,0.0,25.25,25.05,0.008261798416191218,6.75,2018-09-27,0.002781231594790823,ENTERED,,0.0,2018
SHORT,2018-10-01,7687.0,7687.25,2018-10-02,7676.25,7676.0,{},daily_refresh,1,NQ,20,daily_refresh,0,0.0,10.75,10.55,0.00820452760343953,11.25,2018-09-28,-0.0007492832942405103,ENTERED,,0.0,2018
LONG,2018-10-02,7676.25,7676.0,2018-10-09,7384.75,7385.0,{},daily_refresh,5,NQ,20,daily_refresh,0,-14.75,-291.5,-291.7,0.008207661818198377,-276.0,2018-10-01,0.00029320736276239323,ENTERED,,-15.25,2018
SHORT,2018-10-09,7384.75,7385.0,2018-11-08,7211.75,7211.5,{},daily_refresh,22,NQ,20,daily_refresh,0,7.75,173.0,172.8,0.00851382645176847,165.5,2018-10-08,-0.01065005525972107,ENTERED,,6.5,2018
LONG,2018-11-08,7211.75,7211.5,2018-11-12,7032.75,7033.0,{},daily_refresh,2,NQ,20,daily_refresh,0,-0.75,-179.0,-179.2,0.01794812862596727,-181.75,2018-11-07,0.02793714143177839,ENTERED,,0.0,2018
SHORT,2018-11-12,7032.75,7033.0,2019-01-14,6579.0,6578.75,{},daily_refresh,45,NQ,20,daily_refresh,2,-95.5,512.0,511.8,0.018076128099130163,571.25,2018-11-09,-0.021677859354883977,ENTERED,,-93.5,2018
LONG,2019-01-14,6579.0,6578.75,2019-05-14,7306.5,7306.75,{},daily_refresh,85,NQ,20,daily_refresh,2,55.5,986.75,986.55,0.0221543632064102,932.0,2019-01-11,0.004822479589899231,ENTERED,,52.75,2019
SHORT,2019-05-14,7306.5,7306.75,2019-05-15,7433.0,7432.75,{},daily_refresh,1,NQ,20,daily_refresh,0,0.0,-126.5,-126.7,0.009811831699556043,-126.0,2019-05-13,-0.012676557211741768,ENTERED,,0.0,2019
LONG,2019-05-15,7433.0,7432.75,2019-05-21,7415.75,7416.0,{},daily_refresh,4,NQ,20,daily_refresh,0,29.75,-17.25,-17.45,0.010588911713945381,-47.0,2019-05-14,0.004807105464963213,ENTERED,,29.25,2019
SHORT,2019-05-21,7415.75,7416.0,2019-06-11,7508.75,7508.5,{},daily_refresh,15,NQ,20,daily_refresh,0,30.0,-93.0,-93.2,0.011902797230543822,-122.5,2019-05-20,-0.00911716355925396,ENTERED,,31.75,2019
LONG,2019-06-11,7508.75,7508.5,2019-06-13,7490.0,7490.25,{},daily_refresh,2,NQ,20,daily_refresh,0,0.5,-18.75,-18.95,0.012862417763931131,-19.0,2019-06-10,0.027576296701792735,ENTERED,,0.0,2019
SHORT,2019-06-13,7490.0,7490.25,2019-06-18,7537.25,7537.0,{},daily_refresh,3,NQ,20,daily_refresh,0,-14.25,-47.25,-47.45,0.012067913042627732,-32.25,2019-06-12,-0.003724394785847074,ENTERED,,-14.25,2019
LONG,2019-06-18,7537.25,7537.0,2019-07-22,7850.75,7851.0,{},daily_refresh,24,NQ,20,daily_refresh,1,33.5,234.25,234.05,0.011096246617341769,170.25,2019-06-17,0.016350886656328223,ENTERED,,4.75,2019
SHORT,2019-07-22,7850.75,7851.0,2019-07-23,7929.0,7928.75,{},daily_refresh,1,NQ,20,daily_refresh,0,0.0,-78.25,-78.45,0.008019058424169025,-78.0,2019-07-19,-0.0007974631318710124,ENTERED,,0.0,2019
LONG,2019-07-23,7929.0,7928.75,2019-08-01,7837.75,7838.0,{},daily_refresh,7,NQ,20,daily_refresh,0,3.5,-91.25,-91.45,0.008602263335268886,-94.5,2019-07-22,0.011432731644499317,ENTERED,,2.75,2019
SHORT,2019-08-01,7837.75,7838.0,2019-09-02,7630.5,7630.25,{},daily_refresh,22,NQ,20,daily_refresh,1,10.75,128.5,128.3,0.008597496511344473,73.0,2019-07-31,-0.006622306717364301,ENTERED,,12.25,2019
LONG,2019-09-02,7630.5,7630.25,2019-10-03,7559.5,7559.75,{},daily_refresh,23,NQ,20,daily_refresh,0,4.0,-71.0,-71.2,0.022163095087630223,-74.75,2019-08-30,0.006364537005665527,ENTERED,,2.25,2019
SHORT,2019-10-03,7559.5,7559.75,2019-10-16,7952.0,7951.75,{},daily_refresh,9,NQ,20,daily_refresh,0,-1.75,-392.5,-392.7,0.010180077841667875,-390.25,2019-10-02,-0.02123389654949237,ENTERED,,-2.25,2019
LONG,2019-10-16,7952.0,7951.75,2020-02-26,8921.25,8921.5,{},daily_refresh,95,NQ,20,daily_refresh,2,118.0,1236.0,1235.8,0.011325692557498478,1118.25,2019-10-15,0.004960505529225889,ENTERED,,110.0,2019
SHORT,2020-02-26,8921.25,8921.5,2020-03-03,8859.0,8858.75,{},daily_refresh,4,NQ,20,daily_refresh,1,1.0,-130.25,-130.45,0.013148559373355564,-131.75,2020-02-25,-0.004319429149121534,ENTERED,,0.0,2020
LONG,2020-03-03,8859.0,8858.75,2020-03-04,8561.5,8561.75,{},daily_refresh,1,NQ,20,daily_refresh,0,0.0,-297.5,-297.7,0.02154818152084659,-296.0,2020-03-02,0.012710692750230512,ENTERED,,0.0,2020
SHORT,2020-03-04,8561.5,8561.75,2020-03-27,7879.0,7878.75,{},daily_refresh,17,NQ,20,daily_refresh,3,19.25,-206.75,-206.95,0.02190314058560843,-224.75,2020-03-03,-0.047309816941427996,ENTERED,,0.0,2020
LONG,2020-03-27,7879.0,7878.75,2020-04-02,7506.25,7506.5,{},daily_refresh,4,NQ,20,daily_refresh,1,-1.5,-278.75,-278.95,0.04857098719751805,-276.25,2020-03-26,0.07556028237893697,ENTERED,,0.0,2020
SHORT,2020-04-02,7506.25,7506.5,2020-04-06,7655.25,7655.0,{},daily_refresh,2,NQ,20,daily_refresh,0,0.5,-149.0,-149.2,0.04845154788406507,-16.0,2020-04-01,-0.03909316835490784,ENTERED,,0.0,2020
LONG,2020-04-06,7655.25,7655.0,2020-09-15,11298.5,11298.75,{},daily_refresh,115,NQ,20,daily_refresh,6,205.0,4058.5,4058.3,0.04804121252851702,3853.5,2020-04-03,0.005975267567923881,ENTERED,,230.0,2020
SHORT,2020-09-15,11298.5,11298.75,2020-09-16,11421.5,11421.25,{},daily_refresh,1,NQ,20,daily_refresh,0,0.0,-123.0,-123.2,0.0231126726288315,-137.5,2020-09-14,-0.0004540754671529257,ENTERED,,0.0,2020
LONG,2020-09-16,11421.5,11421.25,2020-09-17,11268.5,11268.75,{},daily_refresh,1,NQ,20,daily_refresh,0,0.0,-153.0,-153.2,0.02317012566734427,-153.25,2020-09-15,0.001873290709854425,ENTERED,,0.0,2020
SHORT,2020-09-17,11268.5,11268.75,2020-10-07,11256.5,11256.25,{},daily_refresh,14,NQ,20,daily_refresh,0,-94.75,12.0,11.8,0.023277870565006433,107.25,2020-09-16,-0.0017837110348863927,ENTERED,,-97.5,2020
LONG,2020-10-07,11256.5,11256.25,2020-10-08,11500.25,11500.5,{},daily_refresh,1,NQ,20,daily_refresh,0,0.0,243.75,243.55,0.01903971646257405,244.5,2020-10-06,0.008991239374228188,ENTERED,,0.0,2020
SHORT,2020-10-08,11500.25,11500.5,2020-10-09,11579.25,11579.0,{},daily_refresh,1,NQ,20,daily_refresh,0,0.0,-79.0,-79.2,0.017829218674063622,-78.75,2020-10-07,-0.005328800017450619,ENTERED,,0.0,2020
LONG,2020-10-09,11579.25,11579.0,2020-10-29,11188.75,11189.0,{},daily_refresh,14,NQ,20,daily_refresh,0,51.25,-390.5,-390.7,0.017183818966891768,-440.75,2020-10-08,0.023004462801308634,ENTERED,,51.25,2020
SHORT,2020-10-29,11188.75,11189.0,2020-11-04,11317.75,11317.5,{},daily_refresh,4,NQ,20,daily_refresh,1,-1.25,-219.5,-219.7,0.015675111690277736,-217.25,2020-10-28,-0.022174644441046554,ENTERED,,0.0,2020
LONG,2020-11-04,11317.75,11317.5,2020-11-10,11855.25,11855.5,{},daily_refresh,4,NQ,20,daily_refresh,1,-0.25,398.5,398.3,0.014326390730834377,398.5,2020-11-03,0.013669805107187516,ENTERED,,0.0,2020
SHORT,2020-11-10,11855.25,11855.5,2020-11-16,12047.25,12047.0,{},daily_refresh,4,NQ,20,daily_refresh,0,0.0,-192.0,-192.2,0.016910392618987972,-89.75,2020-11-09,-0.024156356744338803,ENTERED,,0.0,2020
LONG,2020-11-16,12047.25,12047.0,2021-02-01,12793.25,12793.5,{},daily_refresh,53,NQ,20,daily_refresh,0,171.5,746.0,745.8,0.018316512069334035,652.0,2020-11-13,0.00944860022455285,ENTERED,,146.0,2020
SHORT,2021-02-01,12793.25,12793.5,2021-02-02,13261.75,13261.5,{},daily_refresh,1,NQ,20,daily_refresh,0,0.0,-468.5,-468.7,0.015863932906365733,-468.5,2021-01-29,-0.000970270899635528,ENTERED,,0.0,2021
LONG,2021-02-02,13261.75,13261.5,2021-02-23,13228.0,13228.25,{},daily_refresh,15,NQ,20,daily_refresh,0,59.0,-33.75,-33.95,0.016752906026036674,-92.0,2021-02-01,0.0462703640882014,ENTERED,,58.5,2021
SHORT,2021-02-23,13228.0,13228.25,2021-02-25,13328.25,13328.0,{},daily_refresh,2,NQ,20,daily_refresh,0,0.0,-100.25,-100.45,0.015613690433703545,-99.75,2021-02-22,-0.01741810889103479,ENTERED,,0.0,2021
LONG,2021-02-25,13328.25,13328.0,2021-02-26,12777.5,12777.75,{},daily_refresh,1,NQ,20,daily_refresh,0,0.0,-550.75,-550.95,0.012331796086626363,-549.0,2021-02-24,0.02692915205917501,ENTERED,,0.0,2021
SHORT,2021-02-26,12777.5,12777.75,2021-03-01,13005.25,13005.0,{},daily_refresh,1,NQ,20,daily_refresh,0,0.0,-227.75,-227.95,0.015300001808165457,-128.0,2021-02-25,-0.02712167640509311,ENTERED,,0.0,2021
LONG,2021-03-01,13005.25,13005.0,2021-03-03,13094.5,13094.75,{},daily_refresh,2,NQ,20,daily_refresh,0,0.0,89.25,89.05,0.014815548589263884,89.25,2021-02-26,0.002738821335612318,ENTERED,,0.0,2021
SHORT,2021-03-03,13094.5,13094.75,2021-03-26,12800.75,12800.5,{},daily_refresh,17,NQ,20,daily_refresh,0,-63.5,293.75,293.55,0.014908850073428265,357.0,2021-03-02,-0.029228602142566062,ENTERED,,-79.5,2021
LONG,2021-03-26,12800.75,12800.5,2021-03-30,12978.25,12978.5,{},daily_refresh,2,NQ,20,daily_refresh,0,-38.25,177.5,177.3,0.020387081022767952,216.25,2021-03-25,0.0017411378042100356,ENTERED,,-38.25,2021
SHORT,2021-03-30,12978.25,12978.5,2021-04-01,13121.75,13121.5,{},daily_refresh,2,NQ,20,daily_refresh,0,0.0,-143.5,-143.7,0.019065689883738822,-143.0,2021-03-29,-0.025528400345384727,ENTERED,,0.0,2021
LONG,2021-04-01,13121.75,13121.5,2021-05-05,13525.0,13525.25,{},daily_refresh,24,NQ,20,daily_refresh,0,-32.25,403.25,403.05,0.01692483059290773,436.0,2021-03-31,0.04188502461489496,ENTERED,,-35.75,2021
SHORT,2021-05-05,13525.0,13525.25,2021-06-02,13635.0,13634.75,{},daily_refresh,20,NQ,20,daily_refresh,0,-2.5,-110.0,-110.2,0.009169869517059885,-107.0,2021-05-04,-0.0051122676033033,ENTERED,,1.75,2021
LONG,2021-06-02,13635.0,13634.75,2021-06-04,13503.75,13504.0,{},daily_refresh,2,NQ,20,daily_refresh,0,0.5,-131.25,-131.45,0.013047579380392537,-131.75,2021-06-01,0.00809596865122697,ENTERED,,0.0,2021
SHORT,2021-06-04,13503.75,13504.0,2021-06-07,13767.0,13766.75,{},daily_refresh,1,NQ,20,daily_refresh,0,0.0,-263.25,-263.45,0.013293828114005845,-259.25,2021-06-03,-0.007989127440356847,ENTERED,,0.0,2021
LONG,2021-06-07,13767.0,13766.75,2021-08-20,14917.0,14917.25,{},daily_refresh,54,NQ,20,daily_refresh,0,52.0,1150.0,1149.8,0.013899773225077268,1098.0,2021-06-04,0.0034814625788341935,ENTERED,,61.75,2021
SHORT,2021-08-20,14917.0,14917.25,2021-08-23,15107.5,15107.25,{},daily_refresh,1,NQ,20,daily_refresh,0,0.0,-190.5,-190.7,0.006139189511068652,-177.75,2021-08-19,-0.003656948201582799,ENTERED,,0.0,2021
LONG,2021-08-23,15107.5,15107.25,2021-09-21,15028.75,15029.0,{},daily_refresh,21,NQ,20,daily_refresh,0,96.5,-78.75,-78.95,0.006470361636872423,-175.0,2021-08-20,0.0002484883624618295,ENTERED,,107.0,2021
SHORT,2021-09-21,15028.75,15029.0,2021-09-24,15305.25,15305.0,{},daily_refresh,3,NQ,20,daily_refresh,0,-0.25,-276.5,-276.7,0.006550923767657872,-275.0,2021-09-20,-0.0196510110893674,ENTERED,,0.0,2021
LONG,2021-09-24,15305.25,15305.0,2021-09-27,15317.75,15318.0,{},daily_refresh,1,NQ,20,daily_refresh,0,0.0,12.5,12.3,0.007552333229249522,14.0,2021-09-23,0.001701765581791248,ENTERED,,0.0,2021
SHORT,2021-09-27,15317.75,15318.0,2021-10-19,15292.75,15292.5,{},daily_refresh,16,NQ,20,daily_refresh,0,117.0,25.0,24.8,0.007204973247619121,-91.0,2021-09-24,-0.00708116604281106,ENTERED,,113.5,2021
LONG,2021-10-19,15292.75,15292.5,2021-12-02,15948.75,15949.0,{},daily_refresh,32,NQ,20,daily_refresh,0,119.0,656.0,655.8,0.0114153154734341,536.75,2021-10-18,0.017516426848540823,ENTERED,,121.5,2021
SHORT,2021-12-02,15948.75,15949.0,2021-12-08,16343.5,16343.25,{},daily_refresh,4,NQ,20,daily_refresh,0,-51.25,-394.75,-394.95,0.010757276498754366,-342.75,2021-12-01,-0.014688619794884894,ENTERED,,-51.5,2021
LONG,2021-12-08,16343.5,16343.25,2021-12-14,16090.5,16090.75,{},daily_refresh,4,NQ,20,daily_refresh,0,40.0,-253.0,-253.2,0.013360827927041305,-292.25,2021-12-07,0.009699740516495137,ENTERED,,39.0,2021
SHORT,2021-12-14,16090.5,16090.75,2021-12-28,16555.0,16554.75,{},daily_refresh,9,NQ,20,daily_refresh,0,82.25,-464.5,-464.7,0.013759360446376444,-546.25,2021-12-13,-0.00609953828811427,ENTERED,,120.75,2021
LONG,2021-12-28,16555.0,16554.75,2022-01-06,15784.0,15784.25,{},daily_refresh,7,NQ,20,daily_refresh,0,52.25,-771.0,-771.2,0.016513170258109472,-822.25,2021-12-27,0.03186648798578817,ENTERED,,52.75,2021
SHORT,2022-01-06,15784.0,15784.25,2022-03-17,13977.5,13977.25,{},daily_refresh,50,NQ,20,daily_refresh,4,-51.75,1254.25,1254.05,0.01443218952175449,1305.5,2022-01-05,-0.03415835525913269,ENTERED,,-48.0,2022
LONG,2022-03-17,13977.5,13977.25,2022-04-18,13736.5,13736.75,{},daily_refresh,21,NQ,20,daily_refresh,0,-108.75,-241.0,-241.2,0.023537244333105837,23.75,2022-03-16,0.008178304622145527,ENTERED,,-110.75,2022
SHORT,2022-04-18,13736.5,13736.75,2022-06-07,12603.75,12603.5,{},daily_refresh,36,NQ,20,daily_refresh,2,68.0,1370.5,1370.3,0.01758914708769118,1303.5,2022-04-14,-0.009376949817273772,ENTERED,,64.0,2022
LONG,2022-06-07,12603.75,12603.5,2022-06-13,11666.5,11666.75,{},daily_refresh,4,NQ,20,daily_refresh,0,0.75,-937.25,-937.45,0.023737008990820395,-745.5,2022-06-06,0.010031955385061186,ENTERED,,0.0,2022
SHORT,2022-06-13,11666.5,11666.75,2022-07-11,12117.5,12117.25,{},daily_refresh,20,NQ,20,daily_refresh,1,55.5,-330.75,-330.95,0.02399829623702719,-428.75,2022-06-10,-0.05949130163721761,ENTERED,,80.0,2022
LONG,2022-07-11,12117.5,12117.25,2022-07-14,11674.75,11675.0,{},daily_refresh,3,NQ,20,daily_refresh,0,1.25,-442.75,-442.95,0.019744448093692822,-442.75,2022-07-08,0.03133220235111178,ENTERED,,0.0,2022
SHORT,2022-07-14,11674.75,11675.0,2022-07-15,11862.25,11862.0,{},daily_refresh,1,NQ,20,daily_refresh,0,0.0,-187.5,-187.7,0.01844125726085547,-187.25,2022-07-13,-0.014762657758612963,ENTERED,,0.0,2022
LONG,2022-07-15,11862.25,11862.0,2022-08-29,12419.25,12419.5,{},daily_refresh,31,NQ,20,daily_refresh,0,-186.25,557.0,556.8,0.01545333719885508,883.25,2022-07-14,0.04859343791607684,ENTERED,,-183.0,2022
SHORT,2022-08-29,12419.25,12419.5,2022-10-24,11452.0,11451.75,{},daily_refresh,40,NQ,20,daily_refresh,1,-29.25,853.0,852.8,0.01698237694764816,956.5,2022-08-26,-0.03221083455344087,ENTERED,,52.75,2022
LONG,2022-10-24,11452.0,11451.75,2022-10-28,11136.0,11136.25,{},daily_refresh,4,NQ,20,daily_refresh,0,0.5,-316.0,-316.2,0.022532851582918408,-317.25,2022-10-21,0.009552225802732961,ENTERED,,0.0,2022
SHORT,2022-10-28,11136.0,11136.25,2022-10-31,11557.75,11557.5,{},daily_refresh,1,NQ,20,daily_refresh,0,0.0,-421.75,-421.95,0.02284571616656518,-489.25,2022-10-27,-0.0012211321389542507,ENTERED,,0.0,2022
LONG,2022-10-31,11557.75,11557.5,2022-11-02,11332.75,11333.0,{},daily_refresh,2,NQ,20,daily_refresh,0,0.5,-225.0,-225.2,0.024389685419932385,-225.75,2022-10-28,0.062271564327485596,ENTERED,,0.0,2022
SHORT,2022-11-02,11332.75,11333.0,2022-11-08,11025.25,11025.0,{},daily_refresh,4,NQ,20,daily_refresh,0,75.0,307.5,307.3,0.02281703240166232,233.25,2022-11-01,-0.02482628057569458,ENTERED,,74.75,2022
LONG,2022-11-08,11025.25,11025.0,2022-11-10,10843.75,10844.0,{},daily_refresh,2,NQ,20,daily_refresh,0,0.5,-181.5,-181.7,0.02340590136437895,-180.5,2022-11-07,0.0009533104841457085,ENTERED,,0.0,2022
SHORT,2022-11-10,10843.75,10844.0,2022-11-11,11675.5,11675.25,{},daily_refresh,1,NQ,20,daily_refresh,0,0.0,-831.75,-831.95,0.023999465768440514,-831.5,2022-11-09,-0.002208114821970031,ENTERED,,0.0,2022
LONG,2022-11-11,11675.5,11675.25,2022-12-09,11637.0,11637.25,{},daily_refresh,20,NQ,20,daily_refresh,0,-62.0,-38.5,-38.7,0.02928417928318225,24.25,2022-11-10,0.05522165484206232,ENTERED,,-64.5,2022
SHORT,2022-12-09,11637.0,11637.25,2023-01-13,11524.25,11524.0,{},daily_refresh,25,NQ,20,daily_refresh,1,-171.5,233.25,233.05,0.015495615144528428,404.5,2022-12-08,-0.0032546786004881145,ENTERED,,-168.75,2022
LONG,2023-01-13,11524.25,11524.0,2023-02-27,12017.25,12017.5,{},daily_refresh,31,NQ,20,daily_refresh,0,-134.75,493.0,492.8,0.013691224963570081,610.5,2023-01-12,0.005781734083868173,ENTERED,,-135.5,2023
SHORT,2023-02-27,12017.25,12017.5,2023-02-28,12093.75,12093.5,{},daily_refresh,1,NQ,20,daily_refresh,0,0.0,-76.5,-76.7,0.014944095399552146,-76.25,2023-02-24,-0.01810408313558587,ENTERED,,0.0,2023
LONG,2023-02-28,12093.75,12093.5,2023-03-01,12022.0,12022.25,{},daily_refresh,1,NQ,20,daily_refresh,0,0.0,-71.75,-71.95,0.014497479724151673,-71.0,2023-02-27,0.0076025827952515,ENTERED,,0.0,2023
SHORT,2023-03-01,12022.0,12022.25,2023-03-17,12723.25,12723.0,{},daily_refresh,12,NQ,20,daily_refresh,2,31.25,-474.5,-474.7,0.014438744205125309,-505.5,2023-02-28,-0.006671761716893432,ENTERED,,32.5,2023
LONG,2023-03-17,12723.25,12723.0,2023-05-03,13181.75,13182.0,{},daily_refresh,33,NQ,20,daily_refresh,0,-56.25,458.5,458.3,0.012918241024784786,515.0,2023-03-16,0.004763883159298654,ENTERED,,-52.25,2023
SHORT,2023-05-03,13181.75,13182.0,2023-05-04,13098.5,13098.25,{},daily_refresh,1,NQ,20,daily_refresh,0,0.0,83.25,83.05,0.008759530138433912,83.75,2023-05-02,-0.004474737557586095,ENTERED,,0.0,2023
LONG,2023-05-04,13098.5,13098.25,2023-05-05,13093.5,13093.75,{},daily_refresh,1,NQ,20,daily_refresh,0,0.0,-5.0,-5.2,0.008288844631376639,-4.5,2023-05-03,0.0031400179976639464,ENTERED,,0.0,2023
SHORT,2023-05-05,13093.5,13093.75,2023-05-08,13304.5,13304.25,{},daily_refresh,1,NQ,20,daily_refresh,0,0.0,-211.0,-211.2,0.008090384937562046,-216.75,2023-05-04,-0.005015292843709163,ENTERED,,0.0,2023
LONG,2023-05-08,13304.5,13304.25,2023-08-10,15218.5,15218.75,{},daily_refresh,68,NQ,20,daily_refresh,1,147.5,1729.5,1729.3,0.008914439689349756,1582.5,2023-05-05,0.009575819633274696,ENTERED,,150.25,2023
SHORT,2023-08-10,15218.5,15218.75,2023-08-31,15503.25,15503.0,{},daily_refresh,15,NQ,20,daily_refresh,0,-107.0,-284.75,-284.95,0.009297942290496219,-177.0,2023-08-09,-0.01633648967456347,ENTERED,,-107.25,2023
LONG,2023-08-31,15503.25,15503.0,2023-09-21,15113.5,15113.75,{},daily_refresh,15,NQ,20,daily_refresh,1,46.5,-584.0,-584.2,0.013424938284075517,-629.75,2023-08-30,0.0007100553520420494,ENTERED,,46.0,2023
SHORT,2023-09-21,15113.5,15113.75,2023-10-25,14815.25,14815.0,{},daily_refresh,24,NQ,20,daily_refresh,0,-89.75,298.25,298.05,0.011846819592373234,388.5,2023-09-20,-0.026742878842068385,ENTERED,,-91.5,2023
LONG,2023-10-25,14815.25,14815.0,2023-10-26,14349.75,14350.0,{},daily_refresh,1,NQ,20,daily_refresh,0,0.0,-465.5,-465.7,0.010473153915317217,-464.75,2023-10-24,0.00515638781464145,ENTERED,,0.0,2023
SHORT,2023-10-26,14349.75,14350.0,2023-11-03,14944.25,14944.0,{},daily_refresh,6,NQ,20,daily_refresh,0,-60.75,-594.5,-594.7,0.01262008029699853,-532.5,2023-10-25,-0.028731450616761856,ENTERED,,-62.0,2023
LONG,2023-11-03,14944.25,14944.0,2023-11-09,15357.5,15357.75,{},daily_refresh,4,NQ,20,daily_refresh,0,-10.5,413.25,413.05,0.012971551818642766,424.5,2023-11-02,0.006143953676272851,ENTERED,,-10.5,2023
SHORT,2023-11-09,15357.5,15357.75,2023-11-13,15561.0,15560.75,{},daily_refresh,2,NQ,20,daily_refresh,0,0.25,-203.5,-203.7,0.01273983014148833,-225.5,2023-11-08,-0.0036976970483295624,ENTERED,,0.0,2023
LONG,2023-11-13,15561.0,15560.75,2024-01-17,16979.0,16979.25,{},daily_refresh,47,NQ,20,daily_refresh,1,-30.0,1204.75,1204.55,0.013346858913868342,1235.5,2023-11-10,0.03147443322852861,ENTERED,,-29.25,2023
SHORT,2024-01-17,16979.0,16979.25,2024-01-18,16854.5,16854.25,{},daily_refresh,1,NQ,20,daily_refresh,0,0.0,124.5,124.3,0.00796069918715116,125.5,2024-01-16,-0.002818969314344555,ENTERED,,0.0,2024
LONG,2024-01-18,16854.5,16854.25,2024-02-21,17568.5,17568.75,{},daily_refresh,24,NQ,20,daily_refresh,0,65.25,714.0,713.8,0.00760251894370386,648.75,2024-01-17,0.002498252710158022,ENTERED,,69.5,2024
SHORT,2024-02-21,17568.5,17568.75,2024-02-22,17703.75,17703.5,{},daily_refresh,1,NQ,20,daily_refresh,0,0.0,-135.25,-135.45,0.009457868527351204,-134.75,2024-02-20,-0.00045515966147435805,ENTERED,,0.0,2024
LONG,2024-02-22,17703.75,17703.5,2024-04-02,18470.25,18470.5,{},daily_refresh,27,NQ,20,daily_refresh,1,213.25,520.0,519.8,0.00960226037690714,307.0,2024-02-21,0.0049242908027873344,ENTERED,,71.25,2024
SHORT,2024-04-02,18470.25,18470.5,2024-04-04,18445.75,18445.5,{},daily_refresh,2,NQ,20,daily_refresh,0,0.75,24.5,24.3,0.007990586659652889,23.25,2024-04-01,-0.005302109405830424,ENTERED,,0.0,2024
LONG,2024-04-04,18445.75,18445.5,2024-04-05,18091.5,18091.75,{},daily_refresh,1,NQ,20,daily_refresh,0,0.0,-354.25,-354.45,0.0075105862963509695,-354.0,2024-04-03,0.01324575501604719,ENTERED,,0.0,2024
SHORT,2024-04-05,18091.5,18091.75,2024-04-09,18301.75,18301.5,{},daily_refresh,2,NQ,20,daily_refresh,0,-8.5,-210.25,-210.45,0.008700088754790093,-202.0,2024-04-04,-0.00932873541043,ENTERED,,-8.5,2024
LONG,2024-04-09,18301.75,18301.5,2024-04-11,18159.0,18159.25,{},daily_refresh,2,NQ,20,daily_refresh,0,0.5,-142.75,-142.95,0.00816941940648909,-143.25,2024-04-08,0.00011636821961835686,ENTERED,,0.0,2024
SHORT,2024-04-11,18159.0,18159.25,2024-04-12,18491.25,18491.0,{},daily_refresh,1,NQ,20,daily_refresh,0,0.0,-332.25,-332.45,0.008253278582717129,-330.75,2024-04-10,-0.01730389371431651,ENTERED,,0.0,2024
LONG,2024-04-12,18491.25,18491.0,2024-04-15,18237.25,18237.5,{},daily_refresh,1,NQ,20,daily_refresh,0,0.0,-254.0,-254.2,0.009192708210747526,-318.5,2024-04-11,0.006395427949381638,ENTERED,,0.0,2024
SHORT,2024-04-15,18237.25,18237.5,2024-05-09,18162.25,18162.0,{},daily_refresh,18,NQ,20,daily_refresh,0,-121.5,75.0,74.8,0.009866175404202381,197.5,2024-04-12,-0.0036187186446243746,ENTERED,,-119.75,2024
LONG,2024-05-09,18162.25,18162.0,2024-05-10,18231.0,18231.25,{},daily_refresh,1,NQ,20,daily_refresh,0,0.0,68.75,68.55,0.013729037856142014,69.0,2024-05-08,0.00015144214221773922,ENTERED,,0.0,2024
SHORT,2024-05-10,18231.0,18231.25,2024-05-13,18245.75,18245.5,{},daily_refresh,1,NQ,20,daily_refresh,0,0.0,-14.75,-14.95,0.013089837539251404,-8.0,2024-05-09,-0.014007571660357043,ENTERED,,0.0,2024
LONG,2024-05-13,18245.75,18245.5,2024-07-18,20057.75,20058.0,{},daily_refresh,48,NQ,20,daily_refresh,1,32.5,1534.25,1534.05,0.012497006592299038,1502.75,2024-05-10,0.003673132480396024,ENTERED,,32.5,2024
SHORT,2024-07-18,20057.75,20058.0,2024-07-23,19955.5,19955.25,{},daily_refresh,3,NQ,20,daily_refresh,0,-115.25,102.25,102.05,0.010347491753522526,218.5,2024-07-17,-0.00877149634315122,ENTERED,,-115.25,2024
LONG,2024-07-23,19955.5,19955.25,2024-07-24,19792.5,19792.75,{},daily_refresh,1,NQ,20,daily_refresh,0,0.0,-163.0,-163.2,0.010665246098898287,-163.0,2024-07-22,0.009255629875959182,ENTERED,,0.0,2024
SHORT,2024-07-24,19792.5,19792.75,2024-08-19,19649.25,19649.0,{},daily_refresh,18,NQ,20,daily_refresh,1,-95.5,-107.0,-107.2,0.0105956951914087,34.0,2024-07-23,-0.00871470606648761,ENTERED,,-93.25,2024
LONG,2024-08-19,19649.25,19649.0,2024-08-29,19193.25,19193.5,{},daily_refresh,8,NQ,20,daily_refresh,0,-10.5,-456.0,-456.2,0.019969114969849603,-444.0,2024-08-16,0.008685894156954088,ENTERED,,-12.75,2024
SHORT,2024-08-29,19193.25,19193.5,2024-08-30,19430.5,19430.25,{},daily_refresh,1,NQ,20,daily_refresh,0,0.0,-237.25,-237.45,0.018342944437379424,-237.0,2024-08-28,-0.011028796557807419,ENTERED,,0.0,2024
LONG,2024-08-30,19430.5,19430.25,2024-09-09,18447.75,18448.0,{},daily_refresh,6,NQ,20,daily_refresh,0,-8.5,-982.75,-982.95,0.016154235771725842,-1044.25,2024-08-29,0.04141209972661741,ENTERED,,-8.25,2024
SHORT,2024-09-09,18447.75,18448.0,2024-09-10,18712.0,18711.75,{},daily_refresh,1,NQ,20,daily_refresh,0,0.0,-264.25,-264.45,0.015180651136657706,-265.75,2024-09-06,-0.012095148501545805,ENTERED,,0.0,2024
LONG,2024-09-10,18712.0,18711.75,2024-09-11,18837.25,18837.5,{},daily_refresh,1,NQ,20,daily_refresh,0,0.0,125.25,125.05,0.015742866604707962,125.0,2024-09-09,0.0031627333520944934,ENTERED,,0.0,2024
SHORT,2024-09-11,18837.25,18837.5,2024-09-12,19244.75,19244.5,{},daily_refresh,1,NQ,20,daily_refresh,0,0.0,-407.5,-407.7,0.01474746935552426,-406.5,2024-09-10,-0.014646841121006893,ENTERED,,0.0,2024
LONG,2024-09-12,19244.75,19244.5,2024-09-13,19454.0,19454.25,{},daily_refresh,1,NQ,20,daily_refresh,0,0.0,209.25,209.05,0.015564697997297835,209.25,2024-09-11,0.00719650380760406,ENTERED,,0.0,2024
SHORT,2024-09-13,19454.0,19454.25,2024-09-20,20047.75,20047.5,{},daily_refresh,5,NQ,20,daily_refresh,1,-37.5,-356.75,-356.95,0.014546132649469273,-320.0,2024-09-12,-0.008144900196293658,ENTERED,,-36.5,2024
LONG,2024-09-20,20047.75,20047.5,2024-09-23,20062.75,20063.0,{},daily_refresh,1,NQ,20,daily_refresh,0,0.0,15.0,14.8,0.014126690847104429,-32.0,2024-09-19,0.008624737813591743,ENTERED,,0.0,2024
SHORT,2024-09-23,20062.75,20063.0,2024-09-24,20068.5,20068.25,{},daily_refresh,1,NQ,20,daily_refresh,0,0.0,-5.75,-5.95,0.014048916641364012,-6.0,2024-09-20,-9.988226896662233e-05,ENTERED,,0.0,2024
LONG,2024-09-24,20068.5,20068.25,2024-11-04,20134.75,20135.0,{},daily_refresh,29,NQ,20,daily_refresh,0,280.5,66.25,66.05,0.01383703361735788,-178.5,2024-09-23,0.013125772476893394,ENTERED,,277.0,2024
SHORT,2024-11-04,20134.75,20135.0,2024-11-05,20087.75,20087.5,{},daily_refresh,1,NQ,20,daily_refresh,0,0.0,47.0,46.8,0.009268007134406465,47.0,2024-11-01,-0.0015839819822052181,ENTERED,,0.0,2024
LONG,2024-11-05,20087.75,20087.5,2024-12-31,21391.75,21392.0,{},daily_refresh,40,NQ,20,daily_refresh,1,324.5,1031.0,1030.8,0.008970987614857174,706.25,2024-11-04,0.005254466296352289,ENTERED,,312.0,2024
SHORT,2024-12-31,21391.75,21392.0,2025-01-07,21770.5,21770.25,{},daily_refresh,5,NQ,20,daily_refresh,0,-65.25,-378.75,-378.95,0.012041493617088839,-314.5,2024-12-30,-0.004464983461813787,ENTERED,,-32.75,2024
LONG,2025-01-07,21770.5,21770.25,2025-01-08,21393.25,21393.5,{},daily_refresh,1,NQ,20,daily_refresh,0,0.0,-377.25,-377.45,0.0125825698746527,-378.0,2025-01-06,0.0013949281017875403,ENTERED,,0.0,2025
SHORT,2025-01-08,21393.25,21393.5,2025-01-20,21546.25,21546.0,{},daily_refresh,8,NQ,20,daily_refresh,0,1.25,-153.0,-153.2,0.013181470216143002,-196.75,2025-01-07,-0.014395747453462504,ENTERED,,0.75,2025
LONG,2025-01-20,21546.25,21546.0,2025-01-21,21731.5,21731.75,{},daily_refresh,1,NQ,20,daily_refresh,0,0.0,185.25,185.05,0.011473944749016014,184.5,2025-01-17,0.0016935390325947264,ENTERED,,0.0,2025
SHORT,2025-01-21,21731.5,21731.75,2025-01-24,22011.5,22011.25,{},daily_refresh,3,NQ,20,daily_refresh,0,0.0,-280.0,-280.2,0.011405080949548663,-278.5,2025-01-20,-0.00029902930487202273,ENTERED,,0.0,2025
LONG,2025-01-24,22011.5,22011.25,2025-02-28,20672.25,20672.5,{},daily_refresh,25,NQ,20,daily_refresh,2,176.75,-640.0,-640.2,0.011075652138973872,-815.0,2025-01-23,0.000204492007770396,ENTERED,,176.0,2025
SHORT,2025-02-28,20672.25,20672.5,2025-04-10,19312.5,19312.25,{},daily_refresh,29,NQ,20,daily_refresh,3,-22.0,631.75,631.55,0.011126245553891669,653.0,2025-02-27,-0.02658212507999791,ENTERED,,-13.5,2025
LONG,2025-04-10,19312.5,19312.25,2025-04-11,18352.5,18352.75,{},daily_refresh,1,NQ,20,daily_refresh,0,0.0,-960.0,-960.2,0.04183295574816891,-955.25,2025-04-09,0.015173659615717261,ENTERED,,0.0,2025
SHORT,2025-04-11,18352.5,18352.75,2025-04-25,19413.0,19412.75,{},daily_refresh,9,NQ,20,daily_refresh,1,113.5,-869.5,-869.7,0.04320771954494913,-982.25,2025-04-10,-0.018702309640888037,ENTERED,,0.0,2025
LONG,2025-04-25,19413.0,19412.75,2025-08-04,22927.25,22927.5,{},daily_refresh,71,NQ,20,daily_refresh,3,-212.25,2749.75,2749.55,0.044655874111039995,2905.0,2025-04-24,0.0016688157067235032,ENTERED,,-222.75,2025
SHORT,2025-08-04,22927.25,22927.5,2025-08-05,23334.25,23334.0,{},daily_refresh,1,NQ,20,daily_refresh,0,0.0,-407.0,-407.2,0.007446591851444109,-407.25,2025-08-01,-0.0016043306012416547,ENTERED,,0.0,2025
LONG,2025-08-05,23334.25,23334.0,2025-08-21,23318.25,23318.5,{},daily_refresh,12,NQ,20,daily_refresh,0,-1.0,-16.0,-16.2,0.008715488870824772,-14.5,2025-08-04,0.020131807600249463,ENTERED,,-3.75,2025
SHORT,2025-08-21,23318.25,23318.5,2025-08-25,23575.5,23575.25,{},daily_refresh,2,NQ,20,daily_refresh,0,-1.25,-257.25,-257.45,0.010945318955462439,-263.0,2025-08-20,-0.003525490363659678,ENTERED,,0.0,2025
LONG,2025-08-25,23575.5,23575.25,2025-08-26,23495.75,23496.0,{},daily_refresh,1,NQ,20,daily_refresh,0,0.0,-79.75,-79.95,0.0114408060759156,-78.75,2025-08-22,0.005757482061178543,ENTERED,,0.0,2025
SHORT,2025-08-26,23495.75,23496.0,2025-08-27,23614.75,23614.5,{},daily_refresh,1,NQ,20,daily_refresh,0,0.0,-119.0,-119.2,0.011450068105380228,-118.0,2025-08-25,-0.0013494416286801147,ENTERED,,0.0,2025
LONG,2025-08-27,23614.75,23614.5,2025-08-28,23507.5,23507.75,{},daily_refresh,1,NQ,20,daily_refresh,0,0.0,-107.25,-107.45,0.011489814320119243,-106.0,2025-08-26,0.00592119275825409,ENTERED,,0.0,2025
SHORT,2025-08-28,23507.5,23507.75,2025-08-29,23747.75,23747.5,{},daily_refresh,1,NQ,20,daily_refresh,0,0.0,-240.25,-240.45,0.011272325896086621,-239.5,2025-08-27,-0.009125395152792426,ENTERED,,0.0,2025
LONG,2025-08-29,23747.75,23747.5,2025-09-04,23437.25,23437.5,{},daily_refresh,4,NQ,20,daily_refresh,0,85.25,-310.5,-310.7,0.010700304148396204,-394.25,2025-08-28,0.01930464642129004,ENTERED,,84.0,2025
SHORT,2025-09-04,23437.25,23437.5,2025-09-05,23706.25,23706.0,{},daily_refresh,1,NQ,20,daily_refresh,0,0.0,-269.0,-269.2,0.007931531080987934,-269.25,2025-09-03,-0.0005756438683265364,ENTERED,,0.0,2025
LONG,2025-09-05,23706.25,23706.0,2025-09-08,23778.0,23778.25,{},daily_refresh,1,NQ,20,daily_refresh,0,0.0,71.75,71.55,0.008301610171705597,-32.75,2025-09-04,0.007115774716696555,ENTERED,,0.0,2025
SHORT,2025-09-08,23778.0,23778.25,2025-09-09,23807.75,23807.5,{},daily_refresh,1,NQ,20,daily_refresh,0,0.0,-29.75,-29.95,0.008018052920643353,-29.75,2025-09-05,-0.003881677221182267,ENTERED,,0.0,2025
LONG,2025-09-09,23807.75,23807.5,2025-09-10,23884.5,23884.75,{},daily_refresh,1,NQ,20,daily_refresh,0,0.0,76.75,76.55,0.008018961183777117,78.25,2025-09-08,0.007266381088370633,ENTERED,,0.0,2025
SHORT,2025-09-10,23884.5,23884.75,2025-09-12,24020.0,24019.75,{},daily_refresh,2,NQ,20,daily_refresh,0,0.75,-135.5,-135.7,0.0074242860014586635,-136.25,2025-09-09,-0.0031093164720734645,ENTERED,,0.0,2025
LONG,2025-09-12,24020.0,24019.75,2025-10-13,24786.5,24786.75,{},daily_refresh,21,NQ,20,daily_refresh,1,116.0,523.75,523.55,0.0074849029761588914,-190.5,2025-09-11,0.005515206061493805,ENTERED,,116.25,2025
SHORT,2025-10-13,24786.5,24786.75,2025-10-24,25298.5,25298.25,{},daily_refresh,9,NQ,20,daily_refresh,0,23.0,-512.0,-512.2,0.011886284342802055,-533.5,2025-10-10,-0.006887232976980795,ENTERED,,21.75,2025
LONG,2025-10-24,25298.5,25298.25,2025-11-05,25503.0,25503.25,{},daily_refresh,8,NQ,20,daily_refresh,1,99.25,-2.25,-2.45,0.012797008308063487,-100.0,2025-10-23,0.002819963476302423,ENTERED,,98.75,2025
SHORT,2025-11-05,25503.0,25503.25,2025-11-10,25336.25,25336.0,{},daily_refresh,3,NQ,20,daily_refresh,0,-0.5,166.75,166.55,0.01392761212505135,277.0,2025-11-04,-0.013808104290595535,ENTERED,,0.0,2025
LONG,2025-11-10,25336.25,25336.0,2025-11-17,25169.0,25169.25,{},daily_refresh,5,NQ,20,daily_refresh,0,-0.5,-167.25,-167.45,0.009950613741454842,-188.0,2025-11-07,0.00956927915726169,ENTERED,,0.0,2025
SHORT,2025-11-17,25169.0,25169.25,2025-12-03,25625.0,25624.75,{},daily_refresh,12,NQ,20,daily_refresh,0,-97.0,-456.0,-456.2,0.011101923780111796,-357.5,2025-11-14,-0.00352214213301838,ENTERED,,-104.25,2025
LONG,2025-12-03,25625.0,25624.75,2025-12-04,25647.25,25647.5,{},daily_refresh,1,NQ,20,daily_refresh,0,0.0,22.25,22.05,0.015080799625010206,22.75,2025-12-02,0.004685493594205115,ENTERED,,0.0,2025
SHORT,2025-12-04,25647.25,25647.5,2025-12-05,25621.0,25620.75,{},daily_refresh,1,NQ,20,daily_refresh,0,0.0,26.25,26.05,0.014891137891895204,26.5,2025-12-03,-0.004859784074264684,ENTERED,,0.0,2025
LONG,2025-12-05,25621.0,25620.75,2025-12-09,25727.0,25727.25,{},daily_refresh,2,NQ,20,daily_refresh,0,11.25,106.0,105.8,0.01431212762801552,94.25,2025-12-04,0.012017735293827547,ENTERED,,11.25,2025
SHORT,2025-12-09,25727.0,25727.25,2025-12-10,25672.0,25671.75,{},daily_refresh,1,NQ,20,daily_refresh,0,0.0,55.0,54.8,0.013556147665397655,55.75,2025-12-08,-0.0006118405718283926,ENTERED,,0.0,2025
LONG,2025-12-10,25672.0,25671.75,2025-12-18,24933.25,24933.5,{},daily_refresh,6,NQ,20,daily_refresh,1,-12.25,-976.5,-976.7,0.013539749069720117,-965.25,2025-12-09,0.0008284519644055077,ENTERED,,-11.5,2025
SHORT,2025-12-18,24933.25,24933.5,2025-12-19,25257.5,25257.25,{},daily_refresh,1,NQ,20,daily_refresh,0,0.0,-324.25,-324.45,0.012711940602775126,-323.5,2025-12-17,-0.01636493223665303,ENTERED,,0.0,2025
LONG,2025-12-19,25257.5,25257.25,2025-12-31,25656.5,25656.75,{},daily_refresh,8,NQ,20,daily_refresh,0,88.0,399.0,398.8,0.009417354595384722,311.75,2025-12-18,0.036585071170360584,ENTERED,,86.0,2025
SHORT,2025-12-31,25656.5,25656.75,2026-01-12,25893.5,25893.25,{},daily_refresh,8,NQ,20,daily_refresh,0,-109.0,-237.0,-237.2,0.00747044178333364,-166.0,2025-12-30,-0.008106227598891458,ENTERED,,-64.75,2025
LONG,2026-01-12,25893.5,25893.25,2026-01-20,25378.75,25379.0,{},daily_refresh,6,NQ,20,daily_refresh,1,-1.0,-299.75,-299.95,0.007434582459497638,-299.25,2026-01-09,0.019272202781408954,ENTERED,,0.0,2026
SHORT,2026-01-20,25378.75,25379.0,2026-01-26,25560.0,25559.75,{},daily_refresh,4,NQ,20,daily_refresh,0,-0.25,-181.25,-181.45,0.005635112717024814,-301.25,2026-01-19,-0.004744258717609973,ENTERED,,0.0,2026
LONG,2026-01-26,25560.0,25559.75,2026-02-04,25427.5,25427.75,{},daily_refresh,7,NQ,20,daily_refresh,0,-103.25,-132.5,-132.7,0.007267497755979794,-28.5,2026-01-23,0.0015976491177773777,ENTERED,,-106.75,2026
SHORT,2026-02-04,25427.5,25427.75,2026-03-05,25171.25,25171.0,{},daily_refresh,21,NQ,20,daily_refresh,1,-115.5,42.75,42.55,0.009312739238926428,158.0,2026-02-03,-0.00705032681454465,ENTERED,,-118.0,2026
LONG,2026-03-05,25171.25,25171.0,2026-03-09,24215.25,24215.5,{},daily_refresh,2,NQ,20,daily_refresh,0,-0.25,-956.0,-956.2,0.013581618404015944,-509.5,2026-03-04,0.012844874925756367,ENTERED,,0.0,2026
SHORT,2026-03-09,24215.25,24215.5,2026-03-10,24881.25,24881.0,{},daily_refresh,1,NQ,20,daily_refresh,0,0.0,-666.0,-666.2,0.010074939434064374,-667.75,2026-03-06,-0.009306813269176373,ENTERED,,0.0,2026
LONG,2026-03-10,24881.25,24881.0,2026-03-23,24007.75,24008.0,{},daily_refresh,9,NQ,20,daily_refresh,1,106.0,-1091.5,-1091.7,0.011695695102880266,-987.75,2026-03-09,0.008512278816105834,ENTERED,,103.75,2026
SHORT,2026-03-23,24007.75,24008.0,2026-03-24,24455.0,24454.75,{},daily_refresh,1,NQ,20,daily_refresh,0,0.0,-447.25,-447.45,0.0127891623363761,-447.5,2026-03-20,-0.01668886358638877,ENTERED,,0.0,2026
LONG,2026-03-24,24455.0,24454.75,2026-03-26,24323.25,24323.5,{},daily_refresh,2,NQ,20,daily_refresh,0,0.25,-131.75,-131.95,0.013223600646529455,-131.25,2026-03-23,0.013337870621142223,ENTERED,,0.0,2026
SHORT,2026-03-26,24323.25,24323.5,2026-04-08,25050.0,25049.75,{},daily_refresh,9,NQ,20,daily_refresh,0,165.5,-726.75,-726.95,0.012808545332211136,-892.75,2026-03-25,-0.013190741836600073,ENTERED,,164.25,2026
LONG,2026-04-08,25050.0,25049.75,2026-06-08,29083.25,29083.5,{},daily_refresh,43,NQ,20,daily_refresh,2,-196.75,4060.75,4060.55,0.016763983762428523,4003.75,2026-04-07,0.001309987093736087,ENTERED,,-194.5,2026
SHORT,2026-06-08,29083.25,29083.5,2026-06-16,30526.25,30526.0,{},daily_refresh,6,NQ,20,daily_refresh,1,-0.5,-1068.25,-1068.45,0.013904488652366943,-1074.0,2026-06-05,-0.027786649525963325,ENTERED,,0.0,2026
LONG,2026-06-16,30526.25,30526.0,2026-06-18,30313.25,30313.5,{},daily_refresh,2,NQ,20,daily_refresh,1,0.0,-530.75,-530.95,0.017541801904304717,-531.5,2026-06-15,0.014816428766845968,ENTERED,,0.0,2026
SHORT,2026-06-18,30313.25,30313.5,2026-06-23,30574.5,30574.25,{},daily_refresh,3,NQ,20,daily_refresh,1,2.5,-555.0,-555.2,0.017832764345977567,-557.75,2026-06-17,-0.005030681321018027,ENTERED,,0.0,2026
LONG,2026-06-23,30574.5,30574.25,2026-06-24,29744.75,29745.0,{},daily_refresh,1,NQ,20,daily_refresh,0,0.0,-829.75,-829.95,0.017919965151111487,-826.0,2026-06-22,0.0007896489245040605,ENTERED,,0.0,2026
SHORT,2026-06-24,29744.75,29745.0,2026-07-06,29988.0,29987.75,{},daily_refresh,8,NQ,20,daily_refresh,1,0.75,94.75,94.55,0.01882365293232434,180.5,2026-06-23,-0.03339692497700886,ENTERED,,0.0,2026
LONG,2026-07-06,29988.0,29987.75,2026-07-07,29850.75,29851.0,{},daily_refresh,1,NQ,20,daily_refresh,0,0.0,-137.25,-137.45,0.01740605939222041,-135.5,2026-07-03,0.002824982040384283,ENTERED,,0.0,2026
SHORT,2026-07-07,29850.75,29851.0,2026-07-09,29491.25,29491.0,{},daily_refresh,2,NQ,20,daily_refresh,0,0.5,359.5,359.3,0.017198463805388687,359.25,2026-07-06,-0.010454412785626421,ENTERED,,0.0,2026
LONG,2026-07-09,29491.25,29491.0,2026-07-10,29933.0,29933.25,{},daily_refresh,1,NQ,20,daily_refresh,0,0.0,441.75,441.55,0.016641802056025043,441.5,2026-07-08,0.014147003938679958,ENTERED,,0.0,2026
SHORT,2026-07-10,29933.0,29933.25,2026-08-14,30204.0,30203.75,{},daily_refresh,25,NQ,20,daily_refresh,2,75.5,474.75,474.55,0.013886668519262449,400.25,2026-07-09,-0.012901693219757204,ENTERED,,84.0,2026
LONG,2026-08-14,30204.0,30203.75,2026-08-14,30153.75,30154.0,{},daily_refresh,1,NQ,20,daily_refresh,0,0.0,-50.25,-50.45,0.014907908569744263,-49.75,2026-08-13,0.011215648430077385,ENTERED,,0.0,2026
