decile,feature,kind,mean_feature,n,p_reversal,quartile
,signed_flow_for_reversal,,-1849.2,5,0.4,1
,signed_flow_for_reversal,,-968.4,5,0.4,2
,signed_flow_for_reversal,,-560.4,5,0.6,3
,signed_flow_for_reversal,,636.4,5,0.4,4
1,signed_flow_for_reversal,decile,-2328.0,2,1.0,
2,signed_flow_for_reversal,decile,-1681.0,2,0.0,
3,signed_flow_for_reversal,decile,-1159.0,2,0.5,
4,signed_flow_for_reversal,decile,-973.0,2,0.0,
5,signed_flow_for_reversal,decile,-903.0,2,0.5,
6,signed_flow_for_reversal,decile,-658.0,2,1.0,
7,signed_flow_for_reversal,decile,-585.0,2,0.5,
8,signed_flow_for_reversal,decile,-224.0,2,0.5,
9,signed_flow_for_reversal,decile,256.0,2,0.0,
10,signed_flow_for_reversal,decile,1401.0,2,0.5,
,absorption_proxy,,104.2386847029387,5,0.6,1
,absorption_proxy,,189.15099566572837,5,0.4,2
,absorption_proxy,,284.64414395240055,5,0.6,3
,absorption_proxy,,386.4974166793627,5,0.2,4
1,absorption_proxy,decile,83.42397499540357,2,1.0,
2,absorption_proxy,decile,113.5477367619432,2,0.5,
3,absorption_proxy,decile,133.36084905660377,2,0.0,
4,absorption_proxy,decile,175.13702907097758,2,0.5,
5,absorption_proxy,decile,228.00461103673956,2,0.5,
6,absorption_proxy,decile,254.38590604026845,2,0.5,
7,absorption_proxy,decile,301.2093023255814,2,0.5,
8,absorption_proxy,decile,312.4492600422833,2,0.5,
9,absorption_proxy,decile,372.1393939393939,2,0.5,
10,absorption_proxy,decile,437.67003923188105,2,0.0,
,imb_for_reversal_top1,,0.25666666666666665,5,0.4,1
,imb_for_reversal_top1,,0.33333333333333337,5,0.6,2
,imb_for_reversal_top1,,0.48,5,0.6,3
,imb_for_reversal_top1,,0.6976190476190476,5,0.2,4
1,imb_for_reversal_top1,decile,0.22499999999999998,2,0.5,
2,imb_for_reversal_top1,decile,0.25,2,0.5,
3,imb_for_reversal_top1,decile,0.3333333333333333,2,0.5,
4,imb_for_reversal_top1,decile,0.33333333333333337,2,0.0,
5,imb_for_reversal_top1,decile,0.33333333333333337,2,1.0,
6,imb_for_reversal_top1,decile,0.45,2,0.5,
7,imb_for_reversal_top1,decile,0.5,2,0.5,
8,imb_for_reversal_top1,decile,0.5357142857142857,2,1.0,
9,imb_for_reversal_top1,decile,0.7083333333333334,2,0.0,
10,imb_for_reversal_top1,decile,0.75,2,0.0,
,book_imbalance_top10,,0.39549583782686804,5,0.2,1
,book_imbalance_top10,,0.4279474275554308,5,0.4,2
,book_imbalance_top10,,0.5117368529056993,5,0.6,3
,book_imbalance_top10,,0.5680868174050446,5,0.6,4
1,book_imbalance_top10,decile,0.37677614721639874,2,0.5,
2,book_imbalance_top10,decile,0.40561424100156496,2,0.0,
3,book_imbalance_top10,decile,0.41349206349206347,2,0.5,
4,book_imbalance_top10,decile,0.42039922103213245,2,0.5,
5,book_imbalance_top10,decile,0.4423264907135875,2,0.0,
6,book_imbalance_top10,decile,0.5022935779816513,2,0.5,
7,book_imbalance_top10,decile,0.5164102564102564,2,1.0,
8,book_imbalance_top10,decile,0.5338341741610002,2,0.5,
9,book_imbalance_top10,decile,0.5567602040816326,2,1.0,
10,book_imbalance_top10,decile,0.590260963142319,2,0.0,
,ofi_for_reversal,,-2.2,5,0.4,1
,ofi_for_reversal,,-1.2,5,0.4,2
,ofi_for_reversal,,0.4,5,0.6,3
,ofi_for_reversal,,2.0,5,0.4,4
1,ofi_for_reversal,decile,-2.5,2,0.0,
2,ofi_for_reversal,decile,-2.0,2,0.5,
3,ofi_for_reversal,decile,-2.0,2,1.0,
4,ofi_for_reversal,decile,-1.0,2,0.0,
5,ofi_for_reversal,decile,-1.0,2,0.5,
6,ofi_for_reversal,decile,0.0,2,0.5,
7,ofi_for_reversal,decile,0.5,2,1.0,
8,ofi_for_reversal,decile,1.0,2,0.0,
9,ofi_for_reversal,decile,2.0,2,0.5,
10,ofi_for_reversal,decile,2.5,2,0.5,
,executed_to_displayed,,2690.766666666667,5,0.4,1
,executed_to_displayed,,3573.733333333333,5,0.4,2
,executed_to_displayed,,6889.0,5,0.8,3
,executed_to_displayed,,9665.6,5,0.2,4
1,executed_to_displayed,decile,2571.0,2,0.5,
2,executed_to_displayed,decile,2736.916666666667,2,0.5,
3,executed_to_displayed,decile,2867.0,2,0.5,
4,executed_to_displayed,decile,3139.333333333333,2,0.0,
5,executed_to_displayed,decile,4347.0,2,0.5,
6,executed_to_displayed,decile,5409.5,2,0.5,
7,executed_to_displayed,decile,7713.0,2,1.0,
8,executed_to_displayed,decile,8453.0,2,1.0,
9,executed_to_displayed,decile,9357.0,2,0.0,
10,executed_to_displayed,decile,10454.0,2,0.0,
,price_impact_per_lot,,0.0026403954129402083,5,0.2,1
,price_impact_per_lot,,0.003542018271709981,5,0.6,2
,price_impact_per_lot,,0.005519601002603603,5,0.4,3
,price_impact_per_lot,,0.010183549328918773,5,0.6,4
1,price_impact_per_lot,decile,0.002290879419908515,2,0.0,
2,price_impact_per_lot,decile,0.0027119921649692603,2,0.5,
3,price_impact_per_lot,decile,0.003200525415958712,2,0.5,
4,price_impact_per_lot,decile,0.0033203081091778544,2,0.5,
5,price_impact_per_lot,decile,0.003932329101611131,2,0.5,
6,price_impact_per_lot,decile,0.00439215673914364,2,0.5,
7,price_impact_per_lot,decile,0.005821889057408658,2,0.5,
8,price_impact_per_lot,decile,0.007514229794436081,2,0.0,
9,price_impact_per_lot,decile,0.008856901624217747,2,0.5,
10,price_impact_per_lot,decile,0.012672698613599813,2,1.0,
,bid_ask_slope_ratio,,0.5503456670480318,5,0.4,1
,bid_ask_slope_ratio,,0.7382759973474573,5,0.4,2
,bid_ask_slope_ratio,,1.0735016835016835,5,0.4,3
,bid_ask_slope_ratio,,1.3911899504004768,5,0.6,4
1,bid_ask_slope_ratio,decile,0.5054947433518863,2,0.5,
2,bid_ask_slope_ratio,decile,0.5668810521751699,2,0.5,
3,bid_ask_slope_ratio,decile,0.6217810550198526,2,0.5,
4,bid_ask_slope_ratio,decile,0.722596585804133,2,0.0,
5,bid_ask_slope_ratio,decile,0.8048007246376812,2,0.5,
6,bid_ask_slope_ratio,decile,0.9259259259259258,2,0.5,
7,bid_ask_slope_ratio,decile,1.1467171717171718,2,0.5,
8,bid_ask_slope_ratio,decile,1.2247474747474747,2,0.5,
9,bid_ask_slope_ratio,decile,1.344573555099871,2,1.0,
10,bid_ask_slope_ratio,decile,1.5197649572649572,2,0.0,
