candidate,contract,direction,entry_adverse_ticks,entry_fill,entry_theo,entry_ts,event_id,exit_px,exit_ts,expiry_sec,extras,first_of_day,opening_bar,outcome,penetration_points,points,points_after_cost,r_after_cost,r_multiple,reclaim_lag_sec,reclaim_mode,reclaim_ts,risk_points,risk_usd,seconds_from_rth_open,session_bucket,side,sl_buffer_ticks,status,stop,target,target_r,trading_date
B,NQU5,LONG,1.0,22015.0,22014.75,1750181400,NQ|NQU5|PDL|2025-06-17|1750181340,22010.5,1750181400,300,{},True,False,STOP_HIT,3.25,-4.5,-4.7,-1.0444444444444445,-1.0,0,close_1m,1750181400,4.5,90.0,14340,1130_1330,pdl_sweep,1,ENTERED,22010.5,22021.75,1.5,2025-06-17
B,NQU5,LONG,1.0,21919.75,21919.5,1750273080,NQ|NQU5|PDL|2025-06-18|1750273020,21908.75,1750273080,300,{},True,False,STOP_HIT,0.5,-11.0,-11.2,-1.018181818181818,-1.0,0,close_1m,1750273080,11.0,220.0,19620,1330_1530,pdl_sweep,1,ENTERED,21908.75,21936.25,1.5,2025-06-18
B,NQU5,SHORT,1.0,22067.0,22067.25,1750426320,NQ|NQU5|PDH|2025-06-20|1750426260,22098.25,1750426320,300,{},True,False,STOP_HIT,0.25,-31.25,-31.45,-1.0064,-1.0,0,close_1m,1750426320,31.25,625.0,60,0930_1000,pdh_sweep,1,ENTERED,22098.25,22020.125,1.5,2025-06-20
B,NQU5,LONG,1.0,21784.75,21784.5,1750685700,NQ|NQU5|PDL|2025-06-23|1750685640,21824.5,1750685760,300,{},True,False,TARGET_HIT,6.5,39.75,39.55,1.4924528301886792,1.5,0,close_1m,1750685700,26.5,530.0,240,0930_1000,pdl_sweep,1,ENTERED,21758.25,21824.5,1.5,2025-06-23
B,NQU5,SHORT,1.0,22537.5,22537.75,1750944780,NQ|NQU5|PDH|2025-06-26|1750944600,22493.625,1750945680,300,{},True,True,TARGET_HIT,18.25,43.875,43.675,1.493162393162393,1.5,120,close_1m,1750944780,29.25,585.0,0,0930_1000,pdh_sweep,1,ENTERED,22566.75,22493.625,1.5,2025-06-26
B,NQU5,LONG,1.0,22793.75,22793.5,1751377500,NQ|NQU5|PDL|2025-07-01|1751377440,22814.75,1751377680,300,{},True,False,TARGET_HIT,1.0,21.0,20.8,1.4857142857142858,1.5,0,close_1m,1751377500,14.0,280.0,840,0930_1000,pdl_sweep,1,ENTERED,22779.75,22814.75,1.5,2025-07-01
B,NQU5,SHORT,1.0,22841.5,22841.75,1751483100,NQ|NQU5|PDH|2025-07-02|1751483040,22823.5,1751483760,300,{},True,False,TARGET_HIT,5.0,18.0,17.8,1.4833333333333334,1.5,0,close_1m,1751483100,12.0,240.0,20040,1330_1530,pdh_sweep,1,ENTERED,22853.5,22823.5,1.5,2025-07-02
B,NQU5,LONG,1.0,22946.75,22946.5,1751895480,NQ|NQU5|PDL|2025-07-07|1751895180,22917.75,1751895600,300,{},True,False,STOP_HIT,12.25,-29.0,-29.2,-1.006896551724138,-1.0,240,close_1m,1751895480,29.0,580.0,180,0930_1000,pdl_sweep,1,ENTERED,22917.75,22990.25,1.5,2025-07-07
B,NQU5,LONG,1.0,22926.0,22925.75,1752156120,NQ|NQU5|PDL|2025-07-10|1752156060,22942.125,1752156120,300,{},True,False,TARGET_HIT,4.25,16.125,15.925,1.4813953488372094,1.5,0,close_1m,1752156120,10.75,215.0,1860,1000_1130,pdl_sweep,1,ENTERED,22915.25,22942.125,1.5,2025-07-10
B,NQU5,LONG,1.0,,,,NQ|NQU5|PDL|2025-07-11|1752241020,,,300,{},True,False,,7.5,,,,,,close_1m,,,,420,0930_1000,pdl_sweep,1,EXPIRED,,,1.5,2025-07-11
B,NQU5,LONG,1.0,22869.0,22868.75,1752500640,NQ|NQU5|PDL|2025-07-14|1752500580,22854.0,1752500640,300,{},True,False,STOP_HIT,8.75,-15.0,-15.2,-1.0133333333333332,-1.0,0,close_1m,1752500640,15.0,300.0,780,0930_1000,pdl_sweep,1,ENTERED,22854.0,22891.5,1.5,2025-07-14
B,NQU5,LONG,1.0,23053.75,23053.5,1752672840,NQ|NQU5|PDL|2025-07-16|1752672660,23041.5,1752672840,300,{},True,False,STOP_HIT,8.25,-12.25,-12.45,-1.0163265306122449,-1.0,120,close_1m,1752672840,12.25,245.0,60,0930_1000,pdl_sweep,1,ENTERED,23041.5,23072.125,1.5,2025-07-16
B,NQU5,SHORT,1.0,23081.75,23082.0,1752759180,NQ|NQU5|PDH|2025-07-17|1752759000,23118.5,1752759720,300,{},True,True,STOP_HIT,18.25,-36.75,-36.95,-1.0054421768707484,-1.0,120,close_1m,1752759180,36.75,735.0,0,0930_1000,pdh_sweep,1,ENTERED,23118.5,23026.625,1.5,2025-07-17
B,NQU5,SHORT,1.0,,,,NQ|NQU5|PDH|2025-07-21|1753104960,,,300,{},True,False,,13.5,,,,,,close_1m,,,,360,0930_1000,pdh_sweep,1,EXPIRED,,,1.5,2025-07-21
B,NQU5,LONG,1.0,,,,NQ|NQU5|PDL|2025-07-22|1753191900,,,300,{},True,False,,1.75,,,,,,close_1m,,,,900,0930_1000,pdl_sweep,1,EXPIRED,,,1.5,2025-07-22
B,NQU5,SHORT,1.0,23422.25,23422.5,1753457460,NQ|NQU5|PDH|2025-07-25|1753457400,23411.375,1753457760,300,{},True,False,TARGET_HIT,4.75,10.875,10.675,1.4724137931034484,1.5,0,close_1m,1753457460,7.25,145.0,7200,1130_1330,pdh_sweep,1,ENTERED,23429.5,23411.375,1.5,2025-07-25
B,NQU5,SHORT,1.0,23396.25,23396.5,1754503860,NQ|NQU5|PDH|2025-08-06|1754503560,23402.5,1754503860,300,{},True,False,STOP_HIT,5.0,-6.25,-6.45,-1.032,-1.0,240,close_1m,1754503860,6.25,125.0,16560,1330_1530,pdh_sweep,1,ENTERED,23402.5,23386.875,1.5,2025-08-06
B,NQU5,SHORT,1.0,23655.0,23655.25,1754662320,NQ|NQU5|PDH|2025-08-08|1754662200,23678.75,1754663220,300,{},True,False,STOP_HIT,7.5,-23.75,-23.95,-1.0084210526315789,-1.0,60,close_1m,1754662320,23.75,475.0,2400,1000_1130,pdh_sweep,1,ENTERED,23678.75,23619.375,1.5,2025-08-08
B,NQU5,SHORT,1.0,23719.25,23719.5,1754919060,NQ|NQU5|PDH|2025-08-11|1754919000,23702.375,1754919060,300,{},True,True,TARGET_HIT,6.25,16.875,16.675,1.4822222222222223,1.5,0,close_1m,1754919060,11.25,225.0,0,0930_1000,pdh_sweep,1,ENTERED,23730.5,23702.375,1.5,2025-08-11
B,NQU5,LONG,1.0,23857.5,23857.25,1755265440,NQ|NQU5|PDL|2025-08-15|1755265260,23835.75,1755265500,300,{},True,False,STOP_HIT,5.25,-21.75,-21.95,-1.0091954022988505,-1.0,120,close_1m,1755265440,21.75,435.0,660,0930_1000,pdl_sweep,1,ENTERED,23835.75,23890.125,1.5,2025-08-15
B,NQU5,LONG,1.0,23738.25,23738.0,1755528540,NQ|NQU5|PDL|2025-08-18|1755528360,23752.125,1755528600,300,{},True,False,TARGET_HIT,5.25,13.875,13.675,1.4783783783783784,1.5,120,close_1m,1755528540,9.25,185.0,4560,1000_1130,pdl_sweep,1,ENTERED,23729.0,23752.125,1.5,2025-08-18
B,NQU5,LONG,1.0,23444.0,23443.75,1756216200,NQ|NQU5|PDL|2025-08-26|1756216080,23457.875,1756216200,300,{},True,False,TARGET_HIT,8.25,13.875,13.675,1.4783783783783784,1.5,60,close_1m,1756216200,9.25,185.0,1080,0930_1000,pdl_sweep,1,ENTERED,23434.75,23457.875,1.5,2025-08-26
B,NQU5,SHORT,1.0,23598.75,23599.0,1756304400,NQ|NQU5|PDH|2025-08-27|1756304340,23593.875,1756304400,300,{},True,False,TARGET_HIT,1.75,4.875,4.675,1.4384615384615385,1.5,0,close_1m,1756304400,3.25,65.0,2940,1000_1130,pdh_sweep,1,ENTERED,23602.0,23593.875,1.5,2025-08-27
B,NQU5,LONG,1.0,,,,NQ|NQU5|PDL|2025-08-29|1756475100,,,300,{},True,False,,7.25,,,,,,close_1m,,,,900,0930_1000,pdl_sweep,1,EXPIRED,,,1.5,2025-08-29
B,NQU5,SHORT,1.0,23516.75,23517.0,1756993020,NQ|NQU5|PDH|2025-09-04|1756992840,23484.5,1756993080,300,{},True,False,TARGET_HIT,12.75,32.25,32.05,1.4906976744186045,1.5,120,close_1m,1756993020,21.5,430.0,240,0930_1000,pdh_sweep,1,ENTERED,23538.25,23484.5,1.5,2025-09-04
B,NQU5,LONG,1.0,,,,NQ|NQU5|PDL|2025-09-09|1757428440,,,300,{},True,False,,7.75,,,,,,close_1m,,,,3840,1000_1130,pdl_sweep,1,EXPIRED,,,1.5,2025-09-09
B,NQZ5,LONG,1.0,24501.75,24501.5,1758116100,NQ|NQZ5|PDL|2025-09-17|1758116040,,1758116100,300,{},True,False,AMBIGUOUS,3.25,,,,,0,close_1m,1758116100,6.0,120.0,240,0930_1000,pdl_sweep,1,ENTERED,24495.75,24510.75,1.5,2025-09-17
B,NQZ5,SHORT,1.0,24802.75,24803.0,1758290040,NQ|NQZ5|PDH|2025-09-19|1758289980,24780.25,1758291000,300,{},True,False,TARGET_HIT,1.5,22.5,22.3,1.4866666666666668,1.5,0,close_1m,1758290040,15.0,300.0,1380,0930_1000,pdh_sweep,1,ENTERED,24817.75,24780.25,1.5,2025-09-19
B,NQZ5,SHORT,1.0,24886.75,24887.0,1758550920,NQ|NQZ5|PDH|2025-09-22|1758550860,24894.5,1758551220,300,{},True,False,STOP_HIT,6.25,-7.75,-7.95,-1.0258064516129033,-1.0,0,close_1m,1758550920,7.75,155.0,3060,1000_1130,pdh_sweep,1,ENTERED,24894.5,24875.125,1.5,2025-09-22
B,NQZ5,LONG,1.0,24816.5,24816.25,1758649440,NQ|NQZ5|PDL|2025-09-23|1758649200,24806.25,1758649440,300,{},True,False,STOP_HIT,7.75,-10.25,-10.45,-1.0195121951219512,-1.0,180,close_1m,1758649440,10.25,205.0,15000,1330_1530,pdl_sweep,1,ENTERED,24806.25,24831.875,1.5,2025-09-23
B,NQZ5,LONG,1.0,24782.25,24782.0,1758726720,NQ|NQZ5|PDL|2025-09-24|1758726660,24790.5,1758726780,300,{},True,False,TARGET_HIT,3.5,8.25,8.05,1.4636363636363638,1.5,0,close_1m,1758726720,5.5,110.0,6060,1000_1130,pdl_sweep,1,ENTERED,24776.75,24790.5,1.5,2025-09-24
B,NQZ5,SHORT,1.0,24690.75,24691.0,1758893640,NQ|NQZ5|PDH|2025-09-26|1758893580,24700.0,1758893640,300,{},True,False,STOP_HIT,3.0,-9.25,-9.45,-1.0216216216216216,-1.0,0,close_1m,1758893640,9.25,185.0,180,0930_1000,pdh_sweep,1,ENTERED,24700.0,24676.875,1.5,2025-09-26
B,NQZ5,LONG,1.0,,,,NQ|NQZ5|PDL|2025-09-30|1759239180,,,300,{},True,False,,9.5,,,,,,close_1m,,,,180,0930_1000,pdl_sweep,1,EXPIRED,,,1.5,2025-09-30
B,NQZ5,SHORT,1.0,24908.5,24908.75,1759331040,NQ|NQZ5|PDH|2025-10-01|1759330860,24889.75,1759331520,300,{},True,False,TARGET_HIT,7.0,18.75,18.55,1.484,1.5,120,close_1m,1759331040,12.5,250.0,5460,1000_1130,pdh_sweep,1,ENTERED,24921.0,24889.75,1.5,2025-10-01
B,NQZ5,LONG,1.0,24995.5,24995.25,1759513680,NQ|NQZ5|PDL|2025-10-03|1759513560,24983.25,1759513740,300,{},True,False,STOP_HIT,10.25,-12.25,-12.45,-1.0163265306122449,-1.0,60,close_1m,1759513680,12.25,245.0,15360,1330_1530,pdl_sweep,1,ENTERED,24983.25,25013.875,1.5,2025-10-03
B,NQZ5,SHORT,1.0,25249.5,25249.75,1759844220,NQ|NQZ5|PDH|2025-10-07|1759844160,25263.5,1759845300,300,{},True,False,STOP_HIT,10.5,-14.0,-14.2,-1.0142857142857142,-1.0,0,close_1m,1759844220,14.0,280.0,360,0930_1000,pdh_sweep,1,ENTERED,25263.5,25228.5,1.5,2025-10-07
B,NQZ5,SHORT,1.0,25262.5,25262.75,1759939860,NQ|NQZ5|PDH|2025-10-08|1759939800,25268.5,1759940040,300,{},True,False,STOP_HIT,3.5,-6.0,-6.2,-1.0333333333333334,-1.0,0,close_1m,1759939860,6.0,120.0,9600,1130_1330,pdh_sweep,1,ENTERED,25268.5,25253.5,1.5,2025-10-08
B,NQZ5,SHORT,1.0,25323.75,25324.0,1760103240,NQ|NQZ5|PDH|2025-10-10|1760103060,25345.75,1760103360,300,{},True,False,STOP_HIT,10.75,-22.0,-22.2,-1.009090909090909,-1.0,120,close_1m,1760103240,22.0,440.0,60,0930_1000,pdh_sweep,1,ENTERED,25345.75,25290.75,1.5,2025-10-10
B,NQZ5,SHORT,1.0,25110.0,25110.25,1760622420,NQ|NQZ5|PDH|2025-10-16|1760622300,25089.0,1760622420,300,{},True,False,TARGET_HIT,8.75,21.0,20.8,1.4857142857142858,1.5,60,close_1m,1760622420,14.0,280.0,900,0930_1000,pdh_sweep,1,ENTERED,25124.0,25089.0,1.5,2025-10-16
B,NQZ5,LONG,1.0,,,,NQ|NQZ5|PDL|2025-10-22|1761139980,,,300,{},True,False,,10.0,,,,,,close_1m,,,,180,0930_1000,pdl_sweep,1,EXPIRED,,,1.5,2025-10-22
B,NQZ5,LONG,1.0,,,,NQ|NQZ5|PDL|2025-10-30|1761831240,,,300,{},True,False,,6.25,,,,,,close_1m,,,,240,0930_1000,pdl_sweep,1,EXPIRED,,,1.5,2025-10-30
B,NQZ5,SHORT,1.0,26178.5,26178.75,1761917460,NQ|NQZ5|PDH|2025-10-31|1761917400,26146.625,1761917640,300,{},True,True,TARGET_HIT,17.0,31.875,31.675,1.4905882352941178,1.5,0,close_1m,1761917460,21.25,425.0,0,0930_1000,pdh_sweep,1,ENTERED,26199.75,26146.625,1.5,2025-10-31
B,NQZ5,LONG,1.0,25569.5,25569.25,1762353060,NQ|NQZ5|PDL|2025-11-05|1762353000,25530.5,1762353060,300,{},True,True,STOP_HIT,13.25,-39.0,-39.2,-1.005128205128205,-1.0,0,close_1m,1762353060,39.0,780.0,0,0930_1000,pdl_sweep,1,ENTERED,25530.5,25628.0,1.5,2025-11-05
B,NQZ5,SHORT,1.0,,,,NQ|NQZ5|PDH|2025-11-19|1763563980,,,300,{},True,False,,5.75,,,,,,close_1m,,,,1380,0930_1000,pdh_sweep,1,EXPIRED,,,1.5,2025-11-19
B,NQZ5,LONG,1.0,24099.5,24099.25,1763737380,NQ|NQZ5|PDL|2025-11-21|1763737320,,1763737380,300,{},True,False,AMBIGUOUS,3.0,,,,,0,close_1m,1763737380,4.75,95.0,1920,1000_1130,pdl_sweep,1,ENTERED,24094.75,24106.625,1.5,2025-11-21
B,NQZ5,SHORT,1.0,24990.75,24991.0,1764091740,NQ|NQZ5|PDH|2025-11-25|1764091380,25002.25,1764091860,300,{},True,False,STOP_HIT,8.5,-11.5,-11.7,-1.017391304347826,-1.0,300,close_1m,1764091740,11.5,230.0,10380,1130_1330,pdh_sweep,1,ENTERED,25002.25,24973.5,1.5,2025-11-25
B,NQZ5,SHORT,1.0,,,,NQ|NQZ5|PDH|2025-11-28|1764340320,,,300,{},True,False,,9.0,,,,,,close_1m,,,,120,0930_1000,pdh_sweep,1,EXPIRED,,,1.5,2025-11-28
B,NQZ5,SHORT,1.0,25476.75,25477.0,1764685860,NQ|NQZ5|PDH|2025-12-02|1764685800,25501.0,1764685920,300,{},True,True,STOP_HIT,5.0,-24.25,-24.45,-1.0082474226804123,-1.0,0,close_1m,1764685860,24.25,485.0,0,0930_1000,pdh_sweep,1,ENTERED,25501.0,25440.375,1.5,2025-12-02
B,NQZ5,SHORT,1.0,25668.5,25668.75,1764791760,NQ|NQZ5|PDH|2025-12-03|1764791700,25671.5,1764791760,300,{},True,False,STOP_HIT,1.25,-3.0,-3.2,-1.0666666666666667,-1.0,0,close_1m,1764791760,3.0,60.0,19500,1330_1530,pdh_sweep,1,ENTERED,25671.5,25664.0,1.5,2025-12-03
B,NQZ5,LONG,1.0,25658.75,25658.5,1765209420,NQ|NQZ5|PDL|2025-12-08|1765209360,25672.625,1765209420,300,{},True,False,TARGET_HIT,1.5,13.875,13.675,1.4783783783783784,1.5,0,close_1m,1765209420,9.25,185.0,5160,1000_1130,pdl_sweep,1,ENTERED,25649.5,25672.625,1.5,2025-12-08
B,NQZ5,LONG,1.0,25583.0,25582.75,1765290720,NQ|NQZ5|PDL|2025-12-09|1765290660,25562.75,1765290780,300,{},True,False,STOP_HIT,1.75,-20.25,-20.45,-1.0098765432098764,-1.0,0,close_1m,1765290720,20.25,405.0,60,0930_1000,pdl_sweep,1,ENTERED,25562.75,25613.375,1.5,2025-12-09
B,NQZ5,LONG,1.0,25575.0,25574.75,1765382280,NQ|NQZ5|PDL|2025-12-10|1765382100,25550.0,1765382400,300,{},True,False,STOP_HIT,9.75,-25.0,-25.2,-1.008,-1.0,120,close_1m,1765382280,25.0,500.0,5100,1000_1130,pdl_sweep,1,ENTERED,25550.0,25612.5,1.5,2025-12-10
B,NQZ5,LONG,1.0,25530.5,25530.25,1765464480,NQ|NQZ5|PDL|2025-12-11|1765464420,25526.0,1765464480,300,{},True,False,STOP_HIT,2.5,-4.5,-4.7,-1.0444444444444445,-1.0,0,close_1m,1765464480,4.5,90.0,1020,0930_1000,pdl_sweep,1,ENTERED,25526.0,25537.25,1.5,2025-12-11
B,NQH6,SHORT,1.0,25415.0,25415.25,1765981920,NQ|NQH6|PDH|2025-12-17|1765981860,25365.5,1765982160,300,{},True,False,TARGET_HIT,3.75,49.5,49.3,1.493939393939394,1.5,0,close_1m,1765981920,33.0,660.0,60,0930_1000,pdh_sweep,1,ENTERED,25448.0,25365.5,1.5,2025-12-17
B,NQH6,SHORT,1.0,,,,NQ|NQH6|PDH|2025-12-19|1766154660,,,300,{},True,False,,18.0,,,,,,close_1m,,,,60,0930_1000,pdh_sweep,1,EXPIRED,,,1.5,2025-12-19
B,NQH6,SHORT,1.0,,,,NQ|NQH6|PDH|2025-12-23|1766519640,,,300,{},True,False,,1.5,,,,,,close_1m,,,,19440,1330_1530,pdh_sweep,1,EXPIRED,,,1.5,2025-12-23
B,NQH6,SHORT,1.0,25804.0,25804.25,1766586660,NQ|NQH6|PDH|2025-12-24|1766586600,25827.75,1766589000,300,{},True,True,STOP_HIT,7.0,-23.75,-23.95,-1.0084210526315789,-1.0,0,close_1m,1766586660,23.75,475.0,0,0930_1000,pdh_sweep,1,ENTERED,25827.75,25768.375,1.5,2025-12-24
B,NQH6,SHORT,1.0,25876.25,25876.5,1766759460,NQ|NQH6|PDH|2025-12-26|1766759400,25910.5,1766759640,300,{},True,True,STOP_HIT,18.25,-34.25,-34.45,-1.0058394160583943,-1.0,0,close_1m,1766759460,34.25,685.0,0,0930_1000,pdh_sweep,1,ENTERED,25910.5,25824.875,1.5,2025-12-26
B,NQH6,LONG,1.0,25679.75,25679.5,1767191460,NQ|NQH6|PDL|2025-12-31|1767191400,25663.25,1767191520,300,{},True,True,STOP_HIT,4.75,-16.5,-16.7,-1.012121212121212,-1.0,0,close_1m,1767191460,16.5,330.0,0,0930_1000,pdl_sweep,1,ENTERED,25663.25,25704.5,1.5,2025-12-31
B,NQH6,SHORT,1.0,25692.5,25692.75,1767710940,NQ|NQH6|PDH|2026-01-06|1767710820,25719.0,1767711000,300,{},True,False,STOP_HIT,10.75,-26.5,-26.7,-1.0075471698113208,-1.0,60,close_1m,1767710940,26.5,530.0,1020,0930_1000,pdh_sweep,1,ENTERED,25719.0,25652.75,1.5,2026-01-06
B,NQH6,SHORT,1.0,25827.75,25828.0,1767796860,NQ|NQH6|PDH|2026-01-07|1767796800,25838.5,1767796860,300,{},True,False,STOP_HIT,0.5,-10.75,-10.95,-1.0186046511627906,-1.0,0,close_1m,1767796860,10.75,215.0,600,0930_1000,pdh_sweep,1,ENTERED,25838.5,25811.625,1.5,2026-01-07
B,NQH6,SHORT,1.0,25984.0,25984.25,1768241160,NQ|NQH6|PDH|2026-01-12|1768241100,25988.5,1768241220,300,{},True,False,STOP_HIT,2.75,-4.5,-4.7,-1.0444444444444445,-1.0,0,close_1m,1768241160,4.5,90.0,12900,1130_1330,pdh_sweep,1,ENTERED,25988.5,25977.25,1.5,2026-01-12
B,NQH6,LONG,1.0,25686.5,25686.25,1768576860,NQ|NQH6|PDL|2026-01-16|1768576740,25715.75,1768576980,300,{},True,False,TARGET_HIT,9.25,29.25,29.05,1.4897435897435898,1.5,60,close_1m,1768576860,19.5,390.0,2940,1000_1130,pdl_sweep,1,ENTERED,25667.0,25715.75,1.5,2026-01-16
B,NQH6,SHORT,1.0,,,,NQ|NQH6|PDH|2026-01-21|1769009700,,,300,{},True,False,,9.25,,,,,,close_1m,,,,3900,1000_1130,pdh_sweep,1,EXPIRED,,,1.5,2026-01-21
B,NQH6,SHORT,1.0,25844.75,25845.0,1769439540,NQ|NQH6|PDH|2026-01-26|1769439420,25836.875,1769439540,300,{},True,False,TARGET_HIT,4.0,7.875,7.675,1.4619047619047618,1.5,60,close_1m,1769439540,5.25,105.0,1620,0930_1000,pdh_sweep,1,ENTERED,25850.0,25836.875,1.5,2026-01-26
B,NQH6,LONG,1.0,,,,NQ|NQH6|PDL|2026-01-29|1769697240,,,300,{},True,False,,17.25,,,,,,close_1m,,,,240,0930_1000,pdl_sweep,1,EXPIRED,,,1.5,2026-01-29
B,NQH6,SHORT,1.0,25940.25,25940.5,1770129060,NQ|NQH6|PDH|2026-02-03|1770129000,25921.875,1770129060,300,{},True,True,TARGET_HIT,2.75,18.375,18.175,1.4836734693877551,1.5,0,close_1m,1770129060,12.25,245.0,0,0930_1000,pdh_sweep,1,ENTERED,25952.5,25921.875,1.5,2026-02-03
B,NQH6,SHORT,1.0,25221.0,25221.25,1770650280,NQ|NQH6|PDH|2026-02-09|1770650100,25235.75,1770650340,300,{},True,False,STOP_HIT,13.5,-14.75,-14.95,-1.0135593220338983,-1.0,120,close_1m,1770650280,14.75,295.0,2700,1000_1130,pdh_sweep,1,ENTERED,25235.75,25198.875,1.5,2026-02-09
B,NQH6,SHORT,1.0,,,,NQ|NQH6|PDH|2026-02-10|1770735960,,,300,{},True,False,,14.75,,,,,,close_1m,,,,2160,1000_1130,pdh_sweep,1,EXPIRED,,,1.5,2026-02-10
B,NQH6,LONG,1.0,,,,NQ|NQH6|PDL|2026-02-12|1770911640,,,300,{},True,False,,6.25,,,,,,close_1m,,,,5040,1000_1130,pdl_sweep,1,EXPIRED,,,1.5,2026-02-12
B,NQH6,LONG,1.0,24584.5,24584.25,1771339860,NQ|NQH6|PDL|2026-02-17|1771339800,24568.5,1771339860,300,{},True,False,STOP_HIT,10.0,-16.0,-16.2,-1.0125,-1.0,0,close_1m,1771339860,16.0,320.0,1200,0930_1000,pdl_sweep,1,ENTERED,24568.5,24608.5,1.5,2026-02-17
B,NQH6,SHORT,1.0,24886.75,24887.0,1771426500,NQ|NQH6|PDH|2026-02-18|1771426440,24894.75,1771426500,300,{},True,False,STOP_HIT,4.75,-8.0,-8.2,-1.025,-1.0,0,close_1m,1771426500,8.0,160.0,1440,0930_1000,pdh_sweep,1,ENTERED,24894.75,24874.75,1.5,2026-02-18
B,NQH6,LONG,1.0,24767.75,24767.5,1771525260,NQ|NQH6|PDL|2026-02-19|1771525200,24796.25,1771525500,300,{},True,False,TARGET_HIT,3.0,28.5,28.3,1.4894736842105263,1.5,0,close_1m,1771525260,19.0,380.0,13800,1130_1330,pdl_sweep,1,ENTERED,24748.75,24796.25,1.5,2026-02-19
B,NQH6,LONG,1.0,24682.75,24682.5,1771862940,NQ|NQH6|PDL|2026-02-23|1771862880,24674.0,1771862940,300,{},True,False,STOP_HIT,4.25,-8.75,-8.95,-1.0228571428571427,-1.0,0,close_1m,1771862940,8.75,175.0,5880,1000_1130,pdl_sweep,1,ENTERED,24674.0,24695.875,1.5,2026-02-23
B,NQH6,SHORT,1.0,25033.0,25033.25,1771949700,NQ|NQH6|PDH|2026-02-24|1771949580,25011.25,1771950000,300,{},True,False,TARGET_HIT,7.25,21.75,21.55,1.486206896551724,1.5,60,close_1m,1771949700,14.5,290.0,6180,1000_1130,pdh_sweep,1,ENTERED,25047.5,25011.25,1.5,2026-02-24
B,NQH6,LONG,1.0,24828.75,24828.5,1772732940,NQ|NQH6|PDL|2026-03-05|1772732880,24818.75,1772732940,300,{},True,False,STOP_HIT,7.0,-10.0,-10.2,-1.02,-1.0,0,close_1m,1772732940,10.0,200.0,11880,1130_1330,pdl_sweep,1,ENTERED,24818.75,24843.75,1.5,2026-03-05
B,NQH6,SHORT,1.0,25046.25,25046.5,1773149460,NQ|NQH6|PDH|2026-03-10|1773149400,25066.75,1773149460,300,{},True,True,STOP_HIT,8.5,-20.5,-20.7,-1.0097560975609756,-1.0,0,close_1m,1773149460,20.5,410.0,0,0930_1000,pdh_sweep,1,ENTERED,25066.75,25015.5,1.5,2026-03-10
B,NQH6,LONG,1.0,24561.75,24561.5,1773413640,NQ|NQH6|PDL|2026-03-13|1773413580,24539.5,1773413700,300,{},True,False,STOP_HIT,3.0,-22.25,-22.45,-1.0089887640449438,-1.0,0,close_1m,1773413640,22.25,445.0,4980,1000_1130,pdl_sweep,1,ENTERED,24539.5,24595.125,1.5,2026-03-13
B,NQH6,SHORT,1.0,24770.0,24770.25,1773688260,NQ|NQH6|PDH|2026-03-16|1773688200,,,300,{},True,False,,11.0,,,,,0,close_1m,1773688260,46.5,930.0,20400,1330_1530,pdh_sweep,1,REJECT_STOP_TOO_WIDE,24816.5,,1.5,2026-03-16
B,NQM6,LONG,1.0,24330.75,24330.5,1774015020,NQ|NQM6|PDL|2026-03-20|1774014960,24325.0,1774015020,300,{},True,False,STOP_HIT,1.5,-5.75,-5.95,-1.0347826086956522,-1.0,0,close_1m,1774015020,5.75,115.0,1560,0930_1000,pdl_sweep,1,ENTERED,24325.0,24339.375,1.5,2026-03-20
B,NQM6,LONG,1.0,23274.5,23274.25,1774881900,NQ|NQM6|PDL|2026-03-30|1774881840,23293.25,1774881960,300,{},True,False,TARGET_HIT,6.75,18.75,18.55,1.484,1.5,0,close_1m,1774881900,12.5,250.0,4440,1000_1130,pdl_sweep,1,ENTERED,23262.0,23293.25,1.5,2026-03-30
B,NQM6,SHORT,1.0,23529.0,23529.25,1774965420,NQ|NQM6|PDH|2026-03-31|1774965180,23544.0,1774965480,300,{},True,False,STOP_HIT,5.5,-15.0,-15.2,-1.0133333333333332,-1.0,180,close_1m,1774965420,15.0,300.0,1380,0930_1000,pdh_sweep,1,ENTERED,23544.0,23506.5,1.5,2026-03-31
B,NQM6,LONG,1.0,24214.0,24213.75,1775568720,NQ|NQM6|PDL|2026-04-07|1775568660,24238.375,1775568720,300,{},True,False,TARGET_HIT,4.75,24.375,24.175,1.4876923076923076,1.5,0,close_1m,1775568720,16.25,325.0,60,0930_1000,pdl_sweep,1,ENTERED,24197.75,24238.375,1.5,2026-04-07
B,NQM6,SHORT,1.0,25236.5,25236.75,1775750700,NQ|NQM6|PDH|2026-04-09|1775750580,25192.25,1775752560,300,{},True,False,TARGET_HIT,16.0,44.25,44.05,1.4932203389830507,1.5,60,close_1m,1775750700,29.5,590.0,9180,1130_1330,pdh_sweep,1,ENTERED,25266.0,25192.25,1.5,2026-04-09
B,NQM6,LONG,1.0,25229.5,25229.25,1776087060,NQ|NQM6|PDL|2026-04-13|1776087000,25215.5,1776087060,300,{},True,True,STOP_HIT,6.5,-14.0,-14.2,-1.0142857142857142,-1.0,0,close_1m,1776087060,14.0,280.0,0,0930_1000,pdl_sweep,1,ENTERED,25215.5,25250.5,1.5,2026-04-13
B,NQM6,LONG,1.0,26658.75,26658.5,1776696720,NQ|NQM6|PDL|2026-04-20|1776696660,,,300,{},True,False,,18.25,,,,,0,close_1m,1776696720,47.75,955.0,4860,1000_1130,pdl_sweep,1,REJECT_STOP_TOO_WIDE,26611.0,,1.5,2026-04-20
B,NQM6,SHORT,1.0,26820.75,26821.0,1776779940,NQ|NQM6|PDH|2026-04-21|1776779880,26830.5,1776779940,300,{},True,False,STOP_HIT,2.5,-9.75,-9.95,-1.0205128205128204,-1.0,0,close_1m,1776779940,9.75,195.0,1680,0930_1000,pdh_sweep,1,ENTERED,26830.5,26806.125,1.5,2026-04-21
B,NQM6,SHORT,1.0,26868.5,26868.75,1776864660,NQ|NQM6|PDH|2026-04-22|1776864600,26831.75,1776864720,300,{},True,True,TARGET_HIT,7.5,36.75,36.55,1.4918367346938775,1.5,0,close_1m,1776864660,24.5,490.0,0,0930_1000,pdh_sweep,1,ENTERED,26893.0,26831.75,1.5,2026-04-22
B,NQM6,SHORT,1.0,27088.5,27088.75,1776952140,NQ|NQM6|PDH|2026-04-23|1776952080,27066.75,1776952200,300,{},True,False,TARGET_HIT,9.75,21.75,21.55,1.486206896551724,1.5,0,close_1m,1776952140,14.5,290.0,1080,0930_1000,pdh_sweep,1,ENTERED,27103.0,27066.75,1.5,2026-04-23
B,NQM6,SHORT,1.0,27246.25,27246.5,1777472760,NQ|NQM6|PDH|2026-04-29|1777472700,27253.0,1777472760,300,{},True,False,STOP_HIT,0.75,-6.75,-6.95,-1.0296296296296297,-1.0,0,close_1m,1777472760,6.75,135.0,3300,1000_1130,pdh_sweep,1,ENTERED,27253.0,27236.125,1.5,2026-04-29
B,NQM6,SHORT,1.0,,,,NQ|NQM6|PDH|2026-05-04|1777905600,,,300,{},True,False,,1.0,,,,,,close_1m,,,,4200,1000_1130,pdh_sweep,1,EXPIRED,,,1.5,2026-05-04
B,NQM6,SHORT,1.0,,,,NQ|NQM6|PDH|2026-05-11|1778506200,,,300,{},True,True,,5.0,,,,,,close_1m,,,,0,0930_1000,pdh_sweep,1,EXPIRED,,,1.5,2026-05-11
B,NQM6,SHORT,1.0,29290.75,29291.0,1778683980,NQ|NQM6|PDH|2026-05-13|1778683920,29297.5,1778683980,300,{},True,False,STOP_HIT,1.25,-6.75,-6.95,-1.0296296296296297,-1.0,0,close_1m,1778683980,6.75,135.0,4920,1000_1130,pdh_sweep,1,ENTERED,29297.5,29280.625,1.5,2026-05-13
B,NQM6,SHORT,1.0,29563.5,29563.75,1778765760,NQ|NQM6|PDH|2026-05-14|1778765700,29571.0,1778765760,300,{},True,False,STOP_HIT,5.25,-7.5,-7.7,-1.0266666666666666,-1.0,0,close_1m,1778765760,7.5,150.0,300,0930_1000,pdh_sweep,1,ENTERED,29571.0,29552.25,1.5,2026-05-14
B,NQM6,LONG,1.0,29092.0,29091.75,1779114780,NQ|NQM6|PDL|2026-05-18|1779114720,,1779114780,300,{},True,False,AMBIGUOUS,1.5,,,,,0,close_1m,1779114780,4.0,80.0,3720,1000_1130,pdl_sweep,1,ENTERED,29088.0,29098.0,1.5,2026-05-18
B,NQM6,SHORT,1.0,29111.0,29111.25,1779283920,NQ|NQM6|PDH|2026-05-20|1779283860,29135.75,1779283920,300,{},True,False,STOP_HIT,9.0,-24.75,-24.95,-1.0080808080808081,-1.0,0,close_1m,1779283920,24.75,495.0,60,0930_1000,pdh_sweep,1,ENTERED,29135.75,29073.875,1.5,2026-05-20
B,NQM6,SHORT,1.0,30529.0,30529.25,1780327860,NQ|NQM6|PDH|2026-06-01|1780327800,30540.25,1780327980,300,{},True,False,STOP_HIT,4.0,-11.25,-11.45,-1.0177777777777777,-1.0,0,close_1m,1780327860,11.25,225.0,7200,1130_1330,pdh_sweep,1,ENTERED,30540.25,30512.125,1.5,2026-06-01
B,NQM6,SHORT,1.0,30688.25,30688.5,1780415820,NQ|NQM6|PDH|2026-06-02|1780415760,30697.25,1780415880,300,{},True,False,STOP_HIT,4.0,-9.0,-9.2,-1.0222222222222221,-1.0,0,close_1m,1780415820,9.0,180.0,8760,1130_1330,pdh_sweep,1,ENTERED,30697.25,30674.75,1.5,2026-06-02
B,NQM6,SHORT,1.0,29727.25,29727.5,1781011860,NQ|NQM6|PDH|2026-06-09|1781011800,29695.75,1781011860,300,{},True,True,TARGET_HIT,5.0,31.5,31.3,1.4904761904761905,1.5,0,close_1m,1781011860,21.0,420.0,0,0930_1000,pdh_sweep,1,ENTERED,29748.25,29695.75,1.5,2026-06-09
B,NQM6,SHORT,1.0,29245.5,29245.75,1781199240,NQ|NQM6|PDH|2026-06-11|1781199180,,1781199240,300,{},True,False,AMBIGUOUS,10.0,,,,,0,close_1m,1781199240,14.75,295.0,14580,1330_1530,pdh_sweep,1,ENTERED,29260.25,29223.375,1.5,2026-06-11
B,NQU6,LONG,1.0,30617.75,30617.5,1781620380,NQ|NQU6|PDL|2026-06-16|1781620320,30601.0,1781620380,300,{},True,False,STOP_HIT,3.5,-16.75,-16.95,-1.0119402985074626,-1.0,0,close_1m,1781620380,16.75,335.0,3720,1000_1130,pdl_sweep,1,ENTERED,30601.0,30642.875,1.5,2026-06-16
B,NQU6,LONG,1.0,30342.0,30341.75,1781707680,NQ|NQU6|PDL|2026-06-17|1781707620,,,300,{},True,False,,17.5,,,,,0,close_1m,1781707680,57.5,1150.0,4620,1000_1130,pdl_sweep,1,REJECT_STOP_TOO_WIDE,30284.5,,1.5,2026-06-17
B,NQU6,LONG,1.0,29587.75,29587.5,1782308940,NQ|NQU6|PDL|2026-06-24|1782308880,29626.375,1782308940,300,{},True,False,TARGET_HIT,15.0,38.625,38.425,1.4922330097087377,1.5,0,close_1m,1782308940,25.75,515.0,1080,0930_1000,pdl_sweep,1,ENTERED,29562.0,29626.375,1.5,2026-06-24
B,NQU6,LONG,1.0,29335.0,29334.75,1782480660,NQ|NQU6|PDL|2026-06-26|1782480600,,,300,{},True,True,,3.75,,,,,0,close_1m,1782480660,43.25,865.0,0,0930_1000,pdl_sweep,1,REJECT_STOP_TOO_WIDE,29291.75,,1.5,2026-06-26
B,NQU6,LONG,1.0,29253.0,29252.75,1783517460,NQ|NQU6|PDL|2026-07-08|1783517400,,,300,{},True,True,,9.0,,,,,0,close_1m,1783517460,52.25,1045.0,0,0930_1000,pdl_sweep,1,REJECT_STOP_TOO_WIDE,29200.75,,1.5,2026-07-08
B,NQU6,SHORT,1.0,29992.25,29992.5,1783700160,NQ|NQU6|PDH|2026-07-10|1783700100,29998.25,1783700160,300,{},True,False,STOP_HIT,4.5,-6.0,-6.2,-1.0333333333333334,-1.0,0,close_1m,1783700160,6.0,120.0,9900,1130_1330,pdh_sweep,1,ENTERED,29998.25,29983.25,1.5,2026-07-10
B,NQU6,LONG,1.0,29407.5,29407.25,1784209140,NQ|NQU6|PDL|2026-07-16|1784209080,29395.5,1784209140,300,{},True,False,STOP_HIT,1.25,-12.0,-12.2,-1.0166666666666666,-1.0,0,close_1m,1784209140,12.0,240.0,480,0930_1000,pdl_sweep,1,ENTERED,29395.5,29425.5,1.5,2026-07-16
B,NQU6,SHORT,1.0,,,,NQ|NQU6|PDH|2026-07-20|1784554200,,,300,{},True,True,,18.0,,,,,,close_1m,,,,0,0930_1000,pdh_sweep,1,EXPIRED,,,1.5,2026-07-20
B,NQU6,LONG,1.0,28246.75,28246.5,1785162120,NQ|NQU6|PDL|2026-07-27|1785162060,28210.75,1785162120,300,{},True,False,STOP_HIT,1.5,-36.0,-36.2,-1.0055555555555555,-1.0,0,close_1m,1785162120,36.0,720.0,3060,1000_1130,pdl_sweep,1,ENTERED,28210.75,28300.75,1.5,2026-07-27
B,NQU6,LONG,1.0,27945.75,27945.5,1785245460,NQ|NQU6|PDL|2026-07-28|1785245400,27928.5,1785245460,300,{},True,True,STOP_HIT,10.25,-17.25,-17.45,-1.0115942028985507,-1.0,0,close_1m,1785245460,17.25,345.0,0,0930_1000,pdl_sweep,1,ENTERED,27928.5,27971.625,1.5,2026-07-28
B,NQU6,SHORT,1.0,28092.75,28093.0,1785419520,NQ|NQU6|PDH|2026-07-30|1785419400,28059.375,1785419520,300,{},True,False,TARGET_HIT,15.25,33.375,33.175,1.491011235955056,1.5,60,close_1m,1785419520,22.25,445.0,1200,0930_1000,pdh_sweep,1,ENTERED,28115.0,28059.375,1.5,2026-07-30
B,NQU6,SHORT,1.0,28716.75,28717.0,1785768000,NQ|NQU6|PDH|2026-08-03|1785767940,28733.25,1785768060,300,{},True,False,STOP_HIT,7.25,-16.5,-16.7,-1.012121212121212,-1.0,0,close_1m,1785768000,16.5,330.0,4140,1000_1130,pdh_sweep,1,ENTERED,28733.25,28692.0,1.5,2026-08-03
B,NQU6,SHORT,1.0,29858.0,29858.25,1786370820,NQ|NQU6|PDH|2026-08-10|1786370760,29861.5,1786370820,300,{},True,False,STOP_HIT,1.0,-3.5,-3.7,-1.0571428571428572,-1.0,0,close_1m,1786370820,3.5,70.0,2160,1000_1130,pdh_sweep,1,ENTERED,29861.5,29852.75,1.5,2026-08-10
B,NQU6,SHORT,1.0,30265.5,30265.75,1786715160,NQ|NQU6|PDH|2026-08-14|1786715100,30250.5,1786715160,300,{},True,False,TARGET_HIT,2.5,15.0,14.8,1.48,1.5,0,close_1m,1786715160,10.0,200.0,900,0930_1000,pdh_sweep,1,ENTERED,30275.5,30250.5,1.5,2026-08-14
