age_bucket,close_with_trend,continue_extreme,depth_bucket,htf_age,htf_return,htf_strength,mae_after_tag,mfe_after_tag,retracement,side,tag_hhmm,trading_date,year
new_1,True,True,medium,1,0.0034021320027217694,weak,45.75,36.5,0.544,BULLISH,09:55,2020-01-02,2020
new_1,True,True,shallow,1,0.009089869654699267,strong,20.5,36.25,0.38545454545454544,BULLISH,09:55,2020-01-03,2020
new_1,True,True,shallow,1,0.005773408025608884,medium,4.25,65.5,0.3089430894308943,BULLISH,09:55,2020-01-06,2020
new_1,True,True,medium,1,-0.0033161079945837058,weak,2.75,50.5,0.4701492537313433,BEARISH,11:55,2020-01-10,2020
new_1,True,True,shallow,1,0.0030529266464989213,weak,2.5,49.25,0.27380952380952384,BULLISH,10:55,2020-01-13,2020
new_1,True,True,medium,1,-0.003828779197884491,weak,53.75,6.25,0.484472049689441,BEARISH,09:55,2020-01-14,2020
new_1,False,True,shallow,1,0.003258048484179099,weak,57.75,15.25,0.2748091603053435,BULLISH,10:00,2020-01-15,2020
new_1,True,False,shallow,1,0.00483835495931384,medium,0.0,0.0,0.25,BULLISH,15:55,2020-01-16,2020
new_1,False,True,medium,1,-0.002507768631085483,weak,31.75,22.5,0.4084507042253521,BEARISH,11:00,2020-01-17,2020
new_1,True,True,shallow,1,0.004298543423502332,medium,18.25,29.5,0.2857142857142857,BULLISH,09:55,2020-01-21,2020
new_1,True,False,medium,1,-0.003249918752031178,weak,0.0,0.0,0.5407407407407407,BEARISH,15:55,2020-01-22,2020
new_1,True,True,shallow,1,0.0024211757664789335,weak,3.0,21.75,0.32954545454545453,BULLISH,13:55,2020-01-23,2020
new_1,True,True,medium,1,-0.0042015675078779235,medium,12.5,133.75,0.4044943820224719,BEARISH,10:55,2020-01-24,2020
new_1,True,True,shallow,1,-0.004155957784218289,medium,52.5,33.25,0.39378238341968913,BEARISH,09:55,2020-01-29,2020
new_1,True,True,medium,1,0.004783498313333023,medium,60.25,54.75,0.49603174603174605,BULLISH,09:55,2020-01-30,2020
new_1,True,True,shallow,1,-0.0031119482433871193,weak,-6.5,163.75,0.37142857142857144,BEARISH,09:55,2020-01-31,2020
new_1,True,True,shallow,1,-0.004660646664724766,medium,11.25,79.0,0.35798816568047337,BEARISH,09:55,2020-02-05,2020
new_1,True,False,shallow,1,0.00441113945578242,medium,13.5,10.25,0.29646017699115046,BULLISH,13:20,2020-02-06,2020
new_1,False,False,shallow,1,0.0025987112513590205,weak,66.25,10.75,0.31100478468899523,BULLISH,11:55,2020-02-07,2020
new_1,True,True,shallow,1,0.002972399150743099,weak,3.25,60.25,0.25063291139240507,BULLISH,11:10,2020-02-10,2020
new_1,False,False,medium,1,0.004500026162942872,medium,97.25,9.5,0.5038167938931297,BULLISH,10:55,2020-02-11,2020
new_1,True,True,shallow,1,0.0034485461243043414,weak,6.75,21.75,0.36585365853658536,BULLISH,11:55,2020-02-12,2020
new_1,False,True,deep,1,-0.0031636542800093093,weak,32.0,22.25,0.6363636363636364,BEARISH,09:55,2020-02-14,2020
new_1,True,True,shallow,1,0.004291623578076553,medium,6.0,37.25,0.3611111111111111,BULLISH,09:55,2020-02-19,2020
new_1,False,True,shallow,1,0.004017820537349337,medium,137.75,19.0,0.3556851311953353,BULLISH,09:55,2020-02-24,2020
new_1,True,False,deep,1,-0.042467842461212046,strong,320.25,118.0,0.7317979197622585,BEARISH,09:55,2020-03-16,2020
new_1,False,True,shallow,1,-0.015755820115165853,strong,571.75,30.0,0.25891829689298046,BEARISH,09:55,2020-03-17,2020
new_1,True,True,shallow,1,0.021729129065364283,strong,407.75,106.75,0.26063829787234044,BULLISH,09:55,2020-03-18,2020
new_1,False,True,medium,1,0.00864458228850462,strong,238.25,40.5,0.41081081081081083,BULLISH,10:55,2020-04-01,2020
new_1,False,True,deep,1,-0.002567801500288569,weak,142.75,51.0,0.6516129032258065,BEARISH,09:55,2020-04-16,2020
new_1,True,True,shallow,1,0.00791976182906029,medium,19.0,97.25,0.3395348837209302,BULLISH,09:55,2020-05-04,2020
new_1,False,True,shallow,1,0.003445688720927098,weak,68.75,28.75,0.3617021276595745,BULLISH,10:55,2020-05-06,2020
new_1,False,False,shallow,1,-0.003552251135894302,weak,79.5,-0.75,0.36444444444444446,BEARISH,10:55,2020-05-07,2020
new_1,False,True,medium,1,0.005984328037784481,medium,69.75,44.75,0.46445497630331756,BULLISH,09:55,2020-05-19,2020
new_1,True,True,shallow,1,0.0047870801441385336,medium,14.75,55.5,0.39037433155080214,BULLISH,09:55,2020-06-01,2020
new_1,False,False,shallow,1,0.007198715624838092,medium,151.75,17.0,0.31020408163265306,BULLISH,09:55,2020-06-04,2020
new_1,False,True,deep,1,-0.0028786875222907016,weak,111.5,38.25,0.6459627329192547,BEARISH,09:55,2020-06-08,2020
new_1,True,True,medium,1,0.002174891255437128,weak,3.5,97.0,0.539622641509434,BULLISH,10:55,2020-06-22,2020
new_1,True,True,medium,1,0.002379959270800036,weak,37.75,82.75,0.46464646464646464,BULLISH,10:55,2020-06-23,2020
new_1,False,False,medium,1,-0.0053748656283593155,medium,146.0,19.5,0.5560538116591929,BEARISH,09:55,2020-06-25,2020
new_1,True,True,shallow,1,-0.007429972509101712,medium,-8.25,195.0,0.36129032258064514,BEARISH,09:55,2020-06-26,2020
new_1,False,False,deep,1,-0.0064177362893815815,medium,147.0,10.25,0.6009280742459396,BEARISH,09:55,2020-06-29,2020
new_1,True,True,shallow,1,0.004985219700385901,medium,10.25,142.25,0.2719298245614035,BULLISH,09:55,2020-06-30,2020
new_1,True,True,medium,1,0.004176311958570933,medium,9.0,95.0,0.4517766497461929,BULLISH,09:55,2020-07-06,2020
new_1,True,True,shallow,1,0.008612917002799758,strong,114.75,22.25,0.38427947598253276,BULLISH,09:55,2020-07-08,2020
new_1,True,False,medium,1,-0.0020254834075225103,weak,76.5,13.5,0.5497630331753555,BEARISH,10:55,2020-07-17,2020
new_1,False,False,deep,1,-0.00797878693772247,medium,149.25,7.5,0.7489082969432315,BEARISH,09:55,2020-07-24,2020
new_1,True,True,shallow,1,0.0049361139321224545,medium,54.25,47.0,0.252212389380531,BULLISH,10:55,2020-07-29,2020
new_1,False,True,medium,1,-0.00498655697773287,medium,51.5,134.0,0.4038876889848812,BEARISH,09:55,2020-07-31,2020
new_1,True,True,shallow,1,0.005066109318915046,medium,72.25,21.75,0.2682926829268293,BULLISH,09:55,2020-08-04,2020
new_1,True,True,medium,1,-0.003529596906544419,weak,21.5,152.75,0.5463917525773195,BEARISH,09:55,2020-08-10,2020
new_1,True,True,shallow,1,0.005061444611440091,medium,11.0,136.0,0.2647814910025707,BULLISH,10:10,2020-08-20,2020
new_1,True,True,medium,1,0.007306752748211576,medium,38.0,49.25,0.4723127035830619,BULLISH,11:00,2020-08-21,2020
new_1,True,False,shallow,1,-0.0100942991855979,strong,61.0,33.0,0.38522012578616355,BEARISH,11:00,2020-08-24,2020
new_1,True,True,medium,1,-0.016595428731964734,strong,184.5,79.25,0.49538866930171277,BEARISH,09:55,2020-09-02,2020
new_1,True,True,medium,1,0.009572374306673792,strong,111.0,64.25,0.4066666666666667,BULLISH,09:55,2020-09-14,2020
new_1,True,True,shallow,1,0.004621682292354379,medium,26.25,80.0,0.3117782909930716,BULLISH,11:00,2020-10-05,2020
new_1,True,False,medium,1,-0.0024453581475870623,weak,39.0,23.0,0.5432835820895522,BEARISH,11:55,2020-10-08,2020
new_1,True,True,medium,1,-0.009338903907593954,strong,88.75,74.0,0.5242105263157895,BEARISH,09:55,2020-10-13,2020
new_1,True,False,shallow,1,-0.01229347579464124,strong,83.75,42.75,0.2720763723150358,BEARISH,12:40,2020-10-14,2020
new_1,True,True,medium,1,0.008559170843598585,strong,96.5,75.25,0.4128878281622912,BULLISH,10:00,2020-10-15,2020
new_1,True,False,shallow,1,-0.009484862758532109,strong,119.25,20.75,0.3680456490727532,BEARISH,10:55,2020-10-22,2020
new_1,False,False,shallow,1,0.009037447029317747,strong,344.5,-0.75,0.348643006263048,BULLISH,10:00,2020-10-26,2020
new_1,True,True,medium,1,0.0038113488768232173,weak,11.0,113.0,0.5218390804597701,BULLISH,09:55,2020-11-11,2020
new_1,True,True,deep,1,-0.004575992678411689,medium,78.25,10.5,0.6415094339622641,BEARISH,09:55,2020-11-17,2020
new_1,True,True,medium,1,-0.006910332195487423,medium,99.5,27.0,0.4207650273224044,BEARISH,09:55,2020-11-18,2020
new_1,True,True,medium,1,-0.0031658751978671518,weak,50.25,49.75,0.5197368421052632,BEARISH,09:55,2020-11-20,2020
new_1,True,True,deep,1,-0.0032432206226983284,weak,35.0,101.0,0.6333333333333333,BEARISH,10:55,2020-11-23,2020
new_1,True,True,medium,1,0.003831497843473919,weak,-1.75,108.75,0.41721854304635764,BULLISH,10:55,2020-11-24,2020
new_1,False,False,medium,1,-0.007627205057611941,medium,130.5,31.25,0.4479025710419486,BEARISH,10:55,2020-11-30,2020
new_1,True,True,shallow,1,0.004316517740081016,medium,44.5,47.5,0.25069637883008355,BULLISH,12:00,2020-12-01,2020
new_1,False,True,medium,1,-0.0029787318545584363,weak,100.75,49.75,0.5235849056603774,BEARISH,09:55,2020-12-08,2020
new_1,True,True,shallow,1,-0.0026536755386564748,weak,0.5,283.75,0.3861003861003861,BEARISH,11:55,2020-12-09,2020
new_1,True,True,shallow,1,0.0078098266943096295,medium,80.25,19.75,0.2653061224489796,BULLISH,10:10,2020-12-14,2020
new_1,True,False,deep,1,0.0029103494385778195,weak,0.0,0.0,0.7128712871287128,BULLISH,15:55,2020-12-17,2020
new_1,True,True,deep,1,-0.002023257641235121,weak,15.75,107.75,0.656441717791411,BEARISH,10:55,2020-12-22,2020
new_1,True,False,deep,1,-0.003338045868677364,weak,41.5,24.5,0.694980694980695,BEARISH,09:55,2020-12-23,2020
new_1,True,False,medium,1,-0.0024833152258264546,weak,18.75,31.75,0.46078431372549017,BEARISH,10:55,2020-12-30,2020
new_1,False,False,medium,1,-0.004026062433142075,medium,75.75,2.0,0.4444444444444444,BEARISH,11:55,2020-12-31,2020
new_1,True,True,medium,1,-0.004598234123534106,medium,10.75,357.75,0.5794701986754967,BEARISH,09:55,2021-01-04,2021
new_1,True,True,medium,1,0.0075358851674640626,medium,39.0,161.5,0.5304659498207885,BULLISH,09:55,2021-01-06,2021
new_1,True,True,shallow,1,0.013059775103570814,strong,-3.5,121.0,0.2841163310961969,BULLISH,09:55,2021-01-07,2021
new_1,True,True,medium,1,0.004805075360849953,medium,60.25,13.75,0.4911242603550296,BULLISH,09:55,2021-01-22,2021
new_1,False,False,medium,1,0.0036321856120973273,weak,350.5,11.25,0.5682819383259912,BULLISH,09:55,2021-01-25,2021
new_1,True,True,shallow,1,0.006225739306542577,medium,19.75,78.75,0.31671554252199413,BULLISH,10:55,2021-02-02,2021
new_1,True,False,shallow,1,-0.00931510892221421,strong,70.0,24.0,0.3309608540925267,BEARISH,10:55,2021-02-03,2021
new_1,True,True,shallow,1,0.002100176563516465,weak,4.0,53.5,0.2847222222222222,BULLISH,12:55,2021-02-04,2021
new_1,False,True,medium,1,-0.0038627793617217465,weak,99.75,19.25,0.4840182648401826,BEARISH,09:55,2021-02-05,2021
new_1,False,False,medium,1,-0.0027994291360192713,weak,47.25,4.75,0.4412811387900356,BEARISH,13:55,2021-02-08,2021
new_1,True,True,shallow,1,0.0028540065861690778,weak,42.25,31.25,0.324,BULLISH,09:55,2021-02-09,2021
new_1,True,False,medium,1,-0.008470871133457236,strong,87.25,41.75,0.4247787610619469,BEARISH,10:55,2021-02-10,2021
new_1,True,True,shallow,1,0.0020967800751194865,weak,38.75,57.75,0.2581967213114754,BULLISH,12:00,2021-02-12,2021
new_1,True,True,shallow,1,-0.007184712424887052,medium,91.0,73.5,0.271689497716895,BEARISH,11:05,2021-02-22,2021
new_1,True,True,shallow,1,0.008763872942977313,strong,10.75,104.25,0.2554347826086957,BULLISH,10:55,2021-03-01,2021
new_1,False,True,medium,1,-0.004924389298177623,medium,84.75,55.0,0.5714285714285714,BEARISH,09:55,2021-03-30,2021
new_1,True,True,shallow,1,0.005750605326876546,medium,32.0,29.5,0.35714285714285715,BULLISH,09:55,2021-04-01,2021
new_1,False,True,deep,1,-0.003348052700159254,weak,61.0,35.75,0.6130952380952381,BEARISH,09:55,2021-04-12,2021
new_1,True,True,medium,1,0.0027426620168555793,weak,42.75,122.75,0.5431034482758621,BULLISH,09:55,2021-04-21,2021
new_1,True,True,deep,1,-0.0022819563733065262,weak,63.0,180.0,0.6923076923076923,BEARISH,09:55,2021-04-22,2021
new_1,True,True,shallow,1,0.004230287405363242,medium,12.75,143.25,0.32170542635658916,BULLISH,10:00,2021-04-23,2021
new_1,True,True,shallow,1,-0.004121099673523254,medium,28.5,43.0,0.2645161290322581,BEARISH,09:55,2021-04-27,2021
new_1,False,True,deep,1,0.00319506022150029,weak,94.25,10.0,0.6962962962962963,BULLISH,09:55,2021-04-28,2021
new_1,True,True,shallow,1,-0.003975965910103962,weak,14.75,147.5,0.3567567567567568,BEARISH,09:55,2021-04-29,2021
new_1,True,True,medium,1,-0.00208993946382241,weak,27.5,24.5,0.43434343434343436,BEARISH,11:10,2021-05-03,2021
new_1,True,True,shallow,1,-0.009983361064891838,strong,15.5,181.5,0.31186440677966104,BEARISH,10:10,2021-05-10,2021
new_1,True,True,shallow,1,-0.0029049865852530665,weak,13.5,73.75,0.27314814814814814,BEARISH,10:55,2021-05-21,2021
new_1,True,True,medium,1,-0.004811196967487996,medium,34.5,45.25,0.5223880597014925,BEARISH,09:55,2021-05-25,2021
new_1,False,False,shallow,1,0.0025521365028438048,weak,68.75,6.5,0.25416666666666665,BULLISH,12:30,2021-05-28,2021
new_1,True,False,shallow,1,-0.008845369831100736,strong,62.5,3.5,0.25625,BEARISH,11:10,2021-06-01,2021
new_1,True,True,medium,1,0.0021234074444167472,weak,3.0,69.25,0.40106951871657753,BULLISH,12:55,2021-06-14,2021
new_1,False,True,medium,1,0.0032957440364846935,weak,249.25,16.25,0.42953020134228187,BULLISH,09:55,2021-06-16,2021
new_1,True,True,deep,1,0.002856692195797317,weak,73.75,9.5,0.6558139534883721,BULLISH,09:55,2021-06-23,2021
new_1,True,True,deep,1,0.002056178992123847,weak,49.25,45.5,0.6643835616438356,BULLISH,09:55,2021-06-24,2021
new_1,True,True,deep,1,-0.002972052280311499,weak,31.5,28.0,0.6567164179104478,BEARISH,09:55,2021-06-25,2021
new_1,True,True,shallow,1,0.005374380380902766,medium,0.0,68.75,0.3333333333333333,BULLISH,09:55,2021-06-28,2021
new_1,True,True,deep,1,0.0023291523610704523,weak,9.25,40.0,0.6915887850467289,BULLISH,11:55,2021-06-29,2021
new_1,True,False,shallow,1,-0.00473191432035569,medium,53.25,37.5,0.3810344827586207,BEARISH,10:55,2021-07-07,2021
new_1,True,False,shallow,1,0.005581458666575889,medium,1.75,24.5,0.2545126353790614,BULLISH,14:20,2021-07-09,2021
new_1,True,True,shallow,1,0.002171756900030797,weak,9.0,134.25,0.2536231884057971,BULLISH,11:00,2021-07-20,2021
new_1,True,True,medium,1,0.0020373457257834016,weak,27.5,51.0,0.5525114155251142,BULLISH,09:55,2021-07-22,2021
new_1,True,False,shallow,1,0.0029005204362382297,weak,36.75,4.0,0.28205128205128205,BULLISH,12:10,2021-07-26,2021
new_1,True,False,medium,1,0.004408081482718318,medium,116.75,22.5,0.5180327868852459,BULLISH,10:55,2021-07-28,2021
new_1,True,True,shallow,1,0.0033323891564056574,weak,33.0,29.75,0.34545454545454546,BULLISH,09:55,2021-07-29,2021
new_1,True,False,shallow,1,0.005972710601140685,medium,66.75,2.75,0.28603603603603606,BULLISH,10:00,2021-07-30,2021
new_1,True,True,medium,1,-0.004338070306656672,medium,75.5,43.75,0.4483695652173913,BEARISH,09:55,2021-08-02,2021
new_1,False,True,shallow,1,-0.0043420898812605024,medium,142.75,55.75,0.3716012084592145,BEARISH,09:55,2021-08-03,2021
new_1,True,True,deep,1,0.002345387404770527,weak,2.5,43.25,0.6666666666666666,BULLISH,12:55,2021-08-04,2021
new_1,True,False,shallow,1,0.0027308838133068836,weak,29.75,0.25,0.3333333333333333,BULLISH,11:00,2021-08-05,2021
new_1,True,False,shallow,1,-0.0069514389974076884,medium,51.0,14.5,0.275,BEARISH,11:20,2021-08-10,2021
new_1,False,True,deep,1,-0.002348434377081987,weak,115.75,33.5,0.75,BEARISH,09:55,2021-08-12,2021
new_1,True,False,deep,1,0.002287760481424428,weak,22.5,12.25,0.6398104265402843,BULLISH,10:55,2021-08-13,2021
new_1,False,True,shallow,1,0.002067700516925175,weak,155.25,13.75,0.3056768558951965,BULLISH,09:55,2021-08-18,2021
new_1,True,True,shallow,1,0.00941862040926944,strong,39.75,102.0,0.306,BULLISH,10:55,2021-08-19,2021
new_1,True,True,shallow,1,0.004890945142101755,medium,7.75,107.75,0.36231884057971014,BULLISH,10:00,2021-08-23,2021
new_1,True,True,medium,1,-0.0026406728825715264,weak,54.75,41.25,0.45353159851301117,BEARISH,10:55,2021-08-26,2021
new_1,True,True,shallow,1,0.004779381779626446,medium,14.5,48.0,0.2720156555772994,BULLISH,11:05,2021-08-27,2021
new_1,True,True,shallow,1,0.005308388224441352,medium,8.0,72.5,0.3245382585751979,BULLISH,10:00,2021-08-30,2021
new_1,False,False,deep,1,0.003956241090449009,weak,60.5,19.0,0.6014492753623188,BULLISH,09:55,2021-09-01,2021
new_1,True,True,shallow,1,-0.002379089559149894,weak,6.0,68.25,0.2965779467680608,BEARISH,12:55,2021-09-02,2021
new_1,True,True,shallow,1,0.0024827807144001124,weak,2.75,23.5,0.26280623608017817,BULLISH,12:55,2021-09-03,2021
new_1,True,True,shallow,1,0.0025103933482570895,weak,41.75,27.25,0.37362637362637363,BULLISH,10:55,2021-09-07,2021
new_1,False,True,medium,1,-0.004682967932202242,medium,158.5,48.25,0.4406779661016949,BEARISH,09:55,2021-09-15,2021
new_1,False,True,medium,1,-0.0030730413404930212,weak,123.0,50.75,0.4908256880733945,BEARISH,09:55,2021-09-16,2021
new_1,True,True,shallow,1,-0.004781365596782217,medium,7.75,80.0,0.26277372262773724,BEARISH,11:15,2021-09-17,2021
new_1,True,True,shallow,1,0.0038485145065774162,weak,38.5,98.25,0.2631578947368421,BULLISH,10:55,2021-09-22,2021
new_1,True,True,shallow,1,-0.007092922386079503,medium,-7.5,225.75,0.31078610603290674,BEARISH,09:55,2021-10-04,2021
new_1,True,True,medium,1,0.0026818869481501917,weak,-4.25,173.75,0.47790055248618785,BULLISH,09:55,2021-10-05,2021
new_1,True,True,shallow,1,0.004399073172369761,medium,72.25,46.25,0.39322033898305087,BULLISH,09:55,2021-10-07,2021
new_1,False,False,shallow,1,0.00742398047391446,medium,148.5,24.5,0.28187919463087246,BULLISH,10:40,2021-10-11,2021
new_1,True,True,shallow,1,0.004445697792080594,medium,12.25,155.0,0.3649122807017544,BULLISH,09:55,2021-10-18,2021
new_1,True,True,shallow,1,0.00415878400417502,medium,14.0,27.25,0.33088235294117646,BULLISH,14:25,2021-10-19,2021
new_1,True,False,shallow,1,-0.003342799188640999,weak,31.25,-1.25,0.3746898263027295,BEARISH,13:55,2021-10-20,2021
new_1,True,True,shallow,1,0.0055236015837583086,medium,24.5,51.0,0.2947103274559194,BULLISH,11:15,2021-10-21,2021
new_1,True,True,deep,1,-0.002751298774862798,weak,10.0,131.0,0.6621621621621622,BEARISH,10:55,2021-10-22,2021
new_1,True,True,medium,1,0.0030214424951267027,weak,2.75,104.75,0.40425531914893614,BULLISH,11:55,2021-10-25,2021
new_1,False,True,medium,1,0.0025803349627373517,weak,136.0,62.0,0.5761316872427984,BULLISH,09:55,2021-10-26,2021
new_1,True,True,shallow,1,0.007747193454346268,medium,79.75,75.5,0.3,BULLISH,09:55,2021-10-27,2021
new_1,True,True,medium,1,0.0025681926942096034,weak,25.75,46.25,0.44761904761904764,BULLISH,10:55,2021-10-28,2021
new_1,True,True,shallow,1,0.003471166919939206,weak,15.5,154.25,0.3722627737226277,BULLISH,09:55,2021-10-29,2021
new_1,True,True,medium,1,0.005831087576631422,medium,26.75,59.0,0.48048780487804876,BULLISH,10:05,2021-11-02,2021
new_1,True,True,shallow,1,0.00772267301607199,medium,9.75,48.5,0.25766871165644173,BULLISH,15:00,2021-11-03,2021
new_1,True,True,shallow,1,0.0032730192058296748,weak,10.5,122.25,0.30434782608695654,BULLISH,10:00,2021-11-04,2021
new_1,False,False,deep,1,0.004064295318420674,medium,136.5,11.0,0.6363636363636364,BULLISH,11:55,2021-11-05,2021
new_1,True,True,deep,1,-0.008296789768820534,strong,60.5,66.0,0.6437587657784011,BEARISH,09:55,2021-11-09,2021
new_1,True,True,medium,1,-0.0034143994536960376,weak,25.5,49.0,0.5047318611987381,BEARISH,12:55,2021-11-11,2021
new_1,False,False,deep,1,-0.0024285069352554256,weak,193.0,-10.5,0.6190476190476191,BEARISH,09:55,2021-11-12,2021
new_1,True,True,medium,1,0.0036187059260175403,weak,29.75,99.25,0.48677248677248675,BULLISH,09:55,2021-11-16,2021
new_1,False,False,medium,1,0.004428032972757734,medium,73.5,4.25,0.5076923076923077,BULLISH,12:05,2021-11-17,2021
new_1,False,False,deep,1,-0.0024695121951219257,weak,143.75,26.25,0.6534391534391535,BEARISH,10:55,2021-11-18,2021
new_1,True,True,medium,1,0.004110127232615168,medium,79.0,16.0,0.5373134328358209,BULLISH,09:55,2021-11-19,2021
new_1,False,True,shallow,1,0.005335858471990473,medium,337.25,23.25,0.3068893528183716,BULLISH,10:00,2021-11-22,2021
new_1,False,False,shallow,1,0.004487051869094483,medium,279.5,-21.75,0.2792022792022792,BULLISH,09:55,2021-11-23,2021
new_1,True,True,shallow,1,0.005047377221774951,medium,14.0,99.25,0.27416173570019725,BULLISH,10:05,2021-12-07,2021
new_1,True,True,deep,1,-0.007289029857574181,medium,38.5,186.5,0.7377622377622378,BEARISH,09:55,2021-12-13,2021
new_1,False,True,shallow,1,-0.0036638100479597924,weak,429.25,100.25,0.3869047619047619,BEARISH,09:55,2021-12-15,2021
new_1,True,False,deep,1,0.0040630821609815015,medium,138.25,21.0,0.6749226006191951,BULLISH,09:55,2021-12-20,2021
new_1,True,True,deep,1,0.002929197994987476,weak,57.25,150.5,0.6090909090909091,BULLISH,09:55,2021-12-22,2021
new_1,False,False,shallow,1,0.0022108817783970114,weak,123.0,3.75,0.28532608695652173,BULLISH,12:55,2021-12-30,2021
new_1,True,True,medium,1,-0.0026649610915681077,weak,24.25,58.0,0.5324074074074074,BEARISH,11:55,2021-12-31,2021
new_1,False,False,medium,1,-0.00674184662679389,medium,181.5,-21.75,0.5412087912087912,BEARISH,09:55,2022-01-03,2022
new_1,True,True,medium,1,-0.005137270900382296,medium,-14.0,321.25,0.4053030303030303,BEARISH,09:55,2022-01-04,2022
new_1,True,True,shallow,1,-0.007211967581848722,medium,-11.5,409.0,0.35046728971962615,BEARISH,09:55,2022-02-23,2022
new_1,True,True,medium,1,0.009996786747116904,strong,148.75,147.75,0.4786729857819905,BULLISH,09:55,2022-02-28,2022
new_1,True,False,shallow,1,-0.010198402010952456,strong,164.0,28.75,0.25217391304347825,BEARISH,11:15,2022-03-04,2022
new_1,True,True,shallow,1,0.0034371800497294824,weak,258.0,188.75,0.3001949317738791,BULLISH,09:55,2022-03-16,2022
new_1,True,True,medium,1,0.008876214241154923,strong,12.0,273.25,0.5284360189573459,BULLISH,09:55,2022-03-18,2022
new_1,False,True,medium,1,-0.004472054012667925,medium,152.0,119.0,0.44761904761904764,BEARISH,09:55,2022-03-21,2022
new_1,True,True,shallow,1,0.011963429969751527,strong,186.5,83.5,0.2783018867924528,BULLISH,09:55,2022-03-28,2022
new_1,True,True,shallow,1,0.008798391151332297,strong,9.25,135.0,0.3530259365994236,BULLISH,10:15,2022-04-04,2022
new_1,False,False,deep,1,0.004916699090941279,medium,525.0,13.0,0.7398190045248869,BULLISH,09:55,2022-04-21,2022
new_1,True,True,shallow,1,-0.005334307636097879,medium,61.5,255.25,0.38070175438596493,BEARISH,10:55,2022-04-22,2022
new_1,False,True,medium,1,-0.008133333333333326,strong,537.0,135.25,0.4388888888888889,BEARISH,09:55,2022-05-04,2022
new_1,True,True,shallow,1,-0.01840433656837359,strong,-8.5,468.5,0.2569906790945406,BEARISH,09:55,2022-05-05,2022
new_1,False,False,shallow,1,0.006150570701993097,medium,180.5,14.25,0.26773455377574373,BULLISH,09:55,2022-06-08,2022
new_1,True,True,shallow,1,-0.013483585200625314,strong,171.25,104.25,0.26422764227642276,BEARISH,10:55,2022-06-13,2022
new_1,True,True,deep,1,-0.006306661411115466,medium,110.75,108.5,0.646551724137931,BEARISH,10:55,2022-06-14,2022
new_1,True,True,shallow,1,0.008647964564437949,strong,-14.25,160.25,0.32342007434944237,BULLISH,09:55,2022-06-24,2022
new_1,True,False,shallow,1,-0.009450974428053094,strong,278.0,36.75,0.2855392156862745,BEARISH,10:10,2022-06-30,2022
new_1,True,True,shallow,1,0.0034287450359149485,weak,158.75,70.0,0.36058700209643607,BULLISH,09:55,2022-07-01,2022
new_1,True,True,medium,1,0.010495602342618371,strong,4.0,160.75,0.4519230769230769,BULLISH,10:00,2022-07-07,2022
new_1,True,False,shallow,1,-0.013898108197809456,strong,110.5,36.25,0.2991128010139417,BEARISH,10:10,2022-07-11,2022
new_1,True,True,shallow,1,0.007217354178949753,medium,12.0,290.5,0.2911392405063291,BULLISH,10:00,2022-07-27,2022
new_1,True,True,shallow,1,0.0037861958390479344,weak,93.25,118.0,0.281496062992126,BULLISH,09:55,2022-08-01,2022
new_1,True,True,shallow,1,0.007062564709362507,medium,78.25,88.5,0.2631578947368421,BULLISH,09:55,2022-08-15,2022
new_1,True,True,shallow,1,-0.006457633445315469,medium,13.75,84.25,0.2674698795180723,BEARISH,10:00,2022-08-19,2022
new_1,True,True,medium,1,-0.003080101777276134,weak,3.75,153.0,0.5819397993311036,BEARISH,09:55,2022-08-22,2022
new_1,True,True,medium,1,0.004271264100025318,medium,21.5,79.5,0.5301587301587302,BULLISH,10:55,2022-08-24,2022
new_1,True,True,medium,1,0.004015257980325204,medium,15.5,111.25,0.5754985754985755,BULLISH,09:55,2022-09-09,2022
new_1,False,True,shallow,1,0.0164750110570544,strong,198.25,46.5,0.27162629757785467,BULLISH,09:55,2022-09-26,2022
new_1,True,True,shallow,1,0.009318389156783624,strong,92.5,58.25,0.3927710843373494,BULLISH,09:55,2022-10-04,2022
new_1,True,True,medium,1,0.014043858652425856,strong,104.75,218.5,0.44642857142857145,BULLISH,09:55,2022-10-21,2022
new_1,True,True,shallow,1,0.017157451267162838,strong,34.0,87.5,0.25671140939597314,BULLISH,10:05,2022-10-25,2022
new_1,True,True,shallow,1,-0.008800035112359605,strong,140.0,92.75,0.3806921675774135,BEARISH,10:00,2022-10-27,2022
new_1,True,True,shallow,1,-0.0072569255839217695,medium,90.5,55.5,0.33222591362126247,BEARISH,09:55,2022-10-31,2022
new_1,False,False,shallow,1,-0.005341144038594092,medium,203.5,-11.25,0.35,BEARISH,09:55,2022-11-22,2022
new_1,True,True,shallow,1,0.006336111583602699,medium,90.75,60.25,0.29024390243902437,BULLISH,09:55,2022-11-23,2022
new_1,True,True,shallow,1,-0.007564231684059397,medium,60.0,113.5,0.33480176211453744,BEARISH,09:55,2022-11-29,2022
new_1,True,True,shallow,1,-0.012863369017898751,strong,10.25,162.5,0.3123844731977819,BEARISH,09:55,2022-12-06,2022
new_1,True,True,medium,1,-0.005310962259651886,medium,109.5,31.0,0.5404040404040404,BEARISH,09:55,2022-12-07,2022
new_1,False,False,deep,1,-0.004006462035541225,medium,132.75,-0.5,0.654054054054054,BEARISH,10:55,2022-12-12,2022
new_1,False,True,shallow,1,0.004874069115555102,medium,280.25,60.25,0.3115727002967359,BULLISH,09:55,2022-12-14,2022
new_1,True,True,shallow,1,-0.011534834762395585,strong,60.0,118.0,0.2533632286995516,BEARISH,10:00,2022-12-19,2022
new_1,True,True,shallow,1,0.011721448467966633,strong,33.75,52.5,0.29797191887675506,BULLISH,11:20,2022-12-21,2022
new_1,False,True,shallow,1,-0.01403817120710249,strong,164.25,22.75,0.30434782608695654,BEARISH,09:55,2022-12-23,2022
new_1,True,True,medium,1,-0.010079308847393276,strong,63.25,69.25,0.6,BEARISH,10:55,2022-12-28,2022
new_1,True,False,deep,1,-0.004109806770963398,medium,103.5,63.5,0.6014705882352941,BEARISH,10:55,2023-01-04,2023
new_1,False,True,shallow,1,0.013462658483042844,strong,113.75,94.5,0.30538922155688625,BULLISH,10:10,2023-01-09,2023
new_1,True,True,shallow,1,0.011377027403423723,strong,-2.0,186.25,0.2880324543610548,BULLISH,10:05,2023-01-23,2023
new_1,True,True,shallow,1,0.006204220529952398,medium,30.75,185.5,0.3408521303258145,BULLISH,09:55,2023-01-27,2023
new_1,True,True,deep,1,-0.0035577395577395254,weak,34.25,307.0,0.6147308781869688,BEARISH,09:55,2023-02-09,2023
new_1,True,True,deep,1,0.005507252224082659,medium,45.0,106.0,0.65748031496063,BULLISH,09:55,2023-02-13,2023
new_1,True,True,shallow,1,0.0042081025824252105,medium,31.75,82.0,0.2863157894736842,BULLISH,12:00,2023-02-15,2023
new_1,False,True,shallow,1,-0.0022658304673275342,weak,79.25,63.75,0.3626666666666667,BEARISH,09:55,2023-02-17,2023
new_1,True,True,deep,1,0.0022939158616916977,weak,11.75,189.75,0.6625386996904025,BULLISH,11:55,2023-03-02,2023
new_1,True,False,shallow,1,0.00624524929638226,medium,93.25,10.25,0.296028880866426,BULLISH,12:00,2023-03-08,2023
new_1,False,True,deep,1,0.004324366441358141,medium,156.25,141.25,0.6325301204819277,BULLISH,09:55,2023-03-23,2023
new_1,True,True,deep,1,-0.005124238615488719,medium,6.75,97.0,0.6584362139917695,BEARISH,10:55,2023-03-27,2023
new_1,True,True,shallow,1,-0.005718762240501385,medium,39.5,57.75,0.3877005347593583,BEARISH,09:55,2023-03-28,2023
new_1,True,True,deep,1,0.0049408652349829385,medium,61.0,78.5,0.7116564417177914,BULLISH,09:55,2023-03-29,2023
new_1,True,True,shallow,1,0.004548581912697802,medium,10.25,163.75,0.2661290322580645,BULLISH,09:55,2023-03-31,2023
new_1,False,True,medium,1,-0.0031201543058129166,weak,87.75,25.25,0.5923076923076923,BEARISH,10:55,2023-04-03,2023
new_1,True,True,medium,1,-0.003999166050681402,weak,27.5,131.5,0.4790697674418605,BEARISH,09:55,2023-04-05,2023
new_1,False,True,medium,1,-0.0036399484340639,weak,53.0,62.25,0.5833333333333334,BEARISH,10:55,2023-04-17,2023
new_1,True,True,medium,1,-0.004171392322331324,medium,24.0,135.5,0.45493562231759654,BEARISH,10:55,2023-04-25,2023
new_1,False,True,medium,1,0.007232326365998354,medium,123.0,25.5,0.42162162162162165,BULLISH,11:55,2023-04-26,2023
new_1,True,True,deep,1,0.005232822690732553,medium,19.25,52.5,0.718213058419244,BULLISH,11:55,2023-04-28,2023
new_1,True,True,shallow,1,0.0032322321193671844,weak,58.75,19.25,0.29333333333333333,BULLISH,13:15,2023-05-01,2023
new_1,True,False,shallow,1,-0.012399023107270368,strong,69.5,38.0,0.26474442988204455,BEARISH,11:45,2023-05-02,2023
new_1,True,True,medium,1,0.005162691457745838,medium,-3.5,168.25,0.4558139534883721,BULLISH,09:55,2023-05-05,2023
new_1,False,True,shallow,1,-0.0033421581328977323,weak,97.75,15.75,0.3333333333333333,BEARISH,09:55,2023-05-08,2023
new_1,False,True,medium,1,-0.005054352875592305,medium,84.5,24.25,0.55,BEARISH,09:55,2023-05-11,2023
new_1,False,True,medium,1,-0.004076162823161589,medium,103.0,25.5,0.4294117647058823,BEARISH,09:55,2023-05-15,2023
new_1,False,False,shallow,1,-0.002349980571026755,weak,190.0,-1.5,0.3888888888888889,BEARISH,09:55,2023-05-17,2023
new_1,True,True,shallow,1,0.0034575489819439476,weak,12.5,188.25,0.311284046692607,BULLISH,09:55,2023-05-18,2023
new_1,True,False,shallow,1,0.00652142495845065,medium,54.0,26.5,0.3670886075949367,BULLISH,10:00,2023-05-22,2023
new_1,True,True,shallow,1,0.00293403657067004,weak,12.5,171.5,0.37790697674418605,BULLISH,10:55,2023-06-01,2023
new_1,True,True,shallow,1,0.002631489012679067,weak,19.25,129.25,0.34134615384615385,BULLISH,11:55,2023-06-12,2023
new_1,True,True,shallow,1,0.002083712315401387,weak,172.75,67.25,0.3981762917933131,BULLISH,10:55,2023-06-14,2023
new_1,True,True,medium,1,0.00620542436828786,medium,17.0,239.5,0.5168195718654435,BULLISH,09:55,2023-06-15,2023
new_1,True,True,shallow,1,0.004160979994008107,medium,22.75,136.5,0.2760084925690021,BULLISH,10:05,2023-06-22,2023
new_1,True,True,medium,1,0.0027820141111800645,weak,70.75,180.5,0.5545023696682464,BULLISH,09:55,2023-06-27,2023
new_1,True,True,deep,1,0.0032574913992255983,weak,48.5,127.75,0.6273885350318471,BULLISH,09:55,2023-06-28,2023
new_1,True,True,shallow,1,0.00694296615304002,medium,49.0,58.75,0.25183374083129584,BULLISH,09:55,2023-07-05,2023
new_1,False,True,shallow,1,0.0037955340858677467,weak,100.75,86.75,0.27555555555555555,BULLISH,09:55,2023-07-07,2023
new_1,True,True,medium,1,0.004020973397240057,medium,46.75,135.25,0.585635359116022,BULLISH,09:55,2023-07-13,2023
new_1,False,True,medium,1,0.007393008508333132,medium,141.5,52.75,0.5175879396984925,BULLISH,10:00,2023-07-14,2023
new_1,False,False,medium,1,-0.0032532137329838173,weak,250.75,26.25,0.5805471124620061,BEARISH,09:55,2023-07-18,2023
new_1,True,True,shallow,1,-0.008417534954838546,strong,58.75,179.25,0.30855018587360594,BEARISH,10:55,2023-07-20,2023
new_1,True,False,shallow,1,-0.004925318060034378,medium,91.75,8.25,0.31398416886543534,BEARISH,09:55,2023-07-24,2023
new_1,True,True,medium,1,0.002720783585672626,weak,59.0,73.25,0.4024767801857585,BULLISH,09:55,2023-07-25,2023
new_1,True,True,medium,1,-0.005774983602885864,medium,147.0,22.5,0.4051724137931034,BEARISH,10:55,2023-07-26,2023
new_1,False,False,deep,1,0.004525459666445242,medium,359.75,13.5,0.6967509025270758,BULLISH,09:55,2023-07-27,2023
new_1,False,True,deep,1,-0.0036982830524211474,weak,31.5,26.75,0.6073059360730594,BEARISH,12:55,2023-07-31,2023
new_1,True,True,shallow,1,0.0032623514899694506,weak,38.0,70.25,0.29239766081871343,BULLISH,11:55,2023-08-03,2023
new_1,True,True,medium,1,-0.004927536231884022,medium,161.75,112.0,0.5209790209790209,BEARISH,09:55,2023-08-04,2023
new_1,True,True,medium,1,0.00502055394568357,medium,124.75,100.25,0.4033412887828162,BULLISH,09:55,2023-08-21,2023
new_1,True,True,medium,1,0.006209403291488558,medium,197.0,100.0,0.5324675324675324,BULLISH,09:55,2023-08-25,2023
new_1,True,True,shallow,1,0.0031106257652471214,weak,-35.5,274.0,0.31806615776081426,BULLISH,09:55,2023-08-29,2023
new_1,True,True,shallow,1,0.006449318699791595,medium,73.5,40.25,0.36633663366336633,BULLISH,09:55,2023-08-31,2023
new_1,True,True,shallow,1,-0.0074401639741127346,medium,24.0,64.5,0.2868525896414343,BEARISH,10:55,2023-09-06,2023
new_1,True,True,medium,1,0.006449177852899668,medium,77.0,58.0,0.5848101265822785,BULLISH,09:55,2023-09-08,2023
new_1,True,True,shallow,1,-0.006709693910153969,medium,71.75,60.25,0.296137339055794,BEARISH,10:55,2023-09-12,2023
new_1,True,True,shallow,1,0.002369288893157906,weak,26.5,61.0,0.3673469387755102,BULLISH,10:55,2023-09-14,2023
new_1,True,True,shallow,1,-0.002564435499577966,weak,28.5,188.5,0.391304347826087,BEARISH,10:55,2023-09-20,2023
new_1,True,True,shallow,1,-0.004464661780810397,medium,33.25,106.25,0.39344262295081966,BEARISH,09:55,2023-09-26,2023
new_1,True,True,shallow,1,-0.005164239756180189,medium,132.75,102.75,0.2711267605633803,BEARISH,10:55,2023-09-27,2023
new_1,True,True,shallow,1,0.0034112895013747035,weak,7.75,183.25,0.28763440860215056,BULLISH,11:00,2023-09-28,2023
new_1,True,True,shallow,1,-0.002437302494453064,weak,70.25,120.5,0.325,BEARISH,09:55,2023-10-05,2023
new_1,True,True,medium,1,0.0035998800039998002,weak,89.5,158.25,0.417910447761194,BULLISH,09:55,2023-10-09,2023
new_1,True,False,medium,1,0.0033793487994864257,weak,139.75,15.0,0.44862155388471175,BULLISH,10:55,2023-10-24,2023
new_1,True,True,shallow,1,-0.006795803887674312,medium,33.25,200.25,0.3412844036697248,BEARISH,09:55,2023-10-25,2023
new_1,False,False,medium,1,0.006459631678453981,medium,163.5,11.75,0.5459057071960298,BULLISH,11:55,2023-10-27,2023
new_1,True,False,shallow,1,0.005059813604117336,medium,144.5,21.25,0.30248306997742663,BULLISH,09:55,2023-10-30,2023
new_1,False,False,shallow,1,-0.0052374180569525475,medium,163.75,18.25,0.3402777777777778,BEARISH,09:55,2023-10-31,2023
new_1,False,False,medium,1,-0.0030724237644584873,weak,44.5,26.0,0.5113636363636364,BEARISH,13:55,2023-11-06,2023
new_1,True,True,medium,1,-0.0025362966816785404,weak,56.75,51.0,0.49137931034482757,BEARISH,11:55,2023-11-08,2023
new_1,False,False,medium,1,0.00381896481677102,weak,205.75,-5.0,0.4517766497461929,BULLISH,11:55,2023-11-09,2023
new_1,False,False,medium,1,-0.004850314788641952,medium,99.0,12.0,0.44573643410852715,BEARISH,09:55,2023-11-13,2023
new_1,True,True,shallow,1,0.0050578829147227555,medium,35.25,143.75,0.337995337995338,BULLISH,10:10,2023-11-20,2023
new_1,True,True,medium,1,0.0023745176760969766,weak,29.25,62.25,0.5238095238095238,BULLISH,11:00,2023-11-27,2023
new_1,False,False,deep,1,-0.002311849792245968,weak,104.0,0.25,0.75,BEARISH,09:55,2023-11-28,2023
new_1,False,False,shallow,1,0.004683986041101207,medium,180.75,9.0,0.27755102040816326,BULLISH,09:55,2023-11-29,2023
new_1,True,True,medium,1,-0.005276510965492531,medium,22.0,121.0,0.4738372093023256,BEARISH,09:55,2023-11-30,2023
new_1,True,True,medium,1,0.005039619651347138,medium,98.0,35.5,0.5828779599271403,BULLISH,10:00,2023-12-05,2023
new_1,True,True,medium,1,0.006148338392092834,medium,38.5,85.75,0.4463768115942029,BULLISH,09:55,2023-12-11,2023
new_1,True,True,shallow,1,0.002857099436178734,weak,4.75,70.75,0.3745704467353952,BULLISH,12:55,2023-12-12,2023
new_1,False,True,medium,1,-0.0022098949172416615,weak,213.5,17.0,0.4069767441860465,BEARISH,12:55,2023-12-13,2023
new_1,True,True,deep,1,-0.0036371194014340746,weak,39.0,151.0,0.6210191082802548,BEARISH,11:55,2023-12-14,2023
new_1,True,True,shallow,1,0.003123791390235997,weak,100.25,24.5,0.2612359550561798,BULLISH,11:00,2023-12-15,2023
new_1,True,True,medium,1,0.0025243525778093634,weak,22.75,95.5,0.5136986301369864,BULLISH,09:55,2023-12-18,2023
new_1,True,True,medium,1,0.0020210662968753734,weak,26.5,31.75,0.5317919075144508,BULLISH,09:55,2023-12-19,2023
new_1,False,True,shallow,1,0.0025628940081305895,weak,234.25,57.0,0.2857142857142857,BULLISH,09:55,2023-12-20,2023
new_1,True,True,shallow,1,0.0020863637031487414,weak,13.75,60.5,0.29901960784313725,BULLISH,11:55,2023-12-26,2023
new_1,True,True,shallow,1,-0.0023901479268381154,weak,24.75,29.25,0.35714285714285715,BEARISH,11:55,2023-12-28,2023
new_1,True,True,shallow,1,-0.005608950950892422,medium,30.25,81.25,0.2528409090909091,BEARISH,10:55,2023-12-29,2023
new_1,True,True,deep,1,0.005248542919044308,medium,67.75,105.75,0.7027027027027027,BULLISH,09:55,2024-01-05,2024
new_1,True,True,medium,1,-0.00486149722709317,medium,63.25,16.5,0.4022346368715084,BEARISH,10:55,2024-01-22,2024
new_1,False,True,medium,1,0.005100378278055651,medium,131.75,57.75,0.5862068965517241,BULLISH,10:55,2024-01-24,2024
new_1,True,True,medium,1,-0.0033899741514471504,weak,15.5,91.0,0.5911602209944752,BEARISH,10:55,2024-01-30,2024
new_1,True,True,shallow,1,-0.005289408247452276,medium,159.25,94.25,0.3969957081545064,BEARISH,11:00,2024-01-31,2024
new_1,True,False,shallow,1,-0.0065082659212514216,medium,152.5,8.5,0.2522255192878338,BEARISH,10:55,2024-02-05,2024
new_1,True,True,shallow,1,-0.004651425027485723,medium,9.25,93.25,0.39775910364145656,BEARISH,09:55,2024-02-06,2024
new_1,True,True,shallow,1,0.004379254684539369,medium,54.25,15.0,0.31718061674008813,BULLISH,11:00,2024-02-08,2024
new_1,True,True,shallow,1,0.0041437620336524095,medium,16.25,87.75,0.3223350253807107,BULLISH,11:25,2024-02-09,2024
new_1,False,False,shallow,1,0.0033119924614062324,weak,164.0,9.0,0.28610354223433243,BULLISH,11:55,2024-02-12,2024
new_1,False,True,shallow,1,-0.0044700853506921545,medium,116.25,36.25,0.267741935483871,BEARISH,09:55,2024-02-15,2024
new_1,True,True,shallow,1,-0.0037014976174267744,weak,35.5,110.25,0.3326271186440678,BEARISH,09:55,2024-02-20,2024
new_1,True,True,medium,1,0.003549865831842469,weak,15.0,135.5,0.4235294117647059,BULLISH,11:55,2024-02-22,2024
new_1,False,True,shallow,1,0.0037824007119813263,weak,65.75,13.5,0.3614457831325301,BULLISH,11:55,2024-02-26,2024
new_1,True,False,shallow,1,-0.0054778942697065736,medium,91.75,6.25,0.3424657534246575,BEARISH,13:00,2024-02-27,2024
new_1,True,True,medium,1,-0.005293704076427819,medium,-10.75,236.75,0.5475113122171946,BEARISH,10:00,2024-03-05,2024
new_1,False,True,shallow,1,0.003520165911695683,weak,375.0,49.0,0.3125,BULLISH,09:55,2024-03-08,2024
new_1,True,True,shallow,1,0.0067776229127380905,medium,96.25,67.5,0.33210332103321033,BULLISH,10:55,2024-03-12,2024
new_1,True,True,shallow,1,-0.00650106996776556,medium,65.75,56.75,0.2884097035040431,BEARISH,09:55,2024-03-13,2024
new_1,True,True,deep,1,-0.010689193252959361,strong,78.0,87.75,0.7121212121212122,BEARISH,09:55,2024-03-15,2024
new_1,True,True,medium,1,-0.0023497002106628306,weak,41.25,20.75,0.45108695652173914,BEARISH,13:55,2024-03-28,2024
new_1,True,False,shallow,1,0.008744081666165027,strong,100.75,35.75,0.2532544378698225,BULLISH,11:55,2024-04-03,2024
new_1,True,True,shallow,1,0.003749138525155127,weak,31.0,202.75,0.31024930747922436,BULLISH,09:55,2024-04-05,2024
new_1,True,True,shallow,1,-0.002161212509934618,weak,-7.75,275.75,0.35347432024169184,BEARISH,09:55,2024-04-17,2024
new_1,False,False,medium,1,-0.005439972221418454,medium,242.0,-2.5,0.43315508021390375,BEARISH,11:25,2024-04-22,2024
new_1,True,True,shallow,1,0.003172767781600694,weak,39.5,93.25,0.30501089324618735,BULLISH,10:00,2024-04-26,2024
new_1,False,True,medium,1,-0.005046197583510992,medium,186.75,112.5,0.445,BEARISH,09:55,2024-05-02,2024
new_1,True,True,deep,1,0.0036577762383096513,weak,42.5,67.25,0.6408450704225352,BULLISH,09:55,2024-05-06,2024
new_1,False,True,medium,1,0.003808921401463161,weak,83.75,16.0,0.5061728395061729,BULLISH,10:55,2024-05-07,2024
new_1,False,False,shallow,1,0.0020727744420225847,weak,82.0,7.5,0.39939024390243905,BULLISH,12:55,2024-05-16,2024
new_1,True,True,shallow,1,0.0042178273502671,medium,36.5,51.0,0.28599221789883267,BULLISH,10:55,2024-05-20,2024
new_1,True,True,shallow,1,0.003634857211583409,weak,0.75,43.5,0.2710526315789474,BULLISH,14:25,2024-05-21,2024
new_1,False,True,deep,1,0.002436264394594989,weak,140.25,14.25,0.7333333333333333,BULLISH,09:55,2024-05-22,2024
new_1,True,True,shallow,1,0.006214824891307202,medium,66.5,24.0,0.2567783094098884,BULLISH,11:50,2024-05-24,2024
new_1,True,True,shallow,1,-0.005158555604430792,medium,67.0,115.75,0.28900709219858156,BEARISH,11:15,2024-05-30,2024
new_1,True,True,shallow,1,-0.0038581073839888402,weak,49.75,151.75,0.26430976430976433,BEARISH,11:10,2024-06-03,2024
new_1,True,True,medium,1,-0.002502423813641519,weak,72.75,16.5,0.5851063829787234,BEARISH,09:55,2024-06-06,2024
new_1,True,True,shallow,1,0.0026689455692874287,weak,68.75,27.0,0.30754716981132074,BULLISH,13:00,2024-06-10,2024
new_1,True,True,shallow,1,0.003895592864638031,weak,52.75,116.25,0.31645569620253167,BULLISH,11:00,2024-06-11,2024
new_1,True,True,medium,1,-0.0031224510603589106,weak,63.75,54.75,0.41421568627450983,BEARISH,10:55,2024-06-13,2024
new_1,True,False,shallow,1,0.006914693724163756,medium,0.0,0.0,0.2657621707901037,BULLISH,15:55,2024-06-17,2024
new_1,True,True,shallow,1,0.007025908827165139,medium,94.25,49.25,0.2753623188405797,BULLISH,12:10,2024-06-25,2024
new_1,True,True,deep,1,-0.0022905799897919854,weak,36.25,130.0,0.6363636363636364,BEARISH,12:55,2024-06-28,2024
new_1,True,True,medium,1,0.005311552626963589,medium,44.75,177.5,0.5161987041036717,BULLISH,09:55,2024-07-02,2024
new_1,True,True,medium,1,0.003988792227972882,weak,51.5,125.75,0.44039735099337746,BULLISH,09:55,2024-07-05,2024
new_1,True,True,medium,1,-0.0021957869845329325,weak,14.75,60.25,0.42586750788643535,BEARISH,12:55,2024-07-09,2024
new_1,True,True,shallow,1,0.004505155632649194,medium,9.5,48.75,0.30783242258652094,BULLISH,15:05,2024-07-10,2024
new_1,True,True,medium,1,0.005199031145254773,medium,32.5,198.25,0.47417840375586856,BULLISH,09:55,2024-07-12,2024
new_1,False,False,shallow,1,0.004835660267597408,medium,228.0,11.0,0.35294117647058826,BULLISH,11:25,2024-07-15,2024
new_1,True,True,medium,1,-0.003758578045054417,weak,66.75,77.5,0.45038167938931295,BEARISH,10:55,2024-07-16,2024
new_1,True,True,medium,1,-0.004134959086323553,medium,15.0,231.0,0.5211267605633803,BEARISH,10:55,2024-07-18,2024
new_1,True,True,medium,1,-0.005876591576885359,medium,359.25,148.0,0.43516209476309226,BEARISH,09:55,2024-07-25,2024
new_1,True,True,shallow,1,-0.007544180852583349,medium,26.75,210.0,0.3844086021505376,BEARISH,11:00,2024-07-30,2024
new_1,False,False,medium,1,-0.005951343743716864,medium,225.0,-2.5,0.5286624203821656,BEARISH,09:55,2024-08-12,2024
new_1,True,True,medium,1,0.004243549425984261,medium,107.25,103.0,0.5029585798816568,BULLISH,09:55,2024-08-21,2024
new_1,True,True,shallow,1,-0.005239232606518263,medium,19.5,455.5,0.2925170068027211,BEARISH,09:55,2024-09-03,2024
new_1,True,True,shallow,1,0.0026556038526073245,weak,123.0,142.25,0.334070796460177,BULLISH,09:55,2024-09-04,2024
new_1,True,True,medium,1,0.00324797337198679,weak,190.25,42.5,0.5592592592592592,BULLISH,09:55,2024-09-09,2024
new_1,True,True,shallow,1,0.0022085826549218535,weak,34.5,64.75,0.35,BULLISH,10:55,2024-09-13,2024
new_1,True,False,deep,1,0.003862394436164873,weak,151.75,49.75,0.7048192771084337,BULLISH,11:55,2024-09-30,2024
new_1,True,True,shallow,1,-0.011539599566032122,strong,37.25,226.0,0.2595978062157221,BEARISH,09:55,2024-10-01,2024
new_1,True,False,medium,1,0.0063837258885794945,medium,92.25,24.0,0.4016949152542373,BULLISH,11:55,2024-10-02,2024
new_1,True,True,shallow,1,0.005233762158769917,medium,144.0,90.75,0.29724770642201837,BULLISH,09:55,2024-10-03,2024
new_1,False,False,medium,1,0.003208875401109479,weak,217.0,11.0,0.5920398009950248,BULLISH,10:55,2024-10-07,2024
new_1,True,True,medium,1,0.003944530046224859,weak,6.25,121.5,0.5107033639143731,BULLISH,10:55,2024-10-09,2024
new_1,True,True,medium,1,0.0022568656551655852,weak,23.75,66.0,0.5,BULLISH,10:55,2024-10-11,2024
new_1,True,True,shallow,1,-0.006911537233911913,medium,155.5,17.5,0.25318761384335153,BEARISH,09:55,2024-10-16,2024
new_1,True,True,medium,1,0.0037406789638931848,weak,35.0,142.0,0.5863192182410424,BULLISH,09:55,2024-10-22,2024
new_1,False,True,medium,1,-0.0030301915031958337,weak,92.0,54.75,0.4065573770491803,BEARISH,10:55,2024-10-24,2024
new_1,True,True,shallow,1,-0.005503144654088077,medium,61.75,54.75,0.3850129198966408,BEARISH,09:55,2024-10-28,2024
new_1,True,True,shallow,1,0.00421678671102832,medium,2.75,166.0,0.3733681462140992,BULLISH,11:05,2024-10-29,2024
new_1,True,True,medium,1,0.0037323181427983965,weak,13.0,152.25,0.4378947368421053,BULLISH,10:00,2024-11-01,2024
new_1,True,True,shallow,1,0.007322552219726219,medium,44.0,96.25,0.3624260355029586,BULLISH,10:10,2024-11-05,2024
new_1,True,True,shallow,1,-0.004689207770687154,medium,71.75,74.25,0.30416666666666664,BEARISH,09:55,2024-11-11,2024
new_1,False,True,shallow,1,0.002597586605898927,weak,82.75,48.75,0.29652996845425866,BULLISH,13:10,2024-11-13,2024
new_1,True,True,medium,1,-0.00335491187449799,weak,48.25,120.75,0.5728813559322034,BEARISH,09:55,2024-11-14,2024
new_1,True,True,medium,1,-0.00661377249102757,medium,7.5,284.75,0.5203761755485894,BEARISH,09:55,2024-11-15,2024
new_1,False,False,medium,1,-0.0028292493382228168,weak,194.0,-4.75,0.5491071428571429,BEARISH,09:55,2024-11-18,2024
new_1,True,True,shallow,1,-0.008060053412891288,strong,139.25,137.0,0.25357142857142856,BEARISH,09:55,2024-11-20,2024
new_1,True,True,shallow,1,-0.00327931408674087,weak,65.5,115.75,0.3225806451612903,BEARISH,10:55,2024-11-25,2024
new_1,True,True,shallow,1,-0.0035586338667303874,weak,-1.25,185.5,0.2544987146529563,BEARISH,09:55,2024-11-27,2024
new_1,True,True,shallow,1,0.0021820154746179377,weak,29.25,30.0,0.315035799522673,BULLISH,12:55,2024-12-03,2024
new_1,True,False,shallow,1,-0.002577678695833918,weak,0.0,0.0,0.26229508196721313,BEARISH,15:55,2024-12-05,2024
new_1,True,True,shallow,1,0.007271540774232532,medium,27.5,68.75,0.32901134521880065,BULLISH,10:50,2024-12-06,2024
new_1,True,True,shallow,1,-0.005007864544781637,medium,59.5,54.25,0.33460803059273425,BEARISH,11:00,2024-12-09,2024
new_1,True,False,shallow,1,0.00409568060574772,medium,214.0,6.0,0.36585365853658536,BULLISH,09:55,2024-12-13,2024
new_1,True,True,deep,1,0.002060470834661432,weak,33.5,70.0,0.6262626262626263,BULLISH,10:55,2024-12-26,2024
new_1,True,True,medium,1,-0.010467264144489286,strong,110.5,107.25,0.4297520661157025,BEARISH,10:00,2024-12-27,2024
new_1,True,True,shallow,1,-0.005547027630477208,medium,96.0,116.5,0.348,BEARISH,09:55,2025-01-16,2025
new_1,False,True,medium,1,-0.0026281814828476024,weak,141.0,105.25,0.46195652173913043,BEARISH,09:55,2025-01-21,2025
new_1,True,True,shallow,1,0.0021689250122716164,weak,47.5,63.0,0.3323262839879154,BULLISH,11:55,2025-01-23,2025
new_1,True,True,shallow,1,0.021425066130441595,strong,182.5,141.0,0.33448275862068966,BULLISH,10:00,2025-01-27,2025
new_1,False,True,medium,1,0.0039827376443311024,weak,332.5,97.75,0.44274809160305345,BULLISH,09:55,2025-01-31,2025
new_1,True,True,shallow,1,0.009211053263916691,strong,79.25,99.75,0.2801678908709339,BULLISH,10:55,2025-02-03,2025
new_1,True,True,shallow,1,0.004645892351274883,medium,73.0,60.0,0.3254901960784314,BULLISH,10:55,2025-02-14,2025
new_1,True,True,deep,1,-0.0035343618513323793,weak,13.25,99.75,0.6442048517520216,BEARISH,09:55,2025-02-18,2025
new_1,False,True,deep,1,-0.0023739339798833914,weak,132.0,49.75,0.6666666666666666,BEARISH,09:55,2025-02-19,2025
new_1,True,True,shallow,1,-0.00871454789060655,strong,137.5,59.75,0.35406698564593303,BEARISH,09:55,2025-02-20,2025
new_1,True,True,shallow,1,-0.008994520579417187,strong,93.0,131.25,0.27828348504551365,BEARISH,09:55,2025-02-24,2025
new_1,False,True,shallow,1,0.002971122567613671,weak,287.0,57.75,0.37988826815642457,BULLISH,10:55,2025-02-26,2025
new_1,True,True,shallow,1,-0.014645013777334848,strong,188.75,337.25,0.25365579302587177,BEARISH,10:00,2025-02-27,2025
new_1,True,True,medium,1,0.002985187902399433,weak,54.25,319.75,0.4663677130044843,BULLISH,09:55,2025-03-19,2025
new_1,True,True,medium,1,-0.005689395700529731,medium,39.75,271.5,0.5281954887218046,BEARISH,09:55,2025-03-26,2025
new_1,True,True,medium,1,0.008884651522688358,strong,42.5,260.25,0.5364077669902912,BULLISH,09:55,2025-04-22,2025
new_1,True,True,shallow,1,0.004747626186906606,medium,54.0,92.75,0.28703703703703703,BULLISH,11:05,2025-05-05,2025
new_1,False,False,deep,1,-0.005499207208114143,medium,269.0,7.25,0.7474226804123711,BEARISH,09:55,2025-05-06,2025
new_1,False,True,medium,1,-0.005739841676033808,medium,157.0,96.5,0.5028985507246376,BEARISH,09:55,2025-05-12,2025
new_1,False,False,medium,1,-0.003099113373955742,weak,114.75,17.75,0.5806451612903226,BEARISH,10:55,2025-05-16,2025
new_1,False,True,shallow,1,0.00493670439719307,medium,301.5,184.25,0.29365079365079366,BULLISH,09:55,2025-05-21,2025
new_1,True,True,medium,1,0.0038199438798367513,weak,119.0,52.0,0.5319587628865979,BULLISH,09:55,2025-05-22,2025
new_1,True,True,shallow,1,0.002452706191616194,weak,-0.5,133.25,0.31153846153846154,BULLISH,10:55,2025-05-27,2025
new_1,True,True,shallow,1,-0.004950089522895662,medium,158.0,186.0,0.28183361629881154,BEARISH,09:55,2025-05-30,2025
new_1,True,True,deep,1,0.002107469424418973,weak,6.0,48.75,0.7222222222222222,BULLISH,12:55,2025-06-04,2025
new_1,True,True,medium,1,-0.0023879774519821595,weak,211.25,220.25,0.5507246376811594,BEARISH,09:55,2025-06-05,2025
new_1,True,False,deep,1,0.0030883686754457074,weak,29.5,42.5,0.6487935656836461,BULLISH,10:55,2025-06-09,2025
new_1,True,True,shallow,1,0.002539580854763468,weak,78.75,92.75,0.30275229357798167,BULLISH,13:00,2025-06-10,2025
new_1,True,True,shallow,1,0.00824213720801903,strong,16.5,72.25,0.2802653399668325,BULLISH,09:55,2025-06-16,2025
new_1,True,True,medium,1,0.004403472452562562,medium,215.75,134.75,0.45714285714285713,BULLISH,10:55,2025-06-23,2025
new_1,True,True,shallow,1,0.0024992715127878373,weak,5.0,86.0,0.28992628992628994,BULLISH,11:55,2025-06-24,2025
new_1,True,True,medium,1,0.002349889710365094,weak,9.0,86.75,0.422360248447205,BULLISH,12:55,2025-06-26,2025
new_1,True,False,shallow,1,0.002815538251726757,weak,195.0,3.25,0.3516949152542373,BULLISH,12:55,2025-06-27,2025
new_1,False,True,medium,1,-0.002403688569368234,weak,108.0,45.5,0.4774193548387097,BEARISH,09:55,2025-06-30,2025
new_1,True,True,medium,1,-0.002896089190837059,weak,67.0,115.75,0.43621399176954734,BEARISH,10:55,2025-07-07,2025
new_1,True,False,medium,1,-0.002168322873082329,weak,68.5,40.5,0.5634920634920635,BEARISH,10:55,2025-07-08,2025
new_1,True,False,shallow,1,0.007066829523643348,medium,171.0,13.75,0.2607879924953096,BULLISH,10:05,2025-07-09,2025
new_1,True,True,shallow,1,-0.002823018458197657,weak,90.0,58.75,0.34701492537313433,BEARISH,09:55,2025-07-10,2025
new_1,True,True,shallow,1,0.0049940443016534,medium,-0.25,75.0,0.35678391959798994,BULLISH,10:55,2025-07-14,2025
new_1,True,True,shallow,1,-0.0030642411687274995,weak,81.5,21.75,0.2685851318944844,BEARISH,10:55,2025-07-15,2025
new_1,True,True,shallow,1,-0.002632568634825083,weak,49.25,35.5,0.3413566739606127,BEARISH,10:55,2025-07-18,2025
new_1,False,True,medium,1,-0.004522748025997725,medium,157.75,19.25,0.4034653465346535,BEARISH,09:55,2025-07-23,2025
new_1,True,True,shallow,1,0.002386021977081265,weak,11.0,44.0,0.27388535031847133,BULLISH,12:05,2025-07-25,2025
new_1,True,True,shallow,1,-0.0029980083901860466,weak,14.25,107.0,0.26625386996904027,BEARISH,10:55,2025-07-29,2025
new_1,False,True,deep,1,0.0025975408527172394,weak,172.5,60.5,0.6701030927835051,BULLISH,14:00,2025-07-30,2025
new_1,True,True,deep,1,-0.004730120355284639,medium,28.75,365.75,0.6938405797101449,BEARISH,09:55,2025-07-31,2025
new_1,True,True,shallow,1,-0.010582525321313097,strong,184.5,86.0,0.2782608695652174,BEARISH,10:00,2025-08-01,2025
new_1,True,True,shallow,1,0.008273603626072212,strong,58.25,57.0,0.28549618320610687,BULLISH,09:55,2025-08-04,2025
new_1,True,True,shallow,1,-0.008744641501769235,strong,55.75,82.75,0.3273809523809524,BEARISH,11:00,2025-08-05,2025
new_1,True,True,deep,1,0.0023870215155965546,weak,37.0,244.0,0.627906976744186,BULLISH,09:55,2025-08-06,2025
new_1,True,True,shallow,1,0.0034483124489383954,weak,28.0,84.0,0.3217550274223035,BULLISH,10:10,2025-08-08,2025
new_1,True,False,medium,1,-0.005291561904962272,medium,0.0,0.0,0.43664717348927873,BEARISH,15:55,2025-08-11,2025
new_1,True,True,shallow,1,-0.002865329512893977,weak,29.25,39.0,0.2676518883415435,BEARISH,11:55,2025-08-13,2025
new_1,True,True,shallow,1,-0.003046514306054293,weak,74.0,72.5,0.31654676258992803,BEARISH,09:55,2025-08-15,2025
new_1,True,False,medium,1,0.0020738806834330603,weak,0.0,0.0,0.5491071428571429,BULLISH,15:55,2025-08-18,2025
new_1,True,True,medium,1,-0.004561267065339658,medium,50.0,252.75,0.4959677419354839,BEARISH,09:55,2025-08-19,2025
new_1,True,True,shallow,1,-0.01106369358796544,strong,217.5,106.25,0.25775327360441075,BEARISH,10:20,2025-08-20,2025
new_1,True,False,shallow,1,0.014495712535728789,strong,48.25,69.5,0.2717250324254215,BULLISH,12:10,2025-08-22,2025
new_1,False,True,shallow,1,0.0038649503305969723,weak,37.75,45.25,0.3769968051118211,BULLISH,10:55,2025-08-25,2025
new_1,True,True,medium,1,0.0020131654630279883,weak,38.75,82.25,0.5090361445783133,BULLISH,11:55,2025-08-26,2025
new_1,True,True,shallow,1,0.0043197916335799835,medium,49.25,89.5,0.29901960784313725,BULLISH,10:55,2025-08-28,2025
new_1,True,True,shallow,1,-0.005402605091770263,medium,33.0,120.75,0.36787564766839376,BEARISH,09:55,2025-08-29,2025
new_1,True,True,shallow,1,0.002267404726421063,weak,-9.75,121.5,0.336283185840708,BULLISH,12:55,2025-09-04,2025
new_1,True,True,shallow,1,0.00277541236950829,weak,86.25,41.75,0.33967391304347827,BULLISH,09:55,2025-09-08,2025
new_1,False,False,deep,1,-0.002505713866347903,weak,89.5,33.75,0.7100456621004566,BEARISH,10:55,2025-09-09,2025
new_1,True,True,medium,1,0.0034445797300530767,weak,14.75,72.5,0.40468227424749165,BULLISH,11:00,2025-09-12,2025
new_1,True,True,shallow,1,-0.0035531912733621773,weak,24.75,39.0,0.36046511627906974,BEARISH,09:55,2025-09-16,2025
new_1,True,True,shallow,1,-0.00325510204081636,weak,113.5,195.25,0.3504273504273504,BEARISH,11:15,2025-09-17,2025
new_1,True,False,shallow,1,0.0039692584979595935,weak,91.0,9.0,0.25457875457875456,BULLISH,12:55,2025-09-18,2025
new_1,True,True,deep,1,0.003409999291691612,weak,83.0,83.75,0.7286432160804021,BULLISH,09:55,2025-09-19,2025
new_1,True,True,shallow,1,0.003540519276160614,weak,17.25,155.0,0.35,BULLISH,09:55,2025-09-22,2025
new_1,True,True,shallow,1,-0.002938413256841299,weak,35.25,159.5,0.29927007299270075,BEARISH,09:55,2025-09-23,2025
new_1,True,True,medium,1,-0.0034128665067303388,weak,20.25,193.75,0.4119106699751861,BEARISH,09:55,2025-09-24,2025
new_1,False,True,shallow,1,0.0028144097780635757,weak,147.0,48.0,0.3617511520737327,BULLISH,10:00,2025-09-29,2025
new_1,True,False,shallow,1,-0.003554219266456937,weak,94.0,31.75,0.2653061224489796,BEARISH,11:05,2025-10-02,2025
new_1,True,True,shallow,1,0.0034578973592427342,weak,30.25,130.5,0.2813688212927757,BULLISH,10:00,2025-10-08,2025
new_1,True,True,medium,1,-0.002675935343082525,weak,38.75,89.75,0.4907749077490775,BEARISH,10:55,2025-10-09,2025
new_1,True,True,medium,1,-0.004478718671214632,medium,19.25,368.25,0.586046511627907,BEARISH,10:55,2025-10-22,2025
new_1,True,True,shallow,1,0.0028369755710260236,weak,4.5,80.75,0.26405867970660146,BULLISH,13:25,2025-10-27,2025
new_1,True,True,medium,1,0.0030871549580280266,weak,269.5,7.75,0.5700934579439252,BULLISH,09:55,2025-10-29,2025
new_1,True,True,shallow,1,-0.0030459857917652933,weak,80.5,213.5,0.32983193277310924,BEARISH,09:55,2025-10-31,2025
new_1,False,True,shallow,1,0.004542234041520654,medium,299.0,41.5,0.3391304347826087,BULLISH,10:05,2025-11-04,2025
new_1,True,True,shallow,1,-0.009280832556694651,strong,34.0,315.25,0.34146341463414637,BEARISH,09:55,2025-11-06,2025
new_1,True,True,medium,1,0.004279446903521444,medium,186.25,122.25,0.42616033755274263,BULLISH,09:55,2025-11-10,2025
new_1,False,True,shallow,1,-0.0042930179916481626,medium,183.25,34.5,0.28270042194092826,BEARISH,10:55,2025-11-11,2025
new_1,True,True,shallow,1,-0.00790781963193754,medium,35.25,136.0,0.3421658986175115,BEARISH,10:00,2025-11-12,2025
new_1,True,True,shallow,1,0.007833928806388668,medium,386.75,94.25,0.2609067579127459,BULLISH,09:55,2025-11-19,2025
new_1,True,True,shallow,1,0.002074033105518902,weak,98.0,130.25,0.3413654618473896,BULLISH,09:55,2025-12-01,2025
new_1,True,True,shallow,1,-0.004287349409276997,medium,35.25,96.25,0.2746585735963581,BEARISH,11:20,2025-12-08,2025
new_1,True,True,shallow,1,0.003932935160245066,weak,34.75,18.0,0.3056768558951965,BULLISH,12:55,2025-12-09,2025
new_1,False,True,shallow,1,-0.0038475774872883672,weak,304.0,38.0,0.2912371134020619,BEARISH,10:55,2025-12-10,2025
new_1,False,True,shallow,1,-0.007168528791311801,medium,308.25,16.75,0.25617283950617287,BEARISH,09:55,2025-12-11,2025
new_1,True,True,shallow,1,-0.012190826549780875,strong,132.0,122.5,0.35446685878962536,BEARISH,10:55,2025-12-12,2025
new_1,True,True,medium,1,-0.005886334873590915,medium,13.0,426.0,0.5847457627118644,BEARISH,09:55,2025-12-17,2025
new_1,True,False,medium,1,-0.0022720211278546287,weak,22.75,13.25,0.4238952536824877,BEARISH,13:55,2025-12-22,2025
new_1,True,True,medium,1,-0.013691708208222853,strong,82.0,109.75,0.40811638591117916,BEARISH,10:55,2026-01-02,2026
new_1,True,True,shallow,1,0.006291028446389513,medium,113.75,84.25,0.2934131736526946,BULLISH,09:55,2026-01-06,2026
new_1,True,True,shallow,1,0.0044872666524213844,medium,44.25,141.25,0.29971988795518206,BULLISH,09:55,2026-01-07,2026
new_1,True,True,shallow,1,-0.006557440658072178,medium,110.25,34.25,0.3236459709379128,BEARISH,09:55,2026-01-08,2026
new_1,True,True,shallow,1,0.007536784370167915,medium,13.25,143.5,0.2911392405063291,BULLISH,10:00,2026-01-12,2026
new_1,True,True,medium,1,-0.004892670663314669,medium,37.0,137.0,0.43033509700176364,BEARISH,09:55,2026-01-16,2026
new_1,True,True,medium,1,0.006818204406985107,medium,182.75,328.75,0.44658493870402804,BULLISH,09:55,2026-01-21,2026
new_1,True,True,medium,1,-0.0042918454935622075,medium,145.5,41.25,0.43204577968526464,BEARISH,09:55,2026-01-22,2026
new_1,True,True,shallow,1,0.002913013382556562,weak,39.5,36.75,0.2560483870967742,BULLISH,12:00,2026-01-27,2026
new_1,True,True,shallow,1,-0.012494392318191827,strong,123.0,328.5,0.3430127041742287,BEARISH,09:55,2026-01-29,2026
new_1,True,True,shallow,1,-0.01243462431253195,strong,10.75,414.0,0.3378812199036918,BEARISH,09:55,2026-02-03,2026
new_1,True,True,deep,1,-0.010029666594628561,strong,110.75,410.75,0.6340852130325815,BEARISH,09:55,2026-02-04,2026
new_1,True,True,deep,1,0.002258542635033667,weak,107.5,371.25,0.6017897091722595,BULLISH,09:55,2026-02-06,2026
new_1,True,True,deep,1,0.0027651333652771726,weak,10.5,315.5,0.638623326959847,BULLISH,09:55,2026-02-09,2026
new_1,True,True,medium,1,-0.0031407220707105887,weak,10.75,93.5,0.5548654244306418,BEARISH,13:55,2026-02-10,2026
new_1,True,True,medium,1,-0.00558190909180567,medium,52.0,486.75,0.5515625,BEARISH,09:55,2026-02-12,2026
new_1,True,True,deep,1,0.0036001415786013347,weak,78.5,185.25,0.7264150943396226,BULLISH,10:55,2026-02-13,2026
new_1,False,True,deep,1,-0.0029573299535277098,weak,69.25,31.0,0.6607773851590106,BEARISH,12:55,2026-02-19,2026
new_1,True,True,deep,1,-0.002252748352990608,weak,39.0,245.25,0.6977687626774848,BEARISH,09:55,2026-02-23,2026
new_1,True,True,shallow,1,0.005778601055047794,medium,7.25,102.25,0.2809734513274336,BULLISH,10:55,2026-02-24,2026
new_1,True,True,shallow,1,-0.006448050795654026,medium,-3.5,331.25,0.374805598755832,BEARISH,09:55,2026-02-26,2026
new_1,True,True,shallow,1,0.008283399742474495,strong,57.5,239.0,0.31003937007874016,BULLISH,09:55,2026-03-02,2026
new_1,True,True,shallow,1,0.0035999755933857625,weak,69.5,178.0,0.3359683794466403,BULLISH,11:55,2026-03-03,2026
new_1,True,True,shallow,1,-0.010404543083035733,strong,89.75,112.25,0.3287435456110155,BEARISH,09:55,2026-03-12,2026
new_1,True,True,deep,1,-0.0034759494964985427,weak,150.75,82.25,0.7071428571428572,BEARISH,09:55,2026-03-25,2026
new_1,True,True,shallow,1,-0.004732142857142851,medium,76.75,154.25,0.2878228782287823,BEARISH,09:55,2026-04-08,2026
new_1,True,True,medium,1,0.0032763546653924447,weak,10.25,273.5,0.4325581395348837,BULLISH,09:55,2026-04-14,2026
new_1,True,True,medium,1,0.0034740600309874914,weak,14.75,299.75,0.5846153846153846,BULLISH,09:55,2026-04-15,2026
new_1,False,False,shallow,1,-0.00498993507414025,medium,242.75,30.75,0.3149847094801223,BEARISH,09:55,2026-04-16,2026
new_1,True,True,medium,1,0.005442481174979585,medium,31.75,121.0,0.43313373253493015,BULLISH,10:55,2026-04-22,2026
new_1,False,False,deep,1,-0.0039125766592055244,weak,86.75,60.5,0.6815144766146993,BEARISH,10:55,2026-04-27,2026
new_1,True,False,shallow,1,0.003560907113554501,weak,0.0,0.0,0.3951310861423221,BULLISH,15:55,2026-04-29,2026
new_1,True,True,shallow,1,0.01101751013338892,strong,122.5,43.5,0.3549382716049383,BULLISH,09:55,2026-05-01,2026
new_1,True,True,shallow,1,0.0053155789417165256,medium,53.5,103.0,0.3825910931174089,BULLISH,09:55,2026-05-05,2026
new_1,True,True,medium,1,0.0028550846862043233,weak,8.25,163.25,0.4203069657615112,BULLISH,12:55,2026-05-06,2026
new_1,False,False,shallow,1,0.006996901869321448,medium,347.25,-2.75,0.2631578947368421,BULLISH,11:00,2026-05-07,2026
new_1,True,True,shallow,1,0.008838132208059957,strong,33.75,224.0,0.2824919441460795,BULLISH,09:55,2026-05-08,2026
new_1,True,True,medium,1,0.003080073375709258,weak,31.75,88.5,0.4092664092664093,BULLISH,10:55,2026-05-11,2026
new_1,True,False,medium,1,0.005238929540691828,medium,113.5,60.5,0.4363354037267081,BULLISH,11:15,2026-05-20,2026
new_1,True,False,medium,1,0.006181692300084141,medium,206.25,26.0,0.4035947712418301,BULLISH,10:05,2026-05-29,2026
new_1,True,True,shallow,1,0.0037013683598516867,weak,43.75,71.0,0.2880886426592798,BULLISH,10:55,2026-06-02,2026
new_1,True,False,medium,1,-0.005685977841768719,medium,180.75,53.0,0.4048309178743961,BEARISH,09:55,2026-06-03,2026
new_1,True,True,deep,1,0.005024508801073635,medium,32.5,211.25,0.6206896551724138,BULLISH,09:55,2026-06-15,2026
new_1,True,True,deep,1,-0.0037832780750418626,weak,198.0,424.75,0.7305555555555555,BEARISH,09:55,2026-06-17,2026
new_1,True,True,shallow,1,0.009449015208177425,strong,109.5,208.0,0.3444043321299639,BULLISH,10:00,2026-06-30,2026
new_1,True,True,shallow,1,-0.006515014875810188,medium,111.75,259.0,0.3704775687409551,BEARISH,09:55,2026-07-07,2026
new_1,True,True,medium,1,0.0036307532345567495,weak,248.0,154.75,0.48598130841121495,BULLISH,09:55,2026-07-10,2026
new_1,True,True,deep,1,-0.0047277948993559304,medium,122.5,236.75,0.6354166666666666,BEARISH,09:55,2026-07-13,2026
new_1,True,True,shallow,1,-0.003383486913006828,weak,69.0,426.5,0.34701492537313433,BEARISH,09:55,2026-07-15,2026
new_1,True,True,shallow,1,-0.013179212905698456,strong,292.25,126.0,0.383881230116649,BEARISH,10:00,2026-07-24,2026
new_1,True,True,medium,1,-0.013811217700623546,strong,25.0,408.75,0.4934804413239719,BEARISH,09:55,2026-07-27,2026
new_1,True,True,shallow,1,-0.010400271855773413,strong,414.75,61.75,0.25547445255474455,BEARISH,09:55,2026-07-28,2026
new_1,True,True,shallow,1,-0.010207086073216187,strong,365.75,339.75,0.3444782168186423,BEARISH,09:55,2026-07-29,2026
new_1,True,True,shallow,1,0.010024601275249845,strong,41.75,127.0,0.3477956613016095,BULLISH,11:30,2026-08-13,2026
new_1,True,True,shallow,1,-0.004264180880602986,medium,7.75,94.75,0.2533081285444234,BEARISH,11:00,2026-08-14,2026
