strategy,source_path,instrument,trading_date,entry_ts,exit_ts,entry_time,exit_time,direction,outcome,r_multiple,pnl_R,points,gross_pnl,net_pnl,win_loss,holding_time,mae,mfe,mae_r,mfe_r,risk_points,stop,target,fees_slippage_assumption,session_day,news_blackout,R
,,,2020-01-02,,,,,,,,,,,,,,,,,,,,,,,,-1.6956250000000002
,,,2020-01-03,,,,,,,,,,,,,,,,,,,,,,,,-0.489375
,,,2020-01-06,,,,,,,,,,,,,,,,,,,,,,,,1.6962499999999998
,,,2020-01-07,,,,,,,,,,,,,,,,,,,,,,,,-0.445625
,,,2020-01-08,,,,,,,,,,,,,,,,,,,,,,,,-2.0175
,,,2020-01-09,,,,,,,,,,,,,,,,,,,,,,,,-0.833125
,,,2020-01-10,,,,,,,,,,,,,,,,,,,,,,,,-1.245625
,,,2020-01-13,,,,,,,,,,,,,,,,,,,,,,,,1.8993749999999998
,,,2020-01-14,,,,,,,,,,,,,,,,,,,,,,,,-0.3450000000000001
,,,2020-01-15,,,,,,,,,,,,,,,,,,,,,,,,-1.095625
,,,2020-01-16,,,,,,,,,,,,,,,,,,,,,,,,-1.1143750000000001
,,,2020-01-17,,,,,,,,,,,,,,,,,,,,,,,,-1.04875
,,,2020-01-21,,,,,,,,,,,,,,,,,,,,,,,,-0.26375
,,,2020-01-22,,,,,,,,,,,,,,,,,,,,,,,,-0.4662500000000001
,,,2020-01-23,,,,,,,,,,,,,,,,,,,,,,,,1.38375
,,,2020-01-24,,,,,,,,,,,,,,,,,,,,,,,,2.465
,,,2020-01-27,,,,,,,,,,,,,,,,,,,,,,,,0.586875
,,,2020-01-28,,,,,,,,,,,,,,,,,,,,,,,,1.6275
,,,2020-01-29,,,,,,,,,,,,,,,,,,,,,,,,-0.170625
,,,2020-01-30,,,,,,,,,,,,,,,,,,,,,,,,-2.0175
,,,2020-01-31,,,,,,,,,,,,,,,,,,,,,,,,2.465
,,,2020-02-03,,,,,,,,,,,,,,,,,,,,,,,,-0.28874999999999995
,,,2020-02-04,,,,,,,,,,,,,,,,,,,,,,,,1.9649999999999999
,,,2020-02-05,,,,,,,,,,,,,,,,,,,,,,,,-0.7112499999999999
,,,2020-02-06,,,,,,,,,,,,,,,,,,,,,,,,1.2493750000000001
,,,2020-02-07,,,,,,,,,,,,,,,,,,,,,,,,-0.66125
,,,2020-02-10,,,,,,,,,,,,,,,,,,,,,,,,1.9649999999999999
,,,2020-02-11,,,,,,,,,,,,,,,,,,,,,,,,0.8399999999999999
,,,2020-02-12,,,,,,,,,,,,,,,,,,,,,,,,-1.139375
,,,2020-02-13,,,,,,,,,,,,,,,,,,,,,,,,-0.29875
,,,2020-02-14,,,,,,,,,,,,,,,,,,,,,,,,-0.255
,,,2020-02-18,,,,,,,,,,,,,,,,,,,,,,,,-1.3018750000000001
,,,2020-02-19,,,,,,,,,,,,,,,,,,,,,,,,0.10500000000000001
,,,2020-02-20,,,,,,,,,,,,,,,,,,,,,,,,-1.689375
,,,2020-02-21,,,,,,,,,,,,,,,,,,,,,,,,0.8399999999999999
,,,2020-02-24,,,,,,,,,,,,,,,,,,,,,,,,2.465
,,,2020-02-25,,,,,,,,,,,,,,,,,,,,,,,,2.465
,,,2020-02-26,,,,,,,,,,,,,,,,,,,,,,,,-2.0175
,,,2020-02-27,,,,,,,,,,,,,,,,,,,,,,,,-2.0175
,,,2020-02-28,,,,,,,,,,,,,,,,,,,,,,,,-1.52625
,,,2020-03-02,,,,,,,,,,,,,,,,,,,,,,,,1.9649999999999999
,,,2020-03-03,,,,,,,,,,,,,,,,,,,,,,,,-0.9100000000000001
,,,2020-03-04,,,,,,,,,,,,,,,,,,,,,,,,1.9649999999999999
,,,2020-03-05,,,,,,,,,,,,,,,,,,,,,,,,-1.52625
,,,2020-03-06,,,,,,,,,,,,,,,,,,,,,,,,-2.0175
,,,2020-03-09,,,,,,,,,,,,,,,,,,,,,,,,0.46499999999999986
,,,2020-03-10,,,,,,,,,,,,,,,,,,,,,,,,-0.7850000000000001
,,,2020-03-11,,,,,,,,,,,,,,,,,,,,,,,,0.8399999999999999
,,,2020-03-12,,,,,,,,,,,,,,,,,,,,,,,,-1.52625
,,,2020-03-13,,,,,,,,,,,,,,,,,,,,,,,,2.465
,,,2020-03-16,,,,,,,,,,,,,,,,,,,,,,,,0.46499999999999986
,,,2020-03-17,,,,,,,,,,,,,,,,,,,,,,,,0.46499999999999986
,,,2020-03-18,,,,,,,,,,,,,,,,,,,,,,,,-1.40125
,,,2020-03-19,,,,,,,,,,,,,,,,,,,,,,,,0.46499999999999986
,,,2020-03-20,,,,,,,,,,,,,,,,,,,,,,,,-1.52625
,,,2020-03-23,,,,,,,,,,,,,,,,,,,,,,,,-0.7850000000000001
,,,2020-03-24,,,,,,,,,,,,,,,,,,,,,,,,1.9649999999999999
,,,2020-03-25,,,,,,,,,,,,,,,,,,,,,,,,0.46499999999999986
,,,2020-03-26,,,,,,,,,,,,,,,,,,,,,,,,0.46499999999999986
,,,2020-03-27,,,,,,,,,,,,,,,,,,,,,,,,0.46499999999999986
,,,2020-03-30,,,,,,,,,,,,,,,,,,,,,,,,1.9649999999999999
,,,2020-03-31,,,,,,,,,,,,,,,,,,,,,,,,-2.0175
,,,2020-04-01,,,,,,,,,,,,,,,,,,,,,,,,-1.0350000000000001
,,,2020-04-02,,,,,,,,,,,,,,,,,,,,,,,,1.9649999999999999
,,,2020-04-03,,,,,,,,,,,,,,,,,,,,,,,,2.465
,,,2020-04-06,,,,,,,,,,,,,,,,,,,,,,,,1.9649999999999999
,,,2020-04-07,,,,,,,,,,,,,,,,,,,,,,,,-2.0175
,,,2020-04-08,,,,,,,,,,,,,,,,,,,,,,,,1.9649999999999999
,,,2020-04-09,,,,,,,,,,,,,,,,,,,,,,,,-0.7850000000000001
,,,2020-04-13,,,,,,,,,,,,,,,,,,,,,,,,-2.0175
,,,2020-04-14,,,,,,,,,,,,,,,,,,,,,,,,1.9649999999999999
,,,2020-04-15,,,,,,,,,,,,,,,,,,,,,,,,0.46499999999999986
,,,2020-04-16,,,,,,,,,,,,,,,,,,,,,,,,1.9649999999999999
,,,2020-04-17,,,,,,,,,,,,,,,,,,,,,,,,0.8399999999999999
,,,2020-04-20,,,,,,,,,,,,,,,,,,,,,,,,-2.0175
,,,2020-04-21,,,,,,,,,,,,,,,,,,,,,,,,-1.40125
,,,2020-04-22,,,,,,,,,,,,,,,,,,,,,,,,1.9649999999999999
,,,2020-04-23,,,,,,,,,,,,,,,,,,,,,,,,-2.0175
,,,2020-04-24,,,,,,,,,,,,,,,,,,,,,,,,1.9649999999999999
,,,2020-04-27,,,,,,,,,,,,,,,,,,,,,,,,-0.335625
,,,2020-04-28,,,,,,,,,,,,,,,,,,,,,,,,2.465
,,,2020-04-29,,,,,,,,,,,,,,,,,,,,,,,,1.9649999999999999
,,,2020-04-30,,,,,,,,,,,,,,,,,,,,,,,,-0.14437500000000014
,,,2020-05-01,,,,,,,,,,,,,,,,,,,,,,,,1.765
,,,2020-05-04,,,,,,,,,,,,,,,,,,,,,,,,1.9649999999999999
,,,2020-05-05,,,,,,,,,,,,,,,,,,,,,,,,1.9649999999999999
,,,2020-05-06,,,,,,,,,,,,,,,,,,,,,,,,-1.0768750000000002
,,,2020-05-07,,,,,,,,,,,,,,,,,,,,,,,,-0.808125
,,,2020-05-08,,,,,,,,,,,,,,,,,,,,,,,,1.9649999999999999
,,,2020-05-11,,,,,,,,,,,,,,,,,,,,,,,,1.9649999999999999
,,,2020-05-12,,,,,,,,,,,,,,,,,,,,,,,,-2.0175
,,,2020-05-13,,,,,,,,,,,,,,,,,,,,,,,,-2.0175
,,,2020-05-14,,,,,,,,,,,,,,,,,,,,,,,,0.46499999999999986
,,,2020-05-15,,,,,,,,,,,,,,,,,,,,,,,,-2.0175
,,,2020-05-18,,,,,,,,,,,,,,,,,,,,,,,,1.4181249999999999
,,,2020-05-19,,,,,,,,,,,,,,,,,,,,,,,,-1.52625
,,,2020-05-20,,,,,,,,,,,,,,,,,,,,,,,,0.12375
,,,2020-05-21,,,,,,,,,,,,,,,,,,,,,,,,1.6025
,,,2020-05-22,,,,,,,,,,,,,,,,,,,,,,,,-0.6325000000000001
,,,2020-05-26,,,,,,,,,,,,,,,,,,,,,,,,2.465
,,,2020-05-27,,,,,,,,,,,,,,,,,,,,,,,,-2.0175
,,,2020-05-28,,,,,,,,,,,,,,,,,,,,,,,,1.9649999999999999
,,,2020-05-29,,,,,,,,,,,,,,,,,,,,,,,,-2.0175
,,,2020-06-01,,,,,,,,,,,,,,,,,,,,,,,,0.4493749999999999
,,,2020-06-02,,,,,,,,,,,,,,,,,,,,,,,,-1.40125
,,,2020-06-03,,,,,,,,,,,,,,,,,,,,,,,,-0.6325000000000001
,,,2020-06-04,,,,,,,,,,,,,,,,,,,,,,,,2.465
,,,2020-06-05,,,,,,,,,,,,,,,,,,,,,,,,0.9525
,,,2020-06-08,,,,,,,,,,,,,,,,,,,,,,,,1.9649999999999999
,,,2020-06-09,,,,,,,,,,,,,,,,,,,,,,,,1.4024999999999999
,,,2020-06-10,,,,,,,,,,,,,,,,,,,,,,,,0.46499999999999986
,,,2020-06-11,,,,,,,,,,,,,,,,,,,,,,,,-2.0175
,,,2020-06-12,,,,,,,,,,,,,,,,,,,,,,,,0.8399999999999999
,,,2020-06-15,,,,,,,,,,,,,,,,,,,,,,,,1.9649999999999999
,,,2020-06-16,,,,,,,,,,,,,,,,,,,,,,,,-0.44812500000000005
,,,2020-06-17,,,,,,,,,,,,,,,,,,,,,,,,1.9649999999999999
,,,2020-06-18,,,,,,,,,,,,,,,,,,,,,,,,0.36812500000000004
,,,2020-06-19,,,,,,,,,,,,,,,,,,,,,,,,2.465
,,,2020-06-22,,,,,,,,,,,,,,,,,,,,,,,,1.7149999999999999
,,,2020-06-23,,,,,,,,,,,,,,,,,,,,,,,,1.9649999999999999
,,,2020-06-24,,,,,,,,,,,,,,,,,,,,,,,,0.8399999999999999
,,,2020-06-25,,,,,,,,,,,,,,,,,,,,,,,,1.9649999999999999
,,,2020-06-26,,,,,,,,,,,,,,,,,,,,,,,,-2.0175
,,,2020-06-29,,,,,,,,,,,,,,,,,,,,,,,,1.655625
,,,2020-06-30,,,,,,,,,,,,,,,,,,,,,,,,1.9649999999999999
,,,2020-07-01,,,,,,,,,,,,,,,,,,,,,,,,1.9649999999999999
,,,2020-07-02,,,,,,,,,,,,,,,,,,,,,,,,1.8868749999999999
,,,2020-07-03,,,,,,,,,,,,,,,,,,,,,,,,-0.08625
,,,2020-07-06,,,,,,,,,,,,,,,,,,,,,,,,-1.52625
,,,2020-07-07,,,,,,,,,,,,,,,,,,,,,,,,-2.0175
,,,2020-07-08,,,,,,,,,,,,,,,,,,,,,,,,-1.40125
,,,2020-07-09,,,,,,,,,,,,,,,,,,,,,,,,-0.7850000000000001
,,,2020-07-10,,,,,,,,,,,,,,,,,,,,,,,,1.9649999999999999
,,,2020-07-13,,,,,,,,,,,,,,,,,,,,,,,,-1.52625
,,,2020-07-14,,,,,,,,,,,,,,,,,,,,,,,,-1.0350000000000001
,,,2020-07-15,,,,,,,,,,,,,,,,,,,,,,,,0.8399999999999999
,,,2020-07-16,,,,,,,,,,,,,,,,,,,,,,,,-2.0175
,,,2020-07-17,,,,,,,,,,,,,,,,,,,,,,,,-2.0175
,,,2020-07-20,,,,,,,,,,,,,,,,,,,,,,,,1.9649999999999999
,,,2020-07-21,,,,,,,,,,,,,,,,,,,,,,,,2.465
,,,2020-07-22,,,,,,,,,,,,,,,,,,,,,,,,-1.7925
,,,2020-07-23,,,,,,,,,,,,,,,,,,,,,,,,2.465
,,,2020-07-24,,,,,,,,,,,,,,,,,,,,,,,,-1.52625
,,,2020-07-27,,,,,,,,,,,,,,,,,,,,,,,,-1.40125
,,,2020-07-28,,,,,,,,,,,,,,,,,,,,,,,,-1.52625
,,,2020-07-29,,,,,,,,,,,,,,,,,,,,,,,,1.9649999999999999
,,,2020-07-30,,,,,,,,,,,,,,,,,,,,,,,,1.9649999999999999
,,,2020-07-31,,,,,,,,,,,,,,,,,,,,,,,,-0.7850000000000001
,,,2020-08-03,,,,,,,,,,,,,,,,,,,,,,,,-0.7925000000000001
,,,2020-08-04,,,,,,,,,,,,,,,,,,,,,,,,-0.6956249999999999
,,,2020-08-05,,,,,,,,,,,,,,,,,,,,,,,,-0.12625
,,,2020-08-06,,,,,,,,,,,,,,,,,,,,,,,,1.9649999999999999
,,,2020-08-07,,,,,,,,,,,,,,,,,,,,,,,,0.8399999999999999
,,,2020-08-10,,,,,,,,,,,,,,,,,,,,,,,,-2.0175
,,,2020-08-11,,,,,,,,,,,,,,,,,,,,,,,,0.46499999999999986
,,,2020-08-12,,,,,,,,,,,,,,,,,,,,,,,,1.9649999999999999
,,,2020-08-13,,,,,,,,,,,,,,,,,,,,,,,,-2.0175
,,,2020-08-14,,,,,,,,,,,,,,,,,,,,,,,,-0.595625
,,,2020-08-17,,,,,,,,,,,,,,,,,,,,,,,,0.2118749999999999
,,,2020-08-18,,,,,,,,,,,,,,,,,,,,,,,,-1.7112500000000002
,,,2020-08-19,,,,,,,,,,,,,,,,,,,,,,,,-2.0175
,,,2020-08-20,,,,,,,,,,,,,,,,,,,,,,,,1.9649999999999999
,,,2020-08-21,,,,,,,,,,,,,,,,,,,,,,,,1.555625
,,,2020-08-24,,,,,,,,,,,,,,,,,,,,,,,,-1.151875
,,,2020-08-25,,,,,,,,,,,,,,,,,,,,,,,,1.9649999999999999
,,,2020-08-26,,,,,,,,,,,,,,,,,,,,,,,,1.9649999999999999
,,,2020-08-27,,,,,,,,,,,,,,,,,,,,,,,,-1.0350000000000001
,,,2020-08-28,,,,,,,,,,,,,,,,,,,,,,,,-0.46125
,,,2020-08-31,,,,,,,,,,,,,,,,,,,,,,,,1.9649999999999999
,,,2020-09-01,,,,,,,,,,,,,,,,,,,,,,,,1.9649999999999999
,,,2020-09-02,,,,,,,,,,,,,,,,,,,,,,,,2.465
,,,2020-09-03,,,,,,,,,,,,,,,,,,,,,,,,0.8399999999999999
,,,2020-09-04,,,,,,,,,,,,,,,,,,,,,,,,-0.7850000000000001
,,,2020-09-07,,,,,,,,,,,,,,,,,,,,,,,,-0.289375
,,,2020-09-08,,,,,,,,,,,,,,,,,,,,,,,,0.8399999999999999
,,,2020-09-09,,,,,,,,,,,,,,,,,,,,,,,,1.9649999999999999
,,,2020-09-10,,,,,,,,,,,,,,,,,,,,,,,,0.8399999999999999
,,,2020-09-11,,,,,,,,,,,,,,,,,,,,,,,,-1.52625
,,,2020-09-14,,,,,,,,,,,,,,,,,,,,,,,,-2.0175
,,,2020-09-15,,,,,,,,,,,,,,,,,,,,,,,,-0.7850000000000001
,,,2020-09-16,,,,,,,,,,,,,,,,,,,,,,,,2.465
,,,2020-09-17,,,,,,,,,,,,,,,,,,,,,,,,-1.52625
,,,2020-09-18,,,,,,,,,,,,,,,,,,,,,,,,2.465
,,,2020-09-21,,,,,,,,,,,,,,,,,,,,,,,,-2.0175
,,,2020-09-22,,,,,,,,,,,,,,,,,,,,,,,,-2.0175
,,,2020-09-23,,,,,,,,,,,,,,,,,,,,,,,,2.465
,,,2020-09-24,,,,,,,,,,,,,,,,,,,,,,,,1.9649999999999999
,,,2020-09-25,,,,,,,,,,,,,,,,,,,,,,,,1.9649999999999999
,,,2020-09-28,,,,,,,,,,,,,,,,,,,,,,,,-1.40125
,,,2020-09-29,,,,,,,,,,,,,,,,,,,,,,,,-0.301875
,,,2020-09-30,,,,,,,,,,,,,,,,,,,,,,,,1.9649999999999999
,,,2020-10-01,,,,,,,,,,,,,,,,,,,,,,,,-2.0175
,,,2020-10-02,,,,,,,,,,,,,,,,,,,,,,,,-0.7850000000000001
,,,2020-10-05,,,,,,,,,,,,,,,,,,,,,,,,1.9649999999999999
,,,2020-10-06,,,,,,,,,,,,,,,,,,,,,,,,-1.40125
,,,2020-10-07,,,,,,,,,,,,,,,,,,,,,,,,-2.0175
,,,2020-10-08,,,,,,,,,,,,,,,,,,,,,,,,-0.32625
,,,2020-10-09,,,,,,,,,,,,,,,,,,,,,,,,1.8775
,,,2020-10-12,,,,,,,,,,,,,,,,,,,,,,,,1.9649999999999999
,,,2020-10-13,,,,,,,,,,,,,,,,,,,,,,,,-1.0350000000000001
,,,2020-10-14,,,,,,,,,,,,,,,,,,,,,,,,2.465
,,,2020-10-15,,,,,,,,,,,,,,,,,,,,,,,,-2.0175
,,,2020-10-16,,,,,,,,,,,,,,,,,,,,,,,,0.8399999999999999
,,,2020-10-19,,,,,,,,,,,,,,,,,,,,,,,,2.465
,,,2020-10-20,,,,,,,,,,,,,,,,,,,,,,,,-2.0175
,,,2020-10-21,,,,,,,,,,,,,,,,,,,,,,,,-0.7850000000000001
,,,2020-10-22,,,,,,,,,,,,,,,,,,,,,,,,-2.0175
,,,2020-10-23,,,,,,,,,,,,,,,,,,,,,,,,0.7712499999999999
,,,2020-10-26,,,,,,,,,,,,,,,,,,,,,,,,2.465
,,,2020-10-27,,,,,,,,,,,,,,,,,,,,,,,,1.5118749999999999
,,,2020-10-28,,,,,,,,,,,,,,,,,,,,,,,,2.465
,,,2020-10-29,,,,,,,,,,,,,,,,,,,,,,,,1.9649999999999999
,,,2020-10-30,,,,,,,,,,,,,,,,,,,,,,,,0.8399999999999999
,,,2020-11-02,,,,,,,,,,,,,,,,,,,,,,,,2.465
,,,2020-11-03,,,,,,,,,,,,,,,,,,,,,,,,-1.52625
,,,2020-11-04,,,,,,,,,,,,,,,,,,,,,,,,0.46499999999999986
,,,2020-11-05,,,,,,,,,,,,,,,,,,,,,,,,-1.40125
,,,2020-11-06,,,,,,,,,,,,,,,,,,,,,,,,1.9649999999999999
,,,2020-11-09,,,,,,,,,,,,,,,,,,,,,,,,0.8399999999999999
,,,2020-11-10,,,,,,,,,,,,,,,,,,,,,,,,-2.0175
,,,2020-11-11,,,,,,,,,,,,,,,,,,,,,,,,1.39
,,,2020-11-12,,,,,,,,,,,,,,,,,,,,,,,,0.8399999999999999
,,,2020-11-13,,,,,,,,,,,,,,,,,,,,,,,,-2.0175
,,,2020-11-16,,,,,,,,,,,,,,,,,,,,,,,,-1.201875
,,,2020-11-17,,,,,,,,,,,,,,,,,,,,,,,,-1.114375
,,,2020-11-18,,,,,,,,,,,,,,,,,,,,,,,,-1.0350000000000001
,,,2020-11-19,,,,,,,,,,,,,,,,,,,,,,,,1.9649999999999999
,,,2020-11-20,,,,,,,,,,,,,,,,,,,,,,,,-2.0175
,,,2020-11-23,,,,,,,,,,,,,,,,,,,,,,,,-1.40125
,,,2020-11-24,,,,,,,,,,,,,,,,,,,,,,,,1.9649999999999999
,,,2020-11-25,,,,,,,,,,,,,,,,,,,,,,,,-0.6231250000000002
,,,2020-11-26,,,,,,,,,,,,,,,,,,,,,,,,-0.10187500000000001
,,,2020-11-27,,,,,,,,,,,,,,,,,,,,,,,,-0.51125
,,,2020-11-30,,,,,,,,,,,,,,,,,,,,,,,,-2.0175
,,,2020-12-01,,,,,,,,,,,,,,,,,,,,,,,,1.299375
,,,2020-12-02,,,,,,,,,,,,,,,,,,,,,,,,1.049375
,,,2020-12-03,,,,,,,,,,,,,,,,,,,,,,,,1.5993749999999998
,,,2020-12-04,,,,,,,,,,,,,,,,,,,,,,,,0.07125000000000002
,,,2020-12-07,,,,,,,,,,,,,,,,,,,,,,,,-0.394375
,,,2020-12-08,,,,,,,,,,,,,,,,,,,,,,,,1.9649999999999999
,,,2020-12-09,,,,,,,,,,,,,,,,,,,,,,,,2.465
,,,2020-12-10,,,,,,,,,,,,,,,,,,,,,,,,-1.085
,,,2020-12-11,,,,,,,,,,,,,,,,,,,,,,,,0.7149999999999999
,,,2020-12-14,,,,,,,,,,,,,,,,,,,,,,,,-1.376875
,,,2020-12-15,,,,,,,,,,,,,,,,,,,,,,,,-0.7850000000000001
,,,2020-12-16,,,,,,,,,,,,,,,,,,,,,,,,1.9649999999999999
,,,2020-12-17,,,,,,,,,,,,,,,,,,,,,,,,-0.9175
,,,2020-12-18,,,,,,,,,,,,,,,,,,,,,,,,2.465
,,,2020-12-21,,,,,,,,,,,,,,,,,,,,,,,,-2.0175
,,,2020-12-22,,,,,,,,,,,,,,,,,,,,,,,,-0.3381250000000001
,,,2020-12-23,,,,,,,,,,,,,,,,,,,,,,,,-0.826875
,,,2020-12-24,,,,,,,,,,,,,,,,,,,,,,,,-0.34875
,,,2020-12-28,,,,,,,,,,,,,,,,,,,,,,,,0.77125
,,,2020-12-29,,,,,,,,,,,,,,,,,,,,,,,,0.38062499999999994
,,,2020-12-30,,,,,,,,,,,,,,,,,,,,,,,,-0.3075
,,,2020-12-31,,,,,,,,,,,,,,,,,,,,,,,,-0.6287500000000001
,,,2021-01-04,,,,,,,,,,,,,,,,,,,,,,,,-0.7850000000000001
,,,2021-01-05,,,,,,,,,,,,,,,,,,,,,,,,-1.795625
,,,2021-01-06,,,,,,,,,,,,,,,,,,,,,,,,-1.0350000000000001
,,,2021-01-07,,,,,,,,,,,,,,,,,,,,,,,,1.9649999999999999
,,,2021-01-08,,,,,,,,,,,,,,,,,,,,,,,,-2.0175
,,,2021-01-11,,,,,,,,,,,,,,,,,,,,,,,,-1.52625
,,,2021-01-12,,,,,,,,,,,,,,,,,,,,,,,,-1.40125
,,,2021-01-13,,,,,,,,,,,,,,,,,,,,,,,,1.0743749999999999
,,,2021-01-14,,,,,,,,,,,,,,,,,,,,,,,,-2.0175
,,,2021-01-15,,,,,,,,,,,,,,,,,,,,,,,,-0.7412500000000002
,,,2021-01-18,,,,,,,,,,,,,,,,,,,,,,,,0.0975
,,,2021-01-19,,,,,,,,,,,,,,,,,,,,,,,,-2.0175
,,,2021-01-20,,,,,,,,,,,,,,,,,,,,,,,,1.9649999999999999
,,,2021-01-21,,,,,,,,,,,,,,,,,,,,,,,,0.46499999999999986
,,,2021-01-22,,,,,,,,,,,,,,,,,,,,,,,,-0.5393749999999999
,,,2021-01-25,,,,,,,,,,,,,,,,,,,,,,,,-2.0175
,,,2021-01-26,,,,,,,,,,,,,,,,,,,,,,,,-0.62375
,,,2021-01-27,,,,,,,,,,,,,,,,,,,,,,,,-2.0175
,,,2021-01-28,,,,,,,,,,,,,,,,,,,,,,,,1.9649999999999999
,,,2021-01-29,,,,,,,,,,,,,,,,,,,,,,,,0.8399999999999999
,,,2021-02-01,,,,,,,,,,,,,,,,,,,,,,,,1.9649999999999999
,,,2021-02-02,,,,,,,,,,,,,,,,,,,,,,,,1.58375
,,,2021-02-03,,,,,,,,,,,,,,,,,,,,,,,,1.243125
,,,2021-02-04,,,,,,,,,,,,,,,,,,,,,,,,-2.0175
,,,2021-02-05,,,,,,,,,,,,,,,,,,,,,,,,-1.2737500000000002
,,,2021-02-08,,,,,,,,,,,,,,,,,,,,,,,,-1.308125
,,,2021-02-09,,,,,,,,,,,,,,,,,,,,,,,,-1.17375
,,,2021-02-10,,,,,,,,,,,,,,,,,,,,,,,,-2.0175
,,,2021-02-11,,,,,,,,,,,,,,,,,,,,,,,,-2.0175
,,,2021-02-12,,,,,,,,,,,,,,,,,,,,,,,,1.9649999999999999
,,,2021-02-16,,,,,,,,,,,,,,,,,,,,,,,,0.855625
,,,2021-02-17,,,,,,,,,,,,,,,,,,,,,,,,-1.40125
,,,2021-02-18,,,,,,,,,,,,,,,,,,,,,,,,-2.0175
,,,2021-02-19,,,,,,,,,,,,,,,,,,,,,,,,-2.0175
,,,2021-02-22,,,,,,,,,,,,,,,,,,,,,,,,-1.40125
,,,2021-02-23,,,,,,,,,,,,,,,,,,,,,,,,-1.52625
,,,2021-02-24,,,,,,,,,,,,,,,,,,,,,,,,1.9649999999999999
,,,2021-02-25,,,,,,,,,,,,,,,,,,,,,,,,2.465
,,,2021-02-26,,,,,,,,,,,,,,,,,,,,,,,,0.46499999999999986
,,,2021-03-01,,,,,,,,,,,,,,,,,,,,,,,,1.9649999999999999
,,,2021-03-02,,,,,,,,,,,,,,,,,,,,,,,,2.465
,,,2021-03-03,,,,,,,,,,,,,,,,,,,,,,,,-1.52625
,,,2021-03-04,,,,,,,,,,,,,,,,,,,,,,,,-1.0350000000000001
,,,2021-03-05,,,,,,,,,,,,,,,,,,,,,,,,0.8399999999999999
,,,2021-03-08,,,,,,,,,,,,,,,,,,,,,,,,0.8399999999999999
,,,2021-03-09,,,,,,,,,,,,,,,,,,,,,,,,1.9649999999999999
,,,2021-03-10,,,,,,,,,,,,,,,,,,,,,,,,2.465
,,,2021-03-11,,,,,,,,,,,,,,,,,,,,,,,,1.9649999999999999
,,,2021-03-12,,,,,,,,,,,,,,,,,,,,,,,,-1.40125
,,,2021-03-15,,,,,,,,,,,,,,,,,,,,,,,,-2.0175
,,,2021-03-16,,,,,,,,,,,,,,,,,,,,,,,,-2.0175
,,,2021-03-17,,,,,,,,,,,,,,,,,,,,,,,,-0.7850000000000001
,,,2021-03-18,,,,,,,,,,,,,,,,,,,,,,,,-2.0175
,,,2021-03-19,,,,,,,,,,,,,,,,,,,,,,,,1.5775
,,,2021-03-22,,,,,,,,,,,,,,,,,,,,,,,,1.9649999999999999
,,,2021-03-23,,,,,,,,,,,,,,,,,,,,,,,,-1.52625
,,,2021-03-24,,,,,,,,,,,,,,,,,,,,,,,,-1.40125
,,,2021-03-25,,,,,,,,,,,,,,,,,,,,,,,,-0.7850000000000001
,,,2021-03-26,,,,,,,,,,,,,,,,,,,,,,,,-1.40125
,,,2021-03-29,,,,,,,,,,,,,,,,,,,,,,,,0.5899999999999999
,,,2021-03-30,,,,,,,,,,,,,,,,,,,,,,,,0.8931249999999998
,,,2021-03-31,,,,,,,,,,,,,,,,,,,,,,,,1.9649999999999999
,,,2021-04-01,,,,,,,,,,,,,,,,,,,,,,,,-0.691875
,,,2021-04-05,,,,,,,,,,,,,,,,,,,,,,,,1.9649999999999999
,,,2021-04-06,,,,,,,,,,,,,,,,,,,,,,,,-1.939375
,,,2021-04-07,,,,,,,,,,,,,,,,,,,,,,,,-0.34562499999999996
,,,2021-04-08,,,,,,,,,,,,,,,,,,,,,,,,-0.223125
,,,2021-04-09,,,,,,,,,,,,,,,,,,,,,,,,1.9649999999999999
,,,2021-04-12,,,,,,,,,,,,,,,,,,,,,,,,-0.6512500000000001
,,,2021-04-13,,,,,,,,,,,,,,,,,,,,,,,,-2.0175
,,,2021-04-14,,,,,,,,,,,,,,,,,,,,,,,,2.465
,,,2021-04-15,,,,,,,,,,,,,,,,,,,,,,,,1.661875
,,,2021-04-16,,,,,,,,,,,,,,,,,,,,,,,,0.44937499999999997
,,,2021-04-19,,,,,,,,,,,,,,,,,,,,,,,,2.465
,,,2021-04-20,,,,,,,,,,,,,,,,,,,,,,,,-0.13812500000000016
,,,2021-04-21,,,,,,,,,,,,,,,,,,,,,,,,1.9649999999999999
,,,2021-04-22,,,,,,,,,,,,,,,,,,,,,,,,-2.0175
,,,2021-04-23,,,,,,,,,,,,,,,,,,,,,,,,1.9649999999999999
,,,2021-04-26,,,,,,,,,,,,,,,,,,,,,,,,1.9649999999999999
,,,2021-04-27,,,,,,,,,,,,,,,,,,,,,,,,-0.658125
,,,2021-04-28,,,,,,,,,,,,,,,,,,,,,,,,-0.07874999999999988
,,,2021-04-29,,,,,,,,,,,,,,,,,,,,,,,,2.465
,,,2021-04-30,,,,,,,,,,,,,,,,,,,,,,,,0.8399999999999999
,,,2021-05-03,,,,,,,,,,,,,,,,,,,,,,,,1.805625
,,,2021-05-04,,,,,,,,,,,,,,,,,,,,,,,,-0.7850000000000001
,,,2021-05-05,,,,,,,,,,,,,,,,,,,,,,,,-2.0175
,,,2021-05-06,,,,,,,,,,,,,,,,,,,,,,,,0.46499999999999986
,,,2021-05-07,,,,,,,,,,,,,,,,,,,,,,,,-1.52625
,,,2021-05-10,,,,,,,,,,,,,,,,,,,,,,,,0.8399999999999999
,,,2021-05-11,,,,,,,,,,,,,,,,,,,,,,,,-2.0175
,,,2021-05-12,,,,,,,,,,,,,,,,,,,,,,,,2.465
,,,2021-05-13,,,,,,,,,,,,,,,,,,,,,,,,0.7149999999999999
,,,2021-05-14,,,,,,,,,,,,,,,,,,,,,,,,1.9649999999999999
,,,2021-05-17,,,,,,,,,,,,,,,,,,,,,,,,2.465
,,,2021-05-18,,,,,,,,,,,,,,,,,,,,,,,,-2.0175
,,,2021-05-19,,,,,,,,,,,,,,,,,,,,,,,,1.9649999999999999
,,,2021-05-20,,,,,,,,,,,,,,,,,,,,,,,,1.9649999999999999
,,,2021-05-21,,,,,,,,,,,,,,,,,,,,,,,,2.465
,,,2021-05-24,,,,,,,,,,,,,,,,,,,,,,,,1.549375
,,,2021-05-25,,,,,,,,,,,,,,,,,,,,,,,,0.09875
,,,2021-05-26,,,,,,,,,,,,,,,,,,,,,,,,-0.395625
,,,2021-05-27,,,,,,,,,,,,,,,,,,,,,,,,-0.808125
,,,2021-05-28,,,,,,,,,,,,,,,,,,,,,,,,-0.995625
,,,2021-06-01,,,,,,,,,,,,,,,,,,,,,,,,-1.120625
,,,2021-06-02,,,,,,,,,,,,,,,,,,,,,,,,-2.0175
,,,2021-06-03,,,,,,,,,,,,,,,,,,,,,,,,-1.376875
,,,2021-06-04,,,,,,,,,,,,,,,,,,,,,,,,1.0962500000000002
,,,2021-06-07,,,,,,,,,,,,,,,,,,,,,,,,1.9649999999999999
,,,2021-06-08,,,,,,,,,,,,,,,,,,,,,,,,0.3306249999999999
,,,2021-06-09,,,,,,,,,,,,,,,,,,,,,,,,1.9025
,,,2021-06-10,,,,,,,,,,,,,,,,,,,,,,,,-2.0175
,,,2021-06-11,,,,,,,,,,,,,,,,,,,,,,,,-0.6925
,,,2021-06-14,,,,,,,,,,,,,,,,,,,,,,,,1.9649999999999999
,,,2021-06-15,,,,,,,,,,,,,,,,,,,,,,,,2.0618749999999997
,,,2021-06-16,,,,,,,,,,,,,,,,,,,,,,,,2.465
,,,2021-06-17,,,,,,,,,,,,,,,,,,,,,,,,0.46499999999999986
,,,2021-06-18,,,,,,,,,,,,,,,,,,,,,,,,-0.3418750000000001
,,,2021-06-21,,,,,,,,,,,,,,,,,,,,,,,,1.580625
,,,2021-06-22,,,,,,,,,,,,,,,,,,,,,,,,1.9649999999999999
,,,2021-06-23,,,,,,,,,,,,,,,,,,,,,,,,0.39
,,,2021-06-24,,,,,,,,,,,,,,,,,,,,,,,,-1.495625
,,,2021-06-25,,,,,,,,,,,,,,,,,,,,,,,,0.57125
,,,2021-06-28,,,,,,,,,,,,,,,,,,,,,,,,0.6387499999999999
,,,2021-06-29,,,,,,,,,,,,,,,,,,,,,,,,0.63375
,,,2021-06-30,,,,,,,,,,,,,,,,,,,,,,,,-0.226875
,,,2021-07-01,,,,,,,,,,,,,,,,,,,,,,,,-0.4793750000000001
,,,2021-07-02,,,,,,,,,,,,,,,,,,,,,,,,-2.0175
,,,2021-07-06,,,,,,,,,,,,,,,,,,,,,,,,2.465
,,,2021-07-07,,,,,,,,,,,,,,,,,,,,,,,,-0.99875
,,,2021-07-08,,,,,,,,,,,,,,,,,,,,,,,,0.46499999999999986
,,,2021-07-09,,,,,,,,,,,,,,,,,,,,,,,,1.368125
,,,2021-07-12,,,,,,,,,,,,,,,,,,,,,,,,0.44875000000000004
,,,2021-07-13,,,,,,,,,,,,,,,,,,,,,,,,-1.52625
,,,2021-07-14,,,,,,,,,,,,,,,,,,,,,,,,-2.0175
,,,2021-07-15,,,,,,,,,,,,,,,,,,,,,,,,1.42125
,,,2021-07-16,,,,,,,,,,,,,,,,,,,,,,,,2.465
,,,2021-07-19,,,,,,,,,,,,,,,,,,,,,,,,-0.9100000000000001
,,,2021-07-20,,,,,,,,,,,,,,,,,,,,,,,,1.9649999999999999
,,,2021-07-21,,,,,,,,,,,,,,,,,,,,,,,,1.9649999999999999
,,,2021-07-22,,,,,,,,,,,,,,,,,,,,,,,,-0.91625
,,,2021-07-23,,,,,,,,,,,,,,,,,,,,,,,,1.9649999999999999
,,,2021-07-26,,,,,,,,,,,,,,,,,,,,,,,,-0.258125
,,,2021-07-27,,,,,,,,,,,,,,,,,,,,,,,,2.465
,,,2021-07-28,,,,,,,,,,,,,,,,,,,,,,,,-1.52625
,,,2021-07-29,,,,,,,,,,,,,,,,,,,,,,,,-0.7831250000000001
,,,2021-07-30,,,,,,,,,,,,,,,,,,,,,,,,0.004999999999999949
,,,2021-08-02,,,,,,,,,,,,,,,,,,,,,,,,-1.52625
,,,2021-08-03,,,,,,,,,,,,,,,,,,,,,,,,0.5899999999999999
,,,2021-08-04,,,,,,,,,,,,,,,,,,,,,,,,-1.5237500000000002
,,,2021-08-05,,,,,,,,,,,,,,,,,,,,,,,,0.33062500000000006
,,,2021-08-06,,,,,,,,,,,,,,,,,,,,,,,,-0.289375
,,,2021-08-09,,,,,,,,,,,,,,,,,,,,,,,,-0.208125
,,,2021-08-10,,,,,,,,,,,,,,,,,,,,,,,,0.60875
,,,2021-08-11,,,,,,,,,,,,,,,,,,,,,,,,-0.14187500000000003
,,,2021-08-12,,,,,,,,,,,,,,,,,,,,,,,,1.77125
,,,2021-08-13,,,,,,,,,,,,,,,,,,,,,,,,0.136875
,,,2021-08-16,,,,,,,,,,,,,,,,,,,,,,,,-2.0175
,,,2021-08-17,,,,,,,,,,,,,,,,,,,,,,,,-2.0175
,,,2021-08-18,,,,,,,,,,,,,,,,,,,,,,,,2.465
,,,2021-08-19,,,,,,,,,,,,,,,,,,,,,,,,0.46499999999999986
,,,2021-08-20,,,,,,,,,,,,,,,,,,,,,,,,-0.24750000000000005
,,,2021-08-23,,,,,,,,,,,,,,,,,,,,,,,,1.6024999999999998
,,,2021-08-24,,,,,,,,,,,,,,,,,,,,,,,,-0.44562499999999994
,,,2021-08-25,,,,,,,,,,,,,,,,,,,,,,,,-0.5643750000000001
,,,2021-08-26,,,,,,,,,,,,,,,,,,,,,,,,1.0743749999999999
,,,2021-08-27,,,,,,,,,,,,,,,,,,,,,,,,1.54
,,,2021-08-30,,,,,,,,,,,,,,,,,,,,,,,,1.9649999999999999
,,,2021-08-31,,,,,,,,,,,,,,,,,,,,,,,,0.4774999999999999
,,,2021-09-01,,,,,,,,,,,,,,,,,,,,,,,,1.258125
,,,2021-09-02,,,,,,,,,,,,,,,,,,,,,,,,0.8399999999999999
,,,2021-09-03,,,,,,,,,,,,,,,,,,,,,,,,0.42124999999999996
,,,2021-09-07,,,,,,,,,,,,,,,,,,,,,,,,-0.07
,,,2021-09-08,,,,,,,,,,,,,,,,,,,,,,,,1.0556249999999998
,,,2021-09-09,,,,,,,,,,,,,,,,,,,,,,,,2.465
,,,2021-09-10,,,,,,,,,,,,,,,,,,,,,,,,2.465
,,,2021-09-13,,,,,,,,,,,,,,,,,,,,,,,,-0.36312500000000014
,,,2021-09-14,,,,,,,,,,,,,,,,,,,,,,,,-2.0175
,,,2021-09-15,,,,,,,,,,,,,,,,,,,,,,,,1.9649999999999999
,,,2021-09-16,,,,,,,,,,,,,,,,,,,,,,,,-2.0175
,,,2021-09-17,,,,,,,,,,,,,,,,,,,,,,,,0.943125
,,,2021-09-20,,,,,,,,,,,,,,,,,,,,,,,,2.465
,,,2021-09-21,,,,,,,,,,,,,,,,,,,,,,,,-1.2975
,,,2021-09-22,,,,,,,,,,,,,,,,,,,,,,,,1.9649999999999999
,,,2021-09-23,,,,,,,,,,,,,,,,,,,,,,,,0.915
,,,2021-09-24,,,,,,,,,,,,,,,,,,,,,,,,0.46499999999999986
,,,2021-09-27,,,,,,,,,,,,,,,,,,,,,,,,0.46499999999999986
,,,2021-09-28,,,,,,,,,,,,,,,,,,,,,,,,0.8399999999999999
,,,2021-09-29,,,,,,,,,,,,,,,,,,,,,,,,0.8399999999999999
,,,2021-09-30,,,,,,,,,,,,,,,,,,,,,,,,2.465
,,,2021-10-01,,,,,,,,,,,,,,,,,,,,,,,,0.46499999999999986
,,,2021-10-04,,,,,,,,,,,,,,,,,,,,,,,,2.465
,,,2021-10-05,,,,,,,,,,,,,,,,,,,,,,,,1.9649999999999999
,,,2021-10-06,,,,,,,,,,,,,,,,,,,,,,,,0.46499999999999986
,,,2021-10-07,,,,,,,,,,,,,,,,,,,,,,,,-2.0175
,,,2021-10-08,,,,,,,,,,,,,,,,,,,,,,,,1.5775
,,,2021-10-11,,,,,,,,,,,,,,,,,,,,,,,,-2.0175
,,,2021-10-12,,,,,,,,,,,,,,,,,,,,,,,,0.1962499999999998
,,,2021-10-13,,,,,,,,,,,,,,,,,,,,,,,,0.5899999999999999
,,,2021-10-14,,,,,,,,,,,,,,,,,,,,,,,,1.9649999999999999
,,,2021-10-15,,,,,,,,,,,,,,,,,,,,,,,,-0.028750000000000053
,,,2021-10-18,,,,,,,,,,,,,,,,,,,,,,,,1.9649999999999999
,,,2021-10-19,,,,,,,,,,,,,,,,,,,,,,,,0.445
,,,2021-10-20,,,,,,,,,,,,,,,,,,,,,,,,2.465
,,,2021-10-21,,,,,,,,,,,,,,,,,,,,,,,,1.8868749999999999
,,,2021-10-22,,,,,,,,,,,,,,,,,,,,,,,,0.8399999999999999
,,,2021-10-25,,,,,,,,,,,,,,,,,,,,,,,,1.9649999999999999
,,,2021-10-26,,,,,,,,,,,,,,,,,,,,,,,,-2.0175
,,,2021-10-27,,,,,,,,,,,,,,,,,,,,,,,,1.9649999999999999
,,,2021-10-28,,,,,,,,,,,,,,,,,,,,,,,,1.0618750000000001
,,,2021-10-29,,,,,,,,,,,,,,,,,,,,,,,,1.9649999999999999
,,,2021-11-01,,,,,,,,,,,,,,,,,,,,,,,,0.380625
,,,2021-11-02,,,,,,,,,,,,,,,,,,,,,,,,-0.41375
,,,2021-11-03,,,,,,,,,,,,,,,,,,,,,,,,0.46499999999999986
,,,2021-11-04,,,,,,,,,,,,,,,,,,,,,,,,1.9649999999999999
,,,2021-11-05,,,,,,,,,,,,,,,,,,,,,,,,1.786875
,,,2021-11-08,,,,,,,,,,,,,,,,,,,,,,,,-0.41
,,,2021-11-09,,,,,,,,,,,,,,,,,,,,,,,,2.465
,,,2021-11-10,,,,,,,,,,,,,,,,,,,,,,,,0.8399999999999999
,,,2021-11-11,,,,,,,,,,,,,,,,,,,,,,,,1.50875
,,,2021-11-12,,,,,,,,,,,,,,,,,,,,,,,,0.718125
,,,2021-11-15,,,,,,,,,,,,,,,,,,,,,,,,0.8399999999999999
,,,2021-11-16,,,,,,,,,,,,,,,,,,,,,,,,-0.14437500000000014
,,,2021-11-17,,,,,,,,,,,,,,,,,,,,,,,,1.9649999999999999
,,,2021-11-18,,,,,,,,,,,,,,,,,,,,,,,,-2.0175
,,,2021-11-19,,,,,,,,,,,,,,,,,,,,,,,,-0.45750000000000013
,,,2021-11-22,,,,,,,,,,,,,,,,,,,,,,,,-2.0175
,,,2021-11-23,,,,,,,,,,,,,,,,,,,,,,,,0.8399999999999999
,,,2021-11-24,,,,,,,,,,,,,,,,,,,,,,,,1.9649999999999999
,,,2021-11-26,,,,,,,,,,,,,,,,,,,,,,,,2.465
,,,2021-11-29,,,,,,,,,,,,,,,,,,,,,,,,1.9649999999999999
,,,2021-11-30,,,,,,,,,,,,,,,,,,,,,,,,2.465
,,,2021-12-01,,,,,,,,,,,,,,,,,,,,,,,,-1.52625
,,,2021-12-02,,,,,,,,,,,,,,,,,,,,,,,,-2.0175
,,,2021-12-03,,,,,,,,,,,,,,,,,,,,,,,,2.465
,,,2021-12-06,,,,,,,,,,,,,,,,,,,,,,,,1.9649999999999999
,,,2021-12-07,,,,,,,,,,,,,,,,,,,,,,,,0.46499999999999986
,,,2021-12-08,,,,,,,,,,,,,,,,,,,,,,,,0.46499999999999986
,,,2021-12-09,,,,,,,,,,,,,,,,,,,,,,,,2.465
,,,2021-12-10,,,,,,,,,,,,,,,,,,,,,,,,-1.40125
,,,2021-12-13,,,,,,,,,,,,,,,,,,,,,,,,2.418125
,,,2021-12-14,,,,,,,,,,,,,,,,,,,,,,,,0.8399999999999999
,,,2021-12-15,,,,,,,,,,,,,,,,,,,,,,,,-1.40125
,,,2021-12-16,,,,,,,,,,,,,,,,,,,,,,,,2.465
,,,2021-12-17,,,,,,,,,,,,,,,,,,,,,,,,-1.0350000000000001
,,,2021-12-20,,,,,,,,,,,,,,,,,,,,,,,,-1.40125
,,,2021-12-21,,,,,,,,,,,,,,,,,,,,,,,,-2.0175
,,,2021-12-22,,,,,,,,,,,,,,,,,,,,,,,,0.46499999999999986
,,,2021-12-23,,,,,,,,,,,,,,,,,,,,,,,,1.718125
,,,2021-12-27,,,,,,,,,,,,,,,,,,,,,,,,1.9649999999999999
,,,2021-12-28,,,,,,,,,,,,,,,,,,,,,,,,1.8025
,,,2021-12-29,,,,,,,,,,,,,,,,,,,,,,,,-0.4850000000000001
,,,2021-12-30,,,,,,,,,,,,,,,,,,,,,,,,-2.0175
,,,2021-12-31,,,,,,,,,,,,,,,,,,,,,,,,2.465
,,,2022-01-03,,,,,,,,,,,,,,,,,,,,,,,,1.7712499999999998
,,,2022-01-04,,,,,,,,,,,,,,,,,,,,,,,,2.465
,,,2022-01-05,,,,,,,,,,,,,,,,,,,,,,,,2.465
,,,2022-01-06,,,,,,,,,,,,,,,,,,,,,,,,-1.0350000000000001
,,,2022-01-07,,,,,,,,,,,,,,,,,,,,,,,,-2.0175
,,,2022-01-10,,,,,,,,,,,,,,,,,,,,,,,,-2.0175
,,,2022-01-11,,,,,,,,,,,,,,,,,,,,,,,,0.46499999999999986
,,,2022-01-12,,,,,,,,,,,,,,,,,,,,,,,,-1.40125
,,,2022-01-13,,,,,,,,,,,,,,,,,,,,,,,,0.8399999999999999
,,,2022-01-14,,,,,,,,,,,,,,,,,,,,,,,,0.8399999999999999
,,,2022-01-17,,,,,,,,,,,,,,,,,,,,,,,,-0.008749999999999999
,,,2022-01-18,,,,,,,,,,,,,,,,,,,,,,,,0.8399999999999999
,,,2022-01-19,,,,,,,,,,,,,,,,,,,,,,,,-0.7850000000000001
,,,2022-01-20,,,,,,,,,,,,,,,,,,,,,,,,-1.52625
,,,2022-01-21,,,,,,,,,,,,,,,,,,,,,,,,-1.0350000000000001
,,,2022-01-24,,,,,,,,,,,,,,,,,,,,,,,,0.8399999999999999
,,,2022-01-25,,,,,,,,,,,,,,,,,,,,,,,,0.8399999999999999
,,,2022-01-26,,,,,,,,,,,,,,,,,,,,,,,,-2.0175
,,,2022-01-27,,,,,,,,,,,,,,,,,,,,,,,,-2.0175
,,,2022-01-28,,,,,,,,,,,,,,,,,,,,,,,,1.9649999999999999
,,,2022-01-31,,,,,,,,,,,,,,,,,,,,,,,,1.9649999999999999
,,,2022-02-01,,,,,,,,,,,,,,,,,,,,,,,,-1.0350000000000001
,,,2022-02-02,,,,,,,,,,,,,,,,,,,,,,,,-0.7850000000000001
,,,2022-02-03,,,,,,,,,,,,,,,,,,,,,,,,-2.0175
,,,2022-02-04,,,,,,,,,,,,,,,,,,,,,,,,-1.40125
,,,2022-02-07,,,,,,,,,,,,,,,,,,,,,,,,0.8399999999999999
,,,2022-02-08,,,,,,,,,,,,,,,,,,,,,,,,1.9649999999999999
,,,2022-02-09,,,,,,,,,,,,,,,,,,,,,,,,1.9649999999999999
,,,2022-02-10,,,,,,,,,,,,,,,,,,,,,,,,-1.0350000000000001
,,,2022-02-11,,,,,,,,,,,,,,,,,,,,,,,,2.465
,,,2022-02-14,,,,,,,,,,,,,,,,,,,,,,,,1.9649999999999999
,,,2022-02-15,,,,,,,,,,,,,,,,,,,,,,,,-2.0175
,,,2022-02-16,,,,,,,,,,,,,,,,,,,,,,,,0.46499999999999986
,,,2022-02-17,,,,,,,,,,,,,,,,,,,,,,,,2.465
,,,2022-02-18,,,,,,,,,,,,,,,,,,,,,,,,2.465
,,,2022-02-21,,,,,,,,,,,,,,,,,,,,,,,,0.8399999999999999
,,,2022-02-22,,,,,,,,,,,,,,,,,,,,,,,,-2.0175
,,,2022-02-23,,,,,,,,,,,,,,,,,,,,,,,,-1.40125
,,,2022-02-24,,,,,,,,,,,,,,,,,,,,,,,,0.46499999999999986
,,,2022-02-25,,,,,,,,,,,,,,,,,,,,,,,,1.9649999999999999
,,,2022-02-28,,,,,,,,,,,,,,,,,,,,,,,,-1.0350000000000001
,,,2022-03-01,,,,,,,,,,,,,,,,,,,,,,,,0.8399999999999999
,,,2022-03-02,,,,,,,,,,,,,,,,,,,,,,,,-2.0175
,,,2022-03-03,,,,,,,,,,,,,,,,,,,,,,,,-1.40125
,,,2022-03-04,,,,,,,,,,,,,,,,,,,,,,,,-1.40125
,,,2022-03-07,,,,,,,,,,,,,,,,,,,,,,,,2.465
,,,2022-03-08,,,,,,,,,,,,,,,,,,,,,,,,-1.40125
,,,2022-03-09,,,,,,,,,,,,,,,,,,,,,,,,1.9649999999999999
,,,2022-03-10,,,,,,,,,,,,,,,,,,,,,,,,-1.40125
,,,2022-03-11,,,,,,,,,,,,,,,,,,,,,,,,2.465
,,,2022-03-14,,,,,,,,,,,,,,,,,,,,,,,,0.8399999999999999
,,,2022-03-15,,,,,,,,,,,,,,,,,,,,,,,,-1.0350000000000001
,,,2022-03-16,,,,,,,,,,,,,,,,,,,,,,,,-2.0175
,,,2022-03-17,,,,,,,,,,,,,,,,,,,,,,,,-2.0175
,,,2022-03-18,,,,,,,,,,,,,,,,,,,,,,,,1.9649999999999999
,,,2022-03-21,,,,,,,,,,,,,,,,,,,,,,,,-2.0175
,,,2022-03-22,,,,,,,,,,,,,,,,,,,,,,,,0.46499999999999986
,,,2022-03-23,,,,,,,,,,,,,,,,,,,,,,,,1.9649999999999999
,,,2022-03-24,,,,,,,,,,,,,,,,,,,,,,,,1.9649999999999999
,,,2022-03-25,,,,,,,,,,,,,,,,,,,,,,,,-2.0175
,,,2022-03-28,,,,,,,,,,,,,,,,,,,,,,,,0.8399999999999999
,,,2022-03-29,,,,,,,,,,,,,,,,,,,,,,,,-2.0175
,,,2022-03-30,,,,,,,,,,,,,,,,,,,,,,,,-2.0175
,,,2022-03-31,,,,,,,,,,,,,,,,,,,,,,,,-2.0175
,,,2022-04-01,,,,,,,,,,,,,,,,,,,,,,,,-1.40125
,,,2022-04-04,,,,,,,,,,,,,,,,,,,,,,,,1.9649999999999999
,,,2022-04-05,,,,,,,,,,,,,,,,,,,,,,,,2.465
,,,2022-04-06,,,,,,,,,,,,,,,,,,,,,,,,-0.7850000000000001
,,,2022-04-07,,,,,,,,,,,,,,,,,,,,,,,,2.465
,,,2022-04-08,,,,,,,,,,,,,,,,,,,,,,,,-1.0350000000000001
,,,2022-04-11,,,,,,,,,,,,,,,,,,,,,,,,2.465
,,,2022-04-12,,,,,,,,,,,,,,,,,,,,,,,,0.8399999999999999
,,,2022-04-13,,,,,,,,,,,,,,,,,,,,,,,,1.9649999999999999
,,,2022-04-14,,,,,,,,,,,,,,,,,,,,,,,,2.465
,,,2022-04-18,,,,,,,,,,,,,,,,,,,,,,,,-2.0175
,,,2022-04-19,,,,,,,,,,,,,,,,,,,,,,,,1.9649999999999999
,,,2022-04-20,,,,,,,,,,,,,,,,,,,,,,,,-2.0175
,,,2022-04-21,,,,,,,,,,,,,,,,,,,,,,,,2.465
,,,2022-04-22,,,,,,,,,,,,,,,,,,,,,,,,2.465
,,,2022-04-25,,,,,,,,,,,,,,,,,,,,,,,,-2.0175
,,,2022-04-26,,,,,,,,,,,,,,,,,,,,,,,,-0.7850000000000001
,,,2022-04-27,,,,,,,,,,,,,,,,,,,,,,,,-1.40125
,,,2022-04-28,,,,,,,,,,,,,,,,,,,,,,,,-2.0175
,,,2022-04-29,,,,,,,,,,,,,,,,,,,,,,,,2.465
,,,2022-05-02,,,,,,,,,,,,,,,,,,,,,,,,-1.52625
,,,2022-05-03,,,,,,,,,,,,,,,,,,,,,,,,-1.40125
,,,2022-05-04,,,,,,,,,,,,,,,,,,,,,,,,-0.7850000000000001
,,,2022-05-05,,,,,,,,,,,,,,,,,,,,,,,,2.465
,,,2022-05-06,,,,,,,,,,,,,,,,,,,,,,,,0.46499999999999986
,,,2022-05-09,,,,,,,,,,,,,,,,,,,,,,,,0.8399999999999999
,,,2022-05-10,,,,,,,,,,,,,,,,,,,,,,,,0.8399999999999999
,,,2022-05-11,,,,,,,,,,,,,,,,,,,,,,,,-1.40125
,,,2022-05-12,,,,,,,,,,,,,,,,,,,,,,,,-1.52625
,,,2022-05-13,,,,,,,,,,,,,,,,,,,,,,,,1.9649999999999999
,,,2022-05-16,,,,,,,,,,,,,,,,,,,,,,,,-0.7850000000000001
,,,2022-05-17,,,,,,,,,,,,,,,,,,,,,,,,-2.0175
,,,2022-05-18,,,,,,,,,,,,,,,,,,,,,,,,2.465
,,,2022-05-19,,,,,,,,,,,,,,,,,,,,,,,,0.46499999999999986
,,,2022-05-20,,,,,,,,,,,,,,,,,,,,,,,,2.465
,,,2022-05-23,,,,,,,,,,,,,,,,,,,,,,,,0.46499999999999986
,,,2022-05-24,,,,,,,,,,,,,,,,,,,,,,,,-1.40125
,,,2022-05-25,,,,,,,,,,,,,,,,,,,,,,,,-1.0350000000000001
,,,2022-05-26,,,,,,,,,,,,,,,,,,,,,,,,1.9649999999999999
,,,2022-05-27,,,,,,,,,,,,,,,,,,,,,,,,1.9649999999999999
,,,2022-05-30,,,,,,,,,,,,,,,,,,,,,,,,0.755625
,,,2022-05-31,,,,,,,,,,,,,,,,,,,,,,,,0.46499999999999986
,,,2022-06-01,,,,,,,,,,,,,,,,,,,,,,,,2.465
,,,2022-06-02,,,,,,,,,,,,,,,,,,,,,,,,1.9649999999999999
,,,2022-06-03,,,,,,,,,,,,,,,,,,,,,,,,-1.40125
,,,2022-06-06,,,,,,,,,,,,,,,,,,,,,,,,-2.0175
,,,2022-06-07,,,,,,,,,,,,,,,,,,,,,,,,-2.0175
,,,2022-06-08,,,,,,,,,,,,,,,,,,,,,,,,-1.52625
,,,2022-06-09,,,,,,,,,,,,,,,,,,,,,,,,0.7149999999999999
,,,2022-06-10,,,,,,,,,,,,,,,,,,,,,,,,-0.7850000000000001
,,,2022-06-13,,,,,,,,,,,,,,,,,,,,,,,,-2.0175
,,,2022-06-14,,,,,,,,,,,,,,,,,,,,,,,,-1.0350000000000001
,,,2022-06-15,,,,,,,,,,,,,,,,,,,,,,,,-2.0175
,,,2022-06-16,,,,,,,,,,,,,,,,,,,,,,,,0.8399999999999999
,,,2022-06-17,,,,,,,,,,,,,,,,,,,,,,,,-1.40125
,,,2022-06-20,,,,,,,,,,,,,,,,,,,,,,,,1.6025
,,,2022-06-21,,,,,,,,,,,,,,,,,,,,,,,,-1.5925
,,,2022-06-22,,,,,,,,,,,,,,,,,,,,,,,,-1.0350000000000001
,,,2022-06-23,,,,,,,,,,,,,,,,,,,,,,,,-1.0350000000000001
,,,2022-06-24,,,,,,,,,,,,,,,,,,,,,,,,1.9649999999999999
,,,2022-06-27,,,,,,,,,,,,,,,,,,,,,,,,-2.0175
,,,2022-06-28,,,,,,,,,,,,,,,,,,,,,,,,2.465
,,,2022-06-29,,,,,,,,,,,,,,,,,,,,,,,,-1.295625
,,,2022-06-30,,,,,,,,,,,,,,,,,,,,,,,,0.46499999999999986
,,,2022-07-01,,,,,,,,,,,,,,,,,,,,,,,,-2.0175
,,,2022-07-04,,,,,,,,,,,,,,,,,,,,,,,,-0.170625
,,,2022-07-05,,,,,,,,,,,,,,,,,,,,,,,,0.46499999999999986
,,,2022-07-06,,,,,,,,,,,,,,,,,,,,,,,,-1.0350000000000001
,,,2022-07-07,,,,,,,,,,,,,,,,,,,,,,,,1.9649999999999999
,,,2022-07-08,,,,,,,,,,,,,,,,,,,,,,,,-1.0350000000000001
,,,2022-07-11,,,,,,,,,,,,,,,,,,,,,,,,0.46499999999999986
,,,2022-07-12,,,,,,,,,,,,,,,,,,,,,,,,-2.0175
,,,2022-07-13,,,,,,,,,,,,,,,,,,,,,,,,-1.52625
,,,2022-07-14,,,,,,,,,,,,,,,,,,,,,,,,1.9649999999999999
,,,2022-07-15,,,,,,,,,,,,,,,,,,,,,,,,0.561875
,,,2022-07-18,,,,,,,,,,,,,,,,,,,,,,,,-2.0175
,,,2022-07-19,,,,,,,,,,,,,,,,,,,,,,,,1.9649999999999999
,,,2022-07-20,,,,,,,,,,,,,,,,,,,,,,,,1.9649999999999999
,,,2022-07-21,,,,,,,,,,,,,,,,,,,,,,,,-2.0175
,,,2022-07-22,,,,,,,,,,,,,,,,,,,,,,,,2.465
,,,2022-07-25,,,,,,,,,,,,,,,,,,,,,,,,-0.7850000000000001
,,,2022-07-26,,,,,,,,,,,,,,,,,,,,,,,,2.465
,,,2022-07-27,,,,,,,,,,,,,,,,,,,,,,,,1.9649999999999999
,,,2022-07-28,,,,,,,,,,,,,,,,,,,,,,,,0.46499999999999986
,,,2022-07-29,,,,,,,,,,,,,,,,,,,,,,,,-1.40125
,,,2022-08-01,,,,,,,,,,,,,,,,,,,,,,,,-2.0175
,,,2022-08-02,,,,,,,,,,,,,,,,,,,,,,,,1.9649999999999999
,,,2022-08-03,,,,,,,,,,,,,,,,,,,,,,,,1.9649999999999999
,,,2022-08-04,,,,,,,,,,,,,,,,,,,,,,,,-2.0175
,,,2022-08-05,,,,,,,,,,,,,,,,,,,,,,,,-2.0175
,,,2022-08-08,,,,,,,,,,,,,,,,,,,,,,,,2.465
,,,2022-08-09,,,,,,,,,,,,,,,,,,,,,,,,-0.44500000000000006
,,,2022-08-10,,,,,,,,,,,,,,,,,,,,,,,,1.7399999999999998
,,,2022-08-11,,,,,,,,,,,,,,,,,,,,,,,,2.465
,,,2022-08-12,,,,,,,,,,,,,,,,,,,,,,,,1.9649999999999999
,,,2022-08-15,,,,,,,,,,,,,,,,,,,,,,,,-2.0175
,,,2022-08-16,,,,,,,,,,,,,,,,,,,,,,,,-2.0175
,,,2022-08-17,,,,,,,,,,,,,,,,,,,,,,,,-1.40125
,,,2022-08-18,,,,,,,,,,,,,,,,,,,,,,,,-0.019375000000000142
,,,2022-08-19,,,,,,,,,,,,,,,,,,,,,,,,0.464375
,,,2022-08-22,,,,,,,,,,,,,,,,,,,,,,,,2.465
,,,2022-08-23,,,,,,,,,,,,,,,,,,,,,,,,1.35875
,,,2022-08-24,,,,,,,,,,,,,,,,,,,,,,,,-0.37875000000000014
,,,2022-08-25,,,,,,,,,,,,,,,,,,,,,,,,-1.52625
,,,2022-08-26,,,,,,,,,,,,,,,,,,,,,,,,2.465
,,,2022-08-29,,,,,,,,,,,,,,,,,,,,,,,,-1.40125
,,,2022-08-30,,,,,,,,,,,,,,,,,,,,,,,,0.8399999999999999
,,,2022-08-31,,,,,,,,,,,,,,,,,,,,,,,,2.465
,,,2022-09-01,,,,,,,,,,,,,,,,,,,,,,,,0.8399999999999999
,,,2022-09-02,,,,,,,,,,,,,,,,,,,,,,,,-1.52625
,,,2022-09-05,,,,,,,,,,,,,,,,,,,,,,,,-0.32375
,,,2022-09-06,,,,,,,,,,,,,,,,,,,,,,,,1.9649999999999999
,,,2022-09-07,,,,,,,,,,,,,,,,,,,,,,,,1.9649999999999999
,,,2022-09-08,,,,,,,,,,,,,,,,,,,,,,,,-1.52625
,,,2022-09-09,,,,,,,,,,,,,,,,,,,,,,,,1.9649999999999999
,,,2022-09-12,,,,,,,,,,,,,,,,,,,,,,,,0.33062499999999995
,,,2022-09-13,,,,,,,,,,,,,,,,,,,,,,,,2.465
,,,2022-09-14,,,,,,,,,,,,,,,,,,,,,,,,-1.52625
,,,2022-09-15,,,,,,,,,,,,,,,,,,,,,,,,-1.40125
,,,2022-09-16,,,,,,,,,,,,,,,,,,,,,,,,-1.40125
,,,2022-09-19,,,,,,,,,,,,,,,,,,,,,,,,-2.0175
,,,2022-09-20,,,,,,,,,,,,,,,,,,,,,,,,1.9649999999999999
,,,2022-09-21,,,,,,,,,,,,,,,,,,,,,,,,-2.0175
,,,2022-09-22,,,,,,,,,,,,,,,,,,,,,,,,-1.40125
,,,2022-09-23,,,,,,,,,,,,,,,,,,,,,,,,2.465
,,,2022-09-26,,,,,,,,,,,,,,,,,,,,,,,,-2.0175
,,,2022-09-27,,,,,,,,,,,,,,,,,,,,,,,,-1.0918750000000002
,,,2022-09-28,,,,,,,,,,,,,,,,,,,,,,,,1.9649999999999999
,,,2022-09-29,,,,,,,,,,,,,,,,,,,,,,,,-0.7850000000000001
,,,2022-09-30,,,,,,,,,,,,,,,,,,,,,,,,-1.52625
,,,2022-10-03,,,,,,,,,,,,,,,,,,,,,,,,1.9649999999999999
,,,2022-10-04,,,,,,,,,,,,,,,,,,,,,,,,-2.0175
,,,2022-10-05,,,,,,,,,,,,,,,,,,,,,,,,-2.0175
,,,2022-10-06,,,,,,,,,,,,,,,,,,,,,,,,-1.40125
,,,2022-10-07,,,,,,,,,,,,,,,,,,,,,,,,2.465
,,,2022-10-10,,,,,,,,,,,,,,,,,,,,,,,,2.465
,,,2022-10-11,,,,,,,,,,,,,,,,,,,,,,,,0.46499999999999986
,,,2022-10-12,,,,,,,,,,,,,,,,,,,,,,,,-0.0318750000000001
,,,2022-10-13,,,,,,,,,,,,,,,,,,,,,,,,-1.0350000000000001
,,,2022-10-14,,,,,,,,,,,,,,,,,,,,,,,,0.8399999999999999
,,,2022-10-17,,,,,,,,,,,,,,,,,,,,,,,,-2.0175
,,,2022-10-18,,,,,,,,,,,,,,,,,,,,,,,,0.8399999999999999
,,,2022-10-19,,,,,,,,,,,,,,,,,,,,,,,,-2.0175
,,,2022-10-20,,,,,,,,,,,,,,,,,,,,,,,,-1.0350000000000001
,,,2022-10-21,,,,,,,,,,,,,,,,,,,,,,,,0.46499999999999986
,,,2022-10-24,,,,,,,,,,,,,,,,,,,,,,,,0.46499999999999986
,,,2022-10-25,,,,,,,,,,,,,,,,,,,,,,,,1.0837499999999998
,,,2022-10-26,,,,,,,,,,,,,,,,,,,,,,,,-1.52625
,,,2022-10-27,,,,,,,,,,,,,,,,,,,,,,,,2.465
,,,2022-10-28,,,,,,,,,,,,,,,,,,,,,,,,1.9649999999999999
,,,2022-10-31,,,,,,,,,,,,,,,,,,,,,,,,0.46499999999999986
,,,2022-11-01,,,,,,,,,,,,,,,,,,,,,,,,2.0837499999999998
,,,2022-11-02,,,,,,,,,,,,,,,,,,,,,,,,-0.7850000000000001
,,,2022-11-03,,,,,,,,,,,,,,,,,,,,,,,,-2.0175
,,,2022-11-04,,,,,,,,,,,,,,,,,,,,,,,,-2.0175
,,,2022-11-07,,,,,,,,,,,,,,,,,,,,,,,,-1.0350000000000001
,,,2022-11-08,,,,,,,,,,,,,,,,,,,,,,,,-1.0350000000000001
,,,2022-11-09,,,,,,,,,,,,,,,,,,,,,,,,2.465
,,,2022-11-10,,,,,,,,,,,,,,,,,,,,,,,,1.9649999999999999
,,,2022-11-11,,,,,,,,,,,,,,,,,,,,,,,,-2.0175
,,,2022-11-14,,,,,,,,,,,,,,,,,,,,,,,,0.46499999999999986
,,,2022-11-15,,,,,,,,,,,,,,,,,,,,,,,,0.8399999999999999
,,,2022-11-16,,,,,,,,,,,,,,,,,,,,,,,,-2.0175
,,,2022-11-17,,,,,,,,,,,,,,,,,,,,,,,,1.9649999999999999
,,,2022-11-18,,,,,,,,,,,,,,,,,,,,,,,,2.465
,,,2022-11-21,,,,,,,,,,,,,,,,,,,,,,,,0.24562499999999998
,,,2022-11-22,,,,,,,,,,,,,,,,,,,,,,,,1.9649999999999999
,,,2022-11-23,,,,,,,,,,,,,,,,,,,,,,,,-2.0175
,,,2022-11-25,,,,,,,,,,,,,,,,,,,,,,,,-0.17874999999999996
,,,2022-11-28,,,,,,,,,,,,,,,,,,,,,,,,2.465
,,,2022-11-29,,,,,,,,,,,,,,,,,,,,,,,,-0.7512500000000001
,,,2022-11-30,,,,,,,,,,,,,,,,,,,,,,,,-2.0175
,,,2022-12-01,,,,,,,,,,,,,,,,,,,,,,,,-1.5206250000000001
,,,2022-12-02,,,,,,,,,,,,,,,,,,,,,,,,0.46499999999999986
,,,2022-12-05,,,,,,,,,,,,,,,,,,,,,,,,-2.0175
,,,2022-12-06,,,,,,,,,,,,,,,,,,,,,,,,2.465
,,,2022-12-07,,,,,,,,,,,,,,,,,,,,,,,,-1.40125
,,,2022-12-08,,,,,,,,,,,,,,,,,,,,,,,,0.46499999999999986
,,,2022-12-09,,,,,,,,,,,,,,,,,,,,,,,,-1.52625
,,,2022-12-12,,,,,,,,,,,,,,,,,,,,,,,,-2.0175
,,,2022-12-13,,,,,,,,,,,,,,,,,,,,,,,,2.465
,,,2022-12-14,,,,,,,,,,,,,,,,,,,,,,,,-1.0350000000000001
,,,2022-12-15,,,,,,,,,,,,,,,,,,,,,,,,2.465
,,,2022-12-16,,,,,,,,,,,,,,,,,,,,,,,,1.35875
,,,2022-12-19,,,,,,,,,,,,,,,,,,,,,,,,2.465
,,,2022-12-20,,,,,,,,,,,,,,,,,,,,,,,,-2.0175
,,,2022-12-21,,,,,,,,,,,,,,,,,,,,,,,,0.2649999999999999
,,,2022-12-22,,,,,,,,,,,,,,,,,,,,,,,,2.465
,,,2022-12-23,,,,,,,,,,,,,,,,,,,,,,,,0.46499999999999986
,,,2022-12-27,,,,,,,,,,,,,,,,,,,,,,,,-2.0175
,,,2022-12-28,,,,,,,,,,,,,,,,,,,,,,,,2.465
,,,2022-12-29,,,,,,,,,,,,,,,,,,,,,,,,1.9649999999999999
,,,2022-12-30,,,,,,,,,,,,,,,,,,,,,,,,2.09
,,,2023-01-03,,,,,,,,,,,,,,,,,,,,,,,,2.465
,,,2023-01-04,,,,,,,,,,,,,,,,,,,,,,,,-1.52625
,,,2023-01-05,,,,,,,,,,,,,,,,,,,,,,,,2.2181249999999997
,,,2023-01-06,,,,,,,,,,,,,,,,,,,,,,,,1.9649999999999999
,,,2023-01-09,,,,,,,,,,,,,,,,,,,,,,,,-2.0175
,,,2023-01-10,,,,,,,,,,,,,,,,,,,,,,,,-2.0175
,,,2023-01-11,,,,,,,,,,,,,,,,,,,,,,,,0.46499999999999986
,,,2023-01-12,,,,,,,,,,,,,,,,,,,,,,,,1.9649999999999999
,,,2023-01-13,,,,,,,,,,,,,,,,,,,,,,,,1.9649999999999999
,,,2023-01-16,,,,,,,,,,,,,,,,,,,,,,,,0.36812500000000004
,,,2023-01-17,,,,,,,,,,,,,,,,,,,,,,,,-0.91125
,,,2023-01-18,,,,,,,,,,,,,,,,,,,,,,,,2.465
,,,2023-01-19,,,,,,,,,,,,,,,,,,,,,,,,-2.0175
,,,2023-01-20,,,,,,,,,,,,,,,,,,,,,,,,1.9649999999999999
,,,2023-01-23,,,,,,,,,,,,,,,,,,,,,,,,1.9649999999999999
,,,2023-01-24,,,,,,,,,,,,,,,,,,,,,,,,-0.526875
,,,2023-01-25,,,,,,,,,,,,,,,,,,,,,,,,-2.0175
,,,2023-01-26,,,,,,,,,,,,,,,,,,,,,,,,-1.40125
,,,2023-01-27,,,,,,,,,,,,,,,,,,,,,,,,-1.0350000000000001
,,,2023-01-30,,,,,,,,,,,,,,,,,,,,,,,,2.1556249999999997
,,,2023-01-31,,,,,,,,,,,,,,,,,,,,,,,,1.9649999999999999
,,,2023-02-01,,,,,,,,,,,,,,,,,,,,,,,,-2.0175
,,,2023-02-02,,,,,,,,,,,,,,,,,,,,,,,,1.9649999999999999
,,,2023-02-03,,,,,,,,,,,,,,,,,,,,,,,,0.46499999999999986
,,,2023-02-06,,,,,,,,,,,,,,,,,,,,,,,,-1.40125
,,,2023-02-07,,,,,,,,,,,,,,,,,,,,,,,,1.9649999999999999
,,,2023-02-08,,,,,,,,,,,,,,,,,,,,,,,,0.25249999999999995
,,,2023-02-09,,,,,,,,,,,,,,,,,,,,,,,,2.465
,,,2023-02-10,,,,,,,,,,,,,,,,,,,,,,,,2.465
,,,2023-02-13,,,,,,,,,,,,,,,,,,,,,,,,1.9649999999999999
,,,2023-02-14,,,,,,,,,,,,,,,,,,,,,,,,2.465
,,,2023-02-15,,,,,,,,,,,,,,,,,,,,,,,,1.9649999999999999
,,,2023-02-16,,,,,,,,,,,,,,,,,,,,,,,,1.9649999999999999
,,,2023-02-17,,,,,,,,,,,,,,,,,,,,,,,,-0.7850000000000001
,,,2023-02-20,,,,,,,,,,,,,,,,,,,,,,,,0.33
,,,2023-02-21,,,,,,,,,,,,,,,,,,,,,,,,2.465
,,,2023-02-22,,,,,,,,,,,,,,,,,,,,,,,,-2.0175
,,,2023-02-23,,,,,,,,,,,,,,,,,,,,,,,,2.465
,,,2023-02-24,,,,,,,,,,,,,,,,,,,,,,,,-1.314375
,,,2023-02-27,,,,,,,,,,,,,,,,,,,,,,,,1.461875
,,,2023-02-28,,,,,,,,,,,,,,,,,,,,,,,,0.13374999999999992
,,,2023-03-01,,,,,,,,,,,,,,,,,,,,,,,,-1.058125
,,,2023-03-02,,,,,,,,,,,,,,,,,,,,,,,,0.46499999999999986
,,,2023-03-03,,,,,,,,,,,,,,,,,,,,,,,,1.9649999999999999
,,,2023-03-06,,,,,,,,,,,,,,,,,,,,,,,,-2.0175
,,,2023-03-07,,,,,,,,,,,,,,,,,,,,,,,,-1.40125
,,,2023-03-08,,,,,,,,,,,,,,,,,,,,,,,,1.5056249999999998
,,,2023-03-09,,,,,,,,,,,,,,,,,,,,,,,,0.8399999999999999
,,,2023-03-10,,,,,,,,,,,,,,,,,,,,,,,,-1.0350000000000001
,,,2023-03-13,,,,,,,,,,,,,,,,,,,,,,,,1.9649999999999999
,,,2023-03-14,,,,,,,,,,,,,,,,,,,,,,,,-1.52625
,,,2023-03-15,,,,,,,,,,,,,,,,,,,,,,,,-1.0350000000000001
,,,2023-03-16,,,,,,,,,,,,,,,,,,,,,,,,1.9649999999999999
,,,2023-03-17,,,,,,,,,,,,,,,,,,,,,,,,2.465
,,,2023-03-20,,,,,,,,,,,,,,,,,,,,,,,,-1.0350000000000001
,,,2023-03-21,,,,,,,,,,,,,,,,,,,,,,,,-2.0175
,,,2023-03-22,,,,,,,,,,,,,,,,,,,,,,,,1.9649999999999999
,,,2023-03-23,,,,,,,,,,,,,,,,,,,,,,,,-2.0175
,,,2023-03-24,,,,,,,,,,,,,,,,,,,,,,,,-2.0175
,,,2023-03-27,,,,,,,,,,,,,,,,,,,,,,,,0.8399999999999999
,,,2023-03-28,,,,,,,,,,,,,,,,,,,,,,,,-1.308125
,,,2023-03-29,,,,,,,,,,,,,,,,,,,,,,,,-2.0175
,,,2023-03-30,,,,,,,,,,,,,,,,,,,,,,,,-0.22374999999999998
,,,2023-03-31,,,,,,,,,,,,,,,,,,,,,,,,1.9649999999999999
,,,2023-04-03,,,,,,,,,,,,,,,,,,,,,,,,-2.0175
,,,2023-04-04,,,,,,,,,,,,,,,,,,,,,,,,2.465
,,,2023-04-05,,,,,,,,,,,,,,,,,,,,,,,,-1.1800000000000002
,,,2023-04-06,,,,,,,,,,,,,,,,,,,,,,,,1.9649999999999999
,,,2023-04-10,,,,,,,,,,,,,,,,,,,,,,,,1.9649999999999999
,,,2023-04-11,,,,,,,,,,,,,,,,,,,,,,,,-0.544375
,,,2023-04-12,,,,,,,,,,,,,,,,,,,,,,,,-1.40125
,,,2023-04-13,,,,,,,,,,,,,,,,,,,,,,,,1.9649999999999999
,,,2023-04-14,,,,,,,,,,,,,,,,,,,,,,,,2.465
,,,2023-04-17,,,,,,,,,,,,,,,,,,,,,,,,2.465
,,,2023-04-18,,,,,,,,,,,,,,,,,,,,,,,,0.22375
,,,2023-04-19,,,,,,,,,,,,,,,,,,,,,,,,1.9649999999999999
,,,2023-04-20,,,,,,,,,,,,,,,,,,,,,,,,-1.0350000000000001
,,,2023-04-21,,,,,,,,,,,,,,,,,,,,,,,,1.4462499999999998
,,,2023-04-24,,,,,,,,,,,,,,,,,,,,,,,,0.3212499999999999
,,,2023-04-25,,,,,,,,,,,,,,,,,,,,,,,,2.465
,,,2023-04-26,,,,,,,,,,,,,,,,,,,,,,,,-2.0175
,,,2023-04-27,,,,,,,,,,,,,,,,,,,,,,,,1.9649999999999999
,,,2023-04-28,,,,,,,,,,,,,,,,,,,,,,,,-1.0350000000000001
,,,2023-05-01,,,,,,,,,,,,,,,,,,,,,,,,-1.201875
,,,2023-05-02,,,,,,,,,,,,,,,,,,,,,,,,-1.40125
,,,2023-05-03,,,,,,,,,,,,,,,,,,,,,,,,-2.0175
,,,2023-05-04,,,,,,,,,,,,,,,,,,,,,,,,0.055624999999999925
,,,2023-05-05,,,,,,,,,,,,,,,,,,,,,,,,1.9649999999999999
,,,2023-05-08,,,,,,,,,,,,,,,,,,,,,,,,1.9649999999999999
,,,2023-05-09,,,,,,,,,,,,,,,,,,,,,,,,-0.10437499999999998
,,,2023-05-10,,,,,,,,,,,,,,,,,,,,,,,,2.465
,,,2023-05-11,,,,,,,,,,,,,,,,,,,,,,,,-1.43625
,,,2023-05-12,,,,,,,,,,,,,,,,,,,,,,,,2.465
,,,2023-05-15,,,,,,,,,,,,,,,,,,,,,,,,1.9649999999999999
,,,2023-05-16,,,,,,,,,,,,,,,,,,,,,,,,-0.73625
,,,2023-05-17,,,,,,,,,,,,,,,,,,,,,,,,1.9649999999999999
,,,2023-05-18,,,,,,,,,,,,,,,,,,,,,,,,1.9649999999999999
,,,2023-05-19,,,,,,,,,,,,,,,,,,,,,,,,1.6806249999999998
,,,2023-05-22,,,,,,,,,,,,,,,,,,,,,,,,-0.173125
,,,2023-05-23,,,,,,,,,,,,,,,,,,,,,,,,-0.7850000000000001
,,,2023-05-24,,,,,,,,,,,,,,,,,,,,,,,,-2.0175
,,,2023-05-25,,,,,,,,,,,,,,,,,,,,,,,,1.9649999999999999
,,,2023-05-26,,,,,,,,,,,,,,,,,,,,,,,,1.9649999999999999
,,,2023-05-30,,,,,,,,,,,,,,,,,,,,,,,,2.465
,,,2023-05-31,,,,,,,,,,,,,,,,,,,,,,,,-0.6637500000000001
,,,2023-06-01,,,,,,,,,,,,,,,,,,,,,,,,1.9649999999999999
,,,2023-06-02,,,,,,,,,,,,,,,,,,,,,,,,-0.10500000000000001
,,,2023-06-05,,,,,,,,,,,,,,,,,,,,,,,,-1.52625
,,,2023-06-06,,,,,,,,,,,,,,,,,,,,,,,,-0.09875
,,,2023-06-07,,,,,,,,,,,,,,,,,,,,,,,,2.465
,,,2023-06-08,,,,,,,,,,,,,,,,,,,,,,,,0.793125
,,,2023-06-09,,,,,,,,,,,,,,,,,,,,,,,,1.6837499999999999
,,,2023-06-12,,,,,,,,,,,,,,,,,,,,,,,,1.9649999999999999
,,,2023-06-13,,,,,,,,,,,,,,,,,,,,,,,,-1.5862500000000002
,,,2023-06-14,,,,,,,,,,,,,,,,,,,,,,,,-1.0350000000000001
,,,2023-06-15,,,,,,,,,,,,,,,,,,,,,,,,1.9649999999999999
,,,2023-06-16,,,,,,,,,,,,,,,,,,,,,,,,-0.7850000000000001
,,,2023-06-20,,,,,,,,,,,,,,,,,,,,,,,,-2.0175
,,,2023-06-21,,,,,,,,,,,,,,,,,,,,,,,,-1.40125
,,,2023-06-22,,,,,,,,,,,,,,,,,,,,,,,,1.9649999999999999
,,,2023-06-23,,,,,,,,,,,,,,,,,,,,,,,,0.46499999999999986
,,,2023-06-26,,,,,,,,,,,,,,,,,,,,,,,,2.465
,,,2023-06-27,,,,,,,,,,,,,,,,,,,,,,,,0.46499999999999986
,,,2023-06-28,,,,,,,,,,,,,,,,,,,,,,,,-2.0175
,,,2023-06-29,,,,,,,,,,,,,,,,,,,,,,,,-0.405
,,,2023-06-30,,,,,,,,,,,,,,,,,,,,,,,,-0.8443750000000001
,,,2023-07-03,,,,,,,,,,,,,,,,,,,,,,,,-0.858125
,,,2023-07-04,,,,,,,,,,,,,,,,,,,,,,,,0.12625
,,,2023-07-05,,,,,,,,,,,,,,,,,,,,,,,,-1.4175
,,,2023-07-06,,,,,,,,,,,,,,,,,,,,,,,,-2.0175
,,,2023-07-07,,,,,,,,,,,,,,,,,,,,,,,,-1.0350000000000001
,,,2023-07-10,,,,,,,,,,,,,,,,,,,,,,,,0.8399999999999999
,,,2023-07-11,,,,,,,,,,,,,,,,,,,,,,,,0.46499999999999986
,,,2023-07-12,,,,,,,,,,,,,,,,,,,,,,,,-1.40125
,,,2023-07-13,,,,,,,,,,,,,,,,,,,,,,,,1.9649999999999999
,,,2023-07-14,,,,,,,,,,,,,,,,,,,,,,,,0.8399999999999999
,,,2023-07-17,,,,,,,,,,,,,,,,,,,,,,,,1.9649999999999999
,,,2023-07-18,,,,,,,,,,,,,,,,,,,,,,,,1.9649999999999999
,,,2023-07-19,,,,,,,,,,,,,,,,,,,,,,,,-2.0175
,,,2023-07-20,,,,,,,,,,,,,,,,,,,,,,,,2.465
,,,2023-07-21,,,,,,,,,,,,,,,,,,,,,,,,0.8399999999999999
,,,2023-07-24,,,,,,,,,,,,,,,,,,,,,,,,0.11437499999999999
,,,2023-07-25,,,,,,,,,,,,,,,,,,,,,,,,-2.0175
,,,2023-07-26,,,,,,,,,,,,,,,,,,,,,,,,-2.0175
,,,2023-07-27,,,,,,,,,,,,,,,,,,,,,,,,0.8399999999999999
,,,2023-07-28,,,,,,,,,,,,,,,,,,,,,,,,-1.52625
,,,2023-07-31,,,,,,,,,,,,,,,,,,,,,,,,-0.304375
,,,2023-08-01,,,,,,,,,,,,,,,,,,,,,,,,1.43375
,,,2023-08-02,,,,,,,,,,,,,,,,,,,,,,,,-0.7850000000000001
,,,2023-08-03,,,,,,,,,,,,,,,,,,,,,,,,0.46499999999999986
,,,2023-08-04,,,,,,,,,,,,,,,,,,,,,,,,0.46499999999999986
,,,2023-08-07,,,,,,,,,,,,,,,,,,,,,,,,-2.0175
,,,2023-08-08,,,,,,,,,,,,,,,,,,,,,,,,-1.40125
,,,2023-08-09,,,,,,,,,,,,,,,,,,,,,,,,-1.40125
,,,2023-08-10,,,,,,,,,,,,,,,,,,,,,,,,2.465
,,,2023-08-11,,,,,,,,,,,,,,,,,,,,,,,,-1.52625
,,,2023-08-14,,,,,,,,,,,,,,,,,,,,,,,,1.1681249999999999
,,,2023-08-15,,,,,,,,,,,,,,,,,,,,,,,,-0.7850000000000001
,,,2023-08-16,,,,,,,,,,,,,,,,,,,,,,,,0.7149999999999999
,,,2023-08-17,,,,,,,,,,,,,,,,,,,,,,,,0.8399999999999999
,,,2023-08-18,,,,,,,,,,,,,,,,,,,,,,,,1.9649999999999999
,,,2023-08-21,,,,,,,,,,,,,,,,,,,,,,,,-0.7850000000000001
,,,2023-08-22,,,,,,,,,,,,,,,,,,,,,,,,1.78375
,,,2023-08-23,,,,,,,,,,,,,,,,,,,,,,,,1.9649999999999999
,,,2023-08-24,,,,,,,,,,,,,,,,,,,,,,,,2.465
,,,2023-08-25,,,,,,,,,,,,,,,,,,,,,,,,0.7149999999999999
,,,2023-08-28,,,,,,,,,,,,,,,,,,,,,,,,-1.5925
,,,2023-08-29,,,,,,,,,,,,,,,,,,,,,,,,1.9649999999999999
,,,2023-08-30,,,,,,,,,,,,,,,,,,,,,,,,0.768125
,,,2023-08-31,,,,,,,,,,,,,,,,,,,,,,,,-1.1456250000000001
,,,2023-09-01,,,,,,,,,,,,,,,,,,,,,,,,-0.25750000000000006
,,,2023-09-04,,,,,,,,,,,,,,,,,,,,,,,,0.18375
,,,2023-09-05,,,,,,,,,,,,,,,,,,,,,,,,0.17062499999999997
,,,2023-09-06,,,,,,,,,,,,,,,,,,,,,,,,1.593125
,,,2023-09-07,,,,,,,,,,,,,,,,,,,,,,,,1.9649999999999999
,,,2023-09-08,,,,,,,,,,,,,,,,,,,,,,,,2.465
,,,2023-09-11,,,,,,,,,,,,,,,,,,,,,,,,0.924375
,,,2023-09-12,,,,,,,,,,,,,,,,,,,,,,,,-0.7850000000000001
,,,2023-09-13,,,,,,,,,,,,,,,,,,,,,,,,-0.38562500000000005
,,,2023-09-14,,,,,,,,,,,,,,,,,,,,,,,,1.2931249999999999
,,,2023-09-15,,,,,,,,,,,,,,,,,,,,,,,,2.465
,,,2023-09-18,,,,,,,,,,,,,,,,,,,,,,,,-0.8674999999999999
,,,2023-09-19,,,,,,,,,,,,,,,,,,,,,,,,-2.0175
,,,2023-09-20,,,,,,,,,,,,,,,,,,,,,,,,2.465
,,,2023-09-21,,,,,,,,,,,,,,,,,,,,,,,,0.8399999999999999
,,,2023-09-22,,,,,,,,,,,,,,,,,,,,,,,,-2.0175
,,,2023-09-25,,,,,,,,,,,,,,,,,,,,,,,,-1.251875
,,,2023-09-26,,,,,,,,,,,,,,,,,,,,,,,,2.465
,,,2023-09-27,,,,,,,,,,,,,,,,,,,,,,,,2.465
,,,2023-09-28,,,,,,,,,,,,,,,,,,,,,,,,0.46499999999999986
,,,2023-09-29,,,,,,,,,,,,,,,,,,,,,,,,2.465
,,,2023-10-02,,,,,,,,,,,,,,,,,,,,,,,,-2.0175
,,,2023-10-03,,,,,,,,,,,,,,,,,,,,,,,,2.465
,,,2023-10-04,,,,,,,,,,,,,,,,,,,,,,,,-1.52625
,,,2023-10-05,,,,,,,,,,,,,,,,,,,,,,,,-2.0175
,,,2023-10-06,,,,,,,,,,,,,,,,,,,,,,,,1.9649999999999999
,,,2023-10-09,,,,,,,,,,,,,,,,,,,,,,,,-2.0175
,,,2023-10-10,,,,,,,,,,,,,,,,,,,,,,,,-1.0350000000000001
,,,2023-10-11,,,,,,,,,,,,,,,,,,,,,,,,-0.9100000000000001
,,,2023-10-12,,,,,,,,,,,,,,,,,,,,,,,,-1.0350000000000001
,,,2023-10-13,,,,,,,,,,,,,,,,,,,,,,,,2.465
,,,2023-10-16,,,,,,,,,,,,,,,,,,,,,,,,-2.0175
,,,2023-10-17,,,,,,,,,,,,,,,,,,,,,,,,1.9649999999999999
,,,2023-10-18,,,,,,,,,,,,,,,,,,,,,,,,0.8399999999999999
,,,2023-10-19,,,,,,,,,,,,,,,,,,,,,,,,-1.40125
,,,2023-10-20,,,,,,,,,,,,,,,,,,,,,,,,-1.40125
,,,2023-10-23,,,,,,,,,,,,,,,,,,,,,,,,1.9649999999999999
,,,2023-10-24,,,,,,,,,,,,,,,,,,,,,,,,-2.0175
,,,2023-10-25,,,,,,,,,,,,,,,,,,,,,,,,0.8399999999999999
,,,2023-10-26,,,,,,,,,,,,,,,,,,,,,,,,0.8399999999999999
,,,2023-10-27,,,,,,,,,,,,,,,,,,,,,,,,-2.0175
,,,2023-10-30,,,,,,,,,,,,,,,,,,,,,,,,-0.9100000000000001
,,,2023-10-31,,,,,,,,,,,,,,,,,,,,,,,,1.9649999999999999
,,,2023-11-01,,,,,,,,,,,,,,,,,,,,,,,,0.46499999999999986
,,,2023-11-02,,,,,,,,,,,,,,,,,,,,,,,,1.293125
,,,2023-11-03,,,,,,,,,,,,,,,,,,,,,,,,0.46499999999999986
,,,2023-11-06,,,,,,,,,,,,,,,,,,,,,,,,-2.0175
,,,2023-11-07,,,,,,,,,,,,,,,,,,,,,,,,-0.39875
,,,2023-11-08,,,,,,,,,,,,,,,,,,,,,,,,-0.6381250000000002
,,,2023-11-09,,,,,,,,,,,,,,,,,,,,,,,,0.46499999999999986
,,,2023-11-10,,,,,,,,,,,,,,,,,,,,,,,,-2.0175
,,,2023-11-13,,,,,,,,,,,,,,,,,,,,,,,,0.743125
,,,2023-11-14,,,,,,,,,,,,,,,,,,,,,,,,0.033125000000000016
,,,2023-11-15,,,,,,,,,,,,,,,,,,,,,,,,-2.0175
,,,2023-11-16,,,,,,,,,,,,,,,,,,,,,,,,-0.6731250000000001
,,,2023-11-17,,,,,,,,,,,,,,,,,,,,,,,,0.6243749999999999
,,,2023-11-20,,,,,,,,,,,,,,,,,,,,,,,,1.9649999999999999
,,,2023-11-21,,,,,,,,,,,,,,,,,,,,,,,,-1.1768750000000001
,,,2023-11-22,,,,,,,,,,,,,,,,,,,,,,,,0.014374999999999916
,,,2023-11-23,,,,,,,,,,,,,,,,,,,,,,,,-0.08687500000000001
,,,2023-11-24,,,,,,,,,,,,,,,,,,,,,,,,-0.17375
,,,2023-11-27,,,,,,,,,,,,,,,,,,,,,,,,-0.19750000000000012
,,,2023-11-28,,,,,,,,,,,,,,,,,,,,,,,,0.46499999999999986
,,,2023-11-29,,,,,,,,,,,,,,,,,,,,,,,,2.12125
,,,2023-11-30,,,,,,,,,,,,,,,,,,,,,,,,-1.40125
,,,2023-12-01,,,,,,,,,,,,,,,,,,,,,,,,-2.0175
,,,2023-12-04,,,,,,,,,,,,,,,,,,,,,,,,-2.0175
,,,2023-12-05,,,,,,,,,,,,,,,,,,,,,,,,-2.0175
,,,2023-12-06,,,,,,,,,,,,,,,,,,,,,,,,2.465
,,,2023-12-07,,,,,,,,,,,,,,,,,,,,,,,,1.9649999999999999
,,,2023-12-08,,,,,,,,,,,,,,,,,,,,,,,,-2.0175
,,,2023-12-11,,,,,,,,,,,,,,,,,,,,,,,,1.9649999999999999
,,,2023-12-12,,,,,,,,,,,,,,,,,,,,,,,,1.9649999999999999
,,,2023-12-13,,,,,,,,,,,,,,,,,,,,,,,,-1.52625
,,,2023-12-14,,,,,,,,,,,,,,,,,,,,,,,,2.465
,,,2023-12-15,,,,,,,,,,,,,,,,,,,,,,,,-2.0175
,,,2023-12-18,,,,,,,,,,,,,,,,,,,,,,,,1.9649999999999999
,,,2023-12-19,,,,,,,,,,,,,,,,,,,,,,,,-0.21000000000000002
,,,2023-12-20,,,,,,,,,,,,,,,,,,,,,,,,-2.0175
,,,2023-12-21,,,,,,,,,,,,,,,,,,,,,,,,-0.7850000000000001
,,,2023-12-22,,,,,,,,,,,,,,,,,,,,,,,,2.465
,,,2023-12-26,,,,,,,,,,,,,,,,,,,,,,,,-0.005625
,,,2023-12-27,,,,,,,,,,,,,,,,,,,,,,,,-0.3175
,,,2023-12-28,,,,,,,,,,,,,,,,,,,,,,,,-0.101875
,,,2023-12-29,,,,,,,,,,,,,,,,,,,,,,,,-0.7850000000000001
,,,2024-01-02,,,,,,,,,,,,,,,,,,,,,,,,-0.7850000000000001
,,,2024-01-03,,,,,,,,,,,,,,,,,,,,,,,,2.2775
,,,2024-01-04,,,,,,,,,,,,,,,,,,,,,,,,-1.52625
,,,2024-01-05,,,,,,,,,,,,,,,,,,,,,,,,-2.0175
,,,2024-01-08,,,,,,,,,,,,,,,,,,,,,,,,1.9649999999999999
,,,2024-01-09,,,,,,,,,,,,,,,,,,,,,,,,1.9649999999999999
,,,2024-01-10,,,,,,,,,,,,,,,,,,,,,,,,1.9649999999999999
,,,2024-01-11,,,,,,,,,,,,,,,,,,,,,,,,-1.40125
,,,2024-01-12,,,,,,,,,,,,,,,,,,,,,,,,0.4337499999999999
,,,2024-01-15,,,,,,,,,,,,,,,,,,,,,,,,0.010624999999999996
,,,2024-01-16,,,,,,,,,,,,,,,,,,,,,,,,0.8399999999999999
,,,2024-01-17,,,,,,,,,,,,,,,,,,,,,,,,0.46499999999999986
,,,2024-01-18,,,,,,,,,,,,,,,,,,,,,,,,-1.52625
,,,2024-01-19,,,,,,,,,,,,,,,,,,,,,,,,1.9649999999999999
,,,2024-01-22,,,,,,,,,,,,,,,,,,,,,,,,0.6368750000000001
,,,2024-01-23,,,,,,,,,,,,,,,,,,,,,,,,-2.0175
,,,2024-01-24,,,,,,,,,,,,,,,,,,,,,,,,-1.0350000000000001
,,,2024-01-25,,,,,,,,,,,,,,,,,,,,,,,,2.215
,,,2024-01-26,,,,,,,,,,,,,,,,,,,,,,,,-2.0175
,,,2024-01-29,,,,,,,,,,,,,,,,,,,,,,,,-2.0175
,,,2024-01-30,,,,,,,,,,,,,,,,,,,,,,,,0.5643750000000001
,,,2024-01-31,,,,,,,,,,,,,,,,,,,,,,,,-2.0175
,,,2024-02-01,,,,,,,,,,,,,,,,,,,,,,,,-2.0175
,,,2024-02-02,,,,,,,,,,,,,,,,,,,,,,,,1.9649999999999999
,,,2024-02-05,,,,,,,,,,,,,,,,,,,,,,,,-2.0175
,,,2024-02-06,,,,,,,,,,,,,,,,,,,,,,,,-0.6575000000000002
,,,2024-02-07,,,,,,,,,,,,,,,,,,,,,,,,-0.09750000000000009
,,,2024-02-08,,,,,,,,,,,,,,,,,,,,,,,,-0.733125
,,,2024-02-09,,,,,,,,,,,,,,,,,,,,,,,,1.9649999999999999
,,,2024-02-12,,,,,,,,,,,,,,,,,,,,,,,,-1.0350000000000001
,,,2024-02-13,,,,,,,,,,,,,,,,,,,,,,,,-1.52625
,,,2024-02-14,,,,,,,,,,,,,,,,,,,,,,,,-0.7850000000000001
,,,2024-02-15,,,,,,,,,,,,,,,,,,,,,,,,-2.0175
,,,2024-02-16,,,,,,,,,,,,,,,,,,,,,,,,0.46499999999999986
,,,2024-02-19,,,,,,,,,,,,,,,,,,,,,,,,-0.13999999999999999
,,,2024-02-20,,,,,,,,,,,,,,,,,,,,,,,,-0.7850000000000001
,,,2024-02-21,,,,,,,,,,,,,,,,,,,,,,,,-2.0175
,,,2024-02-22,,,,,,,,,,,,,,,,,,,,,,,,1.9649999999999999
,,,2024-02-23,,,,,,,,,,,,,,,,,,,,,,,,-1.40125
,,,2024-02-26,,,,,,,,,,,,,,,,,,,,,,,,-0.03500000000000014
,,,2024-02-27,,,,,,,,,,,,,,,,,,,,,,,,-1.179375
,,,2024-02-28,,,,,,,,,,,,,,,,,,,,,,,,-1.389375
,,,2024-02-29,,,,,,,,,,,,,,,,,,,,,,,,0.8399999999999999
,,,2024-03-01,,,,,,,,,,,,,,,,,,,,,,,,1.9649999999999999
,,,2024-03-04,,,,,,,,,,,,,,,,,,,,,,,,-0.654375
,,,2024-03-05,,,,,,,,,,,,,,,,,,,,,,,,2.465
,,,2024-03-06,,,,,,,,,,,,,,,,,,,,,,,,0.46499999999999986
,,,2024-03-07,,,,,,,,,,,,,,,,,,,,,,,,1.9649999999999999
,,,2024-03-08,,,,,,,,,,,,,,,,,,,,,,,,0.8399999999999999
,,,2024-03-11,,,,,,,,,,,,,,,,,,,,,,,,0.46499999999999986
,,,2024-03-12,,,,,,,,,,,,,,,,,,,,,,,,-1.52625
,,,2024-03-13,,,,,,,,,,,,,,,,,,,,,,,,-1.133125
,,,2024-03-14,,,,,,,,,,,,,,,,,,,,,,,,-0.7850000000000001
,,,2024-03-15,,,,,,,,,,,,,,,,,,,,,,,,-2.0175
,,,2024-03-18,,,,,,,,,,,,,,,,,,,,,,,,-2.0175
,,,2024-03-19,,,,,,,,,,,,,,,,,,,,,,,,1.9649999999999999
,,,2024-03-20,,,,,,,,,,,,,,,,,,,,,,,,-2.0175
,,,2024-03-21,,,,,,,,,,,,,,,,,,,,,,,,-1.40125
,,,2024-03-22,,,,,,,,,,,,,,,,,,,,,,,,0.9899999999999999
,,,2024-03-25,,,,,,,,,,,,,,,,,,,,,,,,0.3275
,,,2024-03-26,,,,,,,,,,,,,,,,,,,,,,,,2.465
,,,2024-03-27,,,,,,,,,,,,,,,,,,,,,,,,-2.0175
,,,2024-03-28,,,,,,,,,,,,,,,,,,,,,,,,-0.364375
,,,2024-04-01,,,,,,,,,,,,,,,,,,,,,,,,0.19312499999999988
,,,2024-04-02,,,,,,,,,,,,,,,,,,,,,,,,-1.52625
,,,2024-04-03,,,,,,,,,,,,,,,,,,,,,,,,-1.52625
,,,2024-04-04,,,,,,,,,,,,,,,,,,,,,,,,-1.40125
,,,2024-04-05,,,,,,,,,,,,,,,,,,,,,,,,1.9649999999999999
,,,2024-04-08,,,,,,,,,,,,,,,,,,,,,,,,-2.0175
,,,2024-04-09,,,,,,,,,,,,,,,,,,,,,,,,-2.0175
,,,2024-04-10,,,,,,,,,,,,,,,,,,,,,,,,-1.33
,,,2024-04-11,,,,,,,,,,,,,,,,,,,,,,,,1.9649999999999999
,,,2024-04-12,,,,,,,,,,,,,,,,,,,,,,,,1.09625
,,,2024-04-15,,,,,,,,,,,,,,,,,,,,,,,,2.465
,,,2024-04-16,,,,,,,,,,,,,,,,,,,,,,,,-1.40125
,,,2024-04-17,,,,,,,,,,,,,,,,,,,,,,,,2.465
,,,2024-04-18,,,,,,,,,,,,,,,,,,,,,,,,-1.0350000000000001
,,,2024-04-19,,,,,,,,,,,,,,,,,,,,,,,,2.465
,,,2024-04-22,,,,,,,,,,,,,,,,,,,,,,,,-1.40125
,,,2024-04-23,,,,,,,,,,,,,,,,,,,,,,,,1.9649999999999999
,,,2024-04-24,,,,,,,,,,,,,,,,,,,,,,,,2.465
,,,2024-04-25,,,,,,,,,,,,,,,,,,,,,,,,1.9649999999999999
,,,2024-04-26,,,,,,,,,,,,,,,,,,,,,,,,1.4024999999999999
,,,2024-04-29,,,,,,,,,,,,,,,,,,,,,,,,-1.52625
,,,2024-04-30,,,,,,,,,,,,,,,,,,,,,,,,2.465
,,,2024-05-01,,,,,,,,,,,,,,,,,,,,,,,,-2.0175
,,,2024-05-02,,,,,,,,,,,,,,,,,,,,,,,,0.46499999999999986
,,,2024-05-03,,,,,,,,,,,,,,,,,,,,,,,,0.46499999999999986
,,,2024-05-06,,,,,,,,,,,,,,,,,,,,,,,,1.9649999999999999
,,,2024-05-07,,,,,,,,,,,,,,,,,,,,,,,,-1.4425000000000001
,,,2024-05-08,,,,,,,,,,,,,,,,,,,,,,,,-1.3831250000000002
,,,2024-05-09,,,,,,,,,,,,,,,,,,,,,,,,-0.135625
,,,2024-05-10,,,,,,,,,,,,,,,,,,,,,,,,-0.4793750000000001
,,,2024-05-13,,,,,,,,,,,,,,,,,,,,,,,,-0.226875
,,,2024-05-14,,,,,,,,,,,,,,,,,,,,,,,,-1.0350000000000001
,,,2024-05-15,,,,,,,,,,,,,,,,,,,,,,,,1.9649999999999999
,,,2024-05-16,,,,,,,,,,,,,,,,,,,,,,,,-1.558125
,,,2024-05-17,,,,,,,,,,,,,,,,,,,,,,,,-2.0175
,,,2024-05-20,,,,,,,,,,,,,,,,,,,,,,,,-0.7731250000000001
,,,2024-05-21,,,,,,,,,,,,,,,,,,,,,,,,1.9649999999999999
,,,2024-05-22,,,,,,,,,,,,,,,,,,,,,,,,-2.0175
,,,2024-05-23,,,,,,,,,,,,,,,,,,,,,,,,-1.40125
,,,2024-05-24,,,,,,,,,,,,,,,,,,,,,,,,-0.9293750000000001
,,,2024-05-27,,,,,,,,,,,,,,,,,,,,,,,,1.39
,,,2024-05-28,,,,,,,,,,,,,,,,,,,,,,,,-1.52625
,,,2024-05-29,,,,,,,,,,,,,,,,,,,,,,,,-1.7925
,,,2024-05-30,,,,,,,,,,,,,,,,,,,,,,,,2.465
,,,2024-05-31,,,,,,,,,,,,,,,,,,,,,,,,2.465
,,,2024-06-03,,,,,,,,,,,,,,,,,,,,,,,,2.465
,,,2024-06-04,,,,,,,,,,,,,,,,,,,,,,,,-1.52625
,,,2024-06-05,,,,,,,,,,,,,,,,,,,,,,,,1.9649999999999999
,,,2024-06-06,,,,,,,,,,,,,,,,,,,,,,,,-0.308125
,,,2024-06-07,,,,,,,,,,,,,,,,,,,,,,,,0.46499999999999986
,,,2024-06-10,,,,,,,,,,,,,,,,,,,,,,,,1.5525
,,,2024-06-11,,,,,,,,,,,,,,,,,,,,,,,,1.9649999999999999
,,,2024-06-12,,,,,,,,,,,,,,,,,,,,,,,,0.46499999999999986
,,,2024-06-13,,,,,,,,,,,,,,,,,,,,,,,,-0.5881250000000001
,,,2024-06-14,,,,,,,,,,,,,,,,,,,,,,,,1.3712499999999999
,,,2024-06-17,,,,,,,,,,,,,,,,,,,,,,,,1.9649999999999999
,,,2024-06-18,,,,,,,,,,,,,,,,,,,,,,,,-1.4112500000000001
,,,2024-06-20,,,,,,,,,,,,,,,,,,,,,,,,0.8399999999999999
,,,2024-06-21,,,,,,,,,,,,,,,,,,,,,,,,-1.0350000000000001
,,,2024-06-24,,,,,,,,,,,,,,,,,,,,,,,,0.8399999999999999
,,,2024-06-25,,,,,,,,,,,,,,,,,,,,,,,,-1.0350000000000001
,,,2024-06-26,,,,,,,,,,,,,,,,,,,,,,,,-1.03625
,,,2024-06-27,,,,,,,,,,,,,,,,,,,,,,,,-0.7850000000000001
,,,2024-06-28,,,,,,,,,,,,,,,,,,,,,,,,-2.0175
,,,2024-07-01,,,,,,,,,,,,,,,,,,,,,,,,1.9649999999999999
,,,2024-07-02,,,,,,,,,,,,,,,,,,,,,,,,1.9649999999999999
,,,2024-07-03,,,,,,,,,,,,,,,,,,,,,,,,1.9649999999999999
,,,2024-07-04,,,,,,,,,,,,,,,,,,,,,,,,-0.08687500000000001
,,,2024-07-05,,,,,,,,,,,,,,,,,,,,,,,,1.9649999999999999
,,,2024-07-08,,,,,,,,,,,,,,,,,,,,,,,,-1.7237500000000001
,,,2024-07-09,,,,,,,,,,,,,,,,,,,,,,,,1.265
,,,2024-07-10,,,,,,,,,,,,,,,,,,,,,,,,-2.0175
,,,2024-07-11,,,,,,,,,,,,,,,,,,,,,,,,2.465
,,,2024-07-12,,,,,,,,,,,,,,,,,,,,,,,,-1.52625
,,,2024-07-15,,,,,,,,,,,,,,,,,,,,,,,,0.7149999999999999
,,,2024-07-16,,,,,,,,,,,,,,,,,,,,,,,,-0.7850000000000001
,,,2024-07-17,,,,,,,,,,,,,,,,,,,,,,,,2.465
,,,2024-07-18,,,,,,,,,,,,,,,,,,,,,,,,-0.7850000000000001
,,,2024-07-19,,,,,,,,,,,,,,,,,,,,,,,,0.8399999999999999
,,,2024-07-22,,,,,,,,,,,,,,,,,,,,,,,,-1.40125
,,,2024-07-23,,,,,,,,,,,,,,,,,,,,,,,,-1.40125
,,,2024-07-24,,,,,,,,,,,,,,,,,,,,,,,,2.465
,,,2024-07-25,,,,,,,,,,,,,,,,,,,,,,,,0.46499999999999986
,,,2024-07-26,,,,,,,,,,,,,,,,,,,,,,,,0.46499999999999986
,,,2024-07-29,,,,,,,,,,,,,,,,,,,,,,,,-2.0175
,,,2024-07-30,,,,,,,,,,,,,,,,,,,,,,,,2.465
,,,2024-07-31,,,,,,,,,,,,,,,,,,,,,,,,0.46499999999999986
,,,2024-08-01,,,,,,,,,,,,,,,,,,,,,,,,2.465
,,,2024-08-02,,,,,,,,,,,,,,,,,,,,,,,,-2.0175
,,,2024-08-05,,,,,,,,,,,,,,,,,,,,,,,,1.9649999999999999
,,,2024-08-06,,,,,,,,,,,,,,,,,,,,,,,,-2.0175
,,,2024-08-07,,,,,,,,,,,,,,,,,,,,,,,,0.8399999999999999
,,,2024-08-08,,,,,,,,,,,,,,,,,,,,,,,,0.46499999999999986
,,,2024-08-09,,,,,,,,,,,,,,,,,,,,,,,,-1.52625
,,,2024-08-12,,,,,,,,,,,,,,,,,,,,,,,,0.46499999999999986
,,,2024-08-13,,,,,,,,,,,,,,,,,,,,,,,,1.9649999999999999
,,,2024-08-14,,,,,,,,,,,,,,,,,,,,,,,,-2.0175
,,,2024-08-15,,,,,,,,,,,,,,,,,,,,,,,,1.9649999999999999
,,,2024-08-16,,,,,,,,,,,,,,,,,,,,,,,,1.9649999999999999
,,,2024-08-19,,,,,,,,,,,,,,,,,,,,,,,,1.9649999999999999
,,,2024-08-20,,,,,,,,,,,,,,,,,,,,,,,,-1.376875
,,,2024-08-21,,,,,,,,,,,,,,,,,,,,,,,,-0.7850000000000001
,,,2024-08-22,,,,,,,,,,,,,,,,,,,,,,,,-0.7850000000000001
,,,2024-08-23,,,,,,,,,,,,,,,,,,,,,,,,2.34
,,,2024-08-26,,,,,,,,,,,,,,,,,,,,,,,,0.8399999999999999
,,,2024-08-27,,,,,,,,,,,,,,,,,,,,,,,,-0.77
,,,2024-08-28,,,,,,,,,,,,,,,,,,,,,,,,0.8399999999999999
,,,2024-08-29,,,,,,,,,,,,,,,,,,,,,,,,-1.52625
,,,2024-08-30,,,,,,,,,,,,,,,,,,,,,,,,2.465
,,,2024-09-02,,,,,,,,,,,,,,,,,,,,,,,,-0.36124999999999996
,,,2024-09-03,,,,,,,,,,,,,,,,,,,,,,,,2.465
,,,2024-09-04,,,,,,,,,,,,,,,,,,,,,,,,-1.52625
,,,2024-09-05,,,,,,,,,,,,,,,,,,,,,,,,-2.0175
,,,2024-09-06,,,,,,,,,,,,,,,,,,,,,,,,0.8399999999999999
,,,2024-09-09,,,,,,,,,,,,,,,,,,,,,,,,-1.40125
,,,2024-09-10,,,,,,,,,,,,,,,,,,,,,,,,0.8399999999999999
,,,2024-09-11,,,,,,,,,,,,,,,,,,,,,,,,-2.0175
,,,2024-09-12,,,,,,,,,,,,,,,,,,,,,,,,0.46499999999999986
,,,2024-09-13,,,,,,,,,,,,,,,,,,,,,,,,1.9649999999999999
,,,2024-09-16,,,,,,,,,,,,,,,,,,,,,,,,0.8399999999999999
,,,2024-09-17,,,,,,,,,,,,,,,,,,,,,,,,0.8399999999999999
,,,2024-09-18,,,,,,,,,,,,,,,,,,,,,,,,-1.40125
,,,2024-09-19,,,,,,,,,,,,,,,,,,,,,,,,1.9649999999999999
,,,2024-09-20,,,,,,,,,,,,,,,,,,,,,,,,-1.40125
,,,2024-09-23,,,,,,,,,,,,,,,,,,,,,,,,0.08937500000000001
,,,2024-09-24,,,,,,,,,,,,,,,,,,,,,,,,-2.0175
,,,2024-09-25,,,,,,,,,,,,,,,,,,,,,,,,0.8399999999999999
,,,2024-09-26,,,,,,,,,,,,,,,,,,,,,,,,2.465
,,,2024-09-27,,,,,,,,,,,,,,,,,,,,,,,,2.465
,,,2024-09-30,,,,,,,,,,,,,,,,,,,,,,,,2.215
,,,2024-10-01,,,,,,,,,,,,,,,,,,,,,,,,0.8399999999999999
,,,2024-10-02,,,,,,,,,,,,,,,,,,,,,,,,0.46499999999999986
,,,2024-10-03,,,,,,,,,,,,,,,,,,,,,,,,-2.0175
,,,2024-10-04,,,,,,,,,,,,,,,,,,,,,,,,-0.7850000000000001
,,,2024-10-07,,,,,,,,,,,,,,,,,,,,,,,,-2.0175
,,,2024-10-08,,,,,,,,,,,,,,,,,,,,,,,,1.9649999999999999
,,,2024-10-09,,,,,,,,,,,,,,,,,,,,,,,,1.9649999999999999
,,,2024-10-10,,,,,,,,,,,,,,,,,,,,,,,,-1.0350000000000001
,,,2024-10-11,,,,,,,,,,,,,,,,,,,,,,,,1.14625
,,,2024-10-14,,,,,,,,,,,,,,,,,,,,,,,,-1.52625
,,,2024-10-15,,,,,,,,,,,,,,,,,,,,,,,,2.465
,,,2024-10-16,,,,,,,,,,,,,,,,,,,,,,,,1.9649999999999999
,,,2024-10-17,,,,,,,,,,,,,,,,,,,,,,,,-1.52625
,,,2024-10-18,,,,,,,,,,,,,,,,,,,,,,,,-0.22999999999999998
,,,2024-10-21,,,,,,,,,,,,,,,,,,,,,,,,-1.40125
,,,2024-10-22,,,,,,,,,,,,,,,,,,,,,,,,0.46499999999999986
,,,2024-10-23,,,,,,,,,,,,,,,,,,,,,,,,2.465
,,,2024-10-24,,,,,,,,,,,,,,,,,,,,,,,,-0.9100000000000001
,,,2024-10-25,,,,,,,,,,,,,,,,,,,,,,,,0.8399999999999999
,,,2024-10-28,,,,,,,,,,,,,,,,,,,,,,,,0.8399999999999999
,,,2024-10-29,,,,,,,,,,,,,,,,,,,,,,,,1.9649999999999999
,,,2024-10-30,,,,,,,,,,,,,,,,,,,,,,,,-1.52625
,,,2024-10-31,,,,,,,,,,,,,,,,,,,,,,,,2.465
,,,2024-11-01,,,,,,,,,,,,,,,,,,,,,,,,0.46499999999999986
,,,2024-11-04,,,,,,,,,,,,,,,,,,,,,,,,-2.0175
,,,2024-11-05,,,,,,,,,,,,,,,,,,,,,,,,1.24
,,,2024-11-06,,,,,,,,,,,,,,,,,,,,,,,,1.9649999999999999
,,,2024-11-07,,,,,,,,,,,,,,,,,,,,,,,,1.9649999999999999
,,,2024-11-08,,,,,,,,,,,,,,,,,,,,,,,,-0.52
,,,2024-11-11,,,,,,,,,,,,,,,,,,,,,,,,-2.0175
,,,2024-11-12,,,,,,,,,,,,,,,,,,,,,,,,2.465
,,,2024-11-13,,,,,,,,,,,,,,,,,,,,,,,,-2.0175
,,,2024-11-14,,,,,,,,,,,,,,,,,,,,,,,,-0.7850000000000001
,,,2024-11-15,,,,,,,,,,,,,,,,,,,,,,,,2.465
,,,2024-11-18,,,,,,,,,,,,,,,,,,,,,,,,-2.0175
,,,2024-11-19,,,,,,,,,,,,,,,,,,,,,,,,1.9649999999999999
,,,2024-11-20,,,,,,,,,,,,,,,,,,,,,,,,-1.40125
,,,2024-11-21,,,,,,,,,,,,,,,,,,,,,,,,-2.0175
,,,2024-11-22,,,,,,,,,,,,,,,,,,,,,,,,-0.03500000000000011
,,,2024-11-25,,,,,,,,,,,,,,,,,,,,,,,,2.465
,,,2024-11-26,,,,,,,,,,,,,,,,,,,,,,,,-1.073125
,,,2024-11-27,,,,,,,,,,,,,,,,,,,,,,,,0.8399999999999999
,,,2024-11-29,,,,,,,,,,,,,,,,,,,,,,,,1.1025
,,,2024-12-02,,,,,,,,,,,,,,,,,,,,,,,,0.54625
,,,2024-12-03,,,,,,,,,,,,,,,,,,,,,,,,1.765
,,,2024-12-04,,,,,,,,,,,,,,,,,,,,,,,,1.9649999999999999
,,,2024-12-05,,,,,,,,,,,,,,,,,,,,,,,,-2.0175
,,,2024-12-06,,,,,,,,,,,,,,,,,,,,,,,,1.3681249999999998
,,,2024-12-09,,,,,,,,,,,,,,,,,,,,,,,,1.968125
,,,2024-12-10,,,,,,,,,,,,,,,,,,,,,,,,2.465
,,,2024-12-11,,,,,,,,,,,,,,,,,,,,,,,,1.9649999999999999
,,,2024-12-12,,,,,,,,,,,,,,,,,,,,,,,,-1.501875
,,,2024-12-13,,,,,,,,,,,,,,,,,,,,,,,,0.8399999999999999
,,,2024-12-16,,,,,,,,,,,,,,,,,,,,,,,,1.9649999999999999
,,,2024-12-17,,,,,,,,,,,,,,,,,,,,,,,,-1.28
,,,2024-12-18,,,,,,,,,,,,,,,,,,,,,,,,-2.0175
,,,2024-12-19,,,,,,,,,,,,,,,,,,,,,,,,0.8399999999999999
,,,2024-12-20,,,,,,,,,,,,,,,,,,,,,,,,1.9649999999999999
,,,2024-12-23,,,,,,,,,,,,,,,,,,,,,,,,-2.0175
,,,2024-12-24,,,,,,,,,,,,,,,,,,,,,,,,1.674375
,,,2024-12-26,,,,,,,,,,,,,,,,,,,,,,,,1.4024999999999999
,,,2024-12-27,,,,,,,,,,,,,,,,,,,,,,,,-0.7850000000000001
,,,2024-12-30,,,,,,,,,,,,,,,,,,,,,,,,1.9649999999999999
,,,2024-12-31,,,,,,,,,,,,,,,,,,,,,,,,2.465
,,,2025-01-02,,,,,,,,,,,,,,,,,,,,,,,,-2.0175
,,,2025-01-03,,,,,,,,,,,,,,,,,,,,,,,,1.9649999999999999
,,,2025-01-06,,,,,,,,,,,,,,,,,,,,,,,,-2.0175
,,,2025-01-07,,,,,,,,,,,,,,,,,,,,,,,,0.8399999999999999
,,,2025-01-08,,,,,,,,,,,,,,,,,,,,,,,,-1.52625
,,,2025-01-10,,,,,,,,,,,,,,,,,,,,,,,,0.7149999999999999
,,,2025-01-13,,,,,,,,,,,,,,,,,,,,,,,,-2.0175
,,,2025-01-14,,,,,,,,,,,,,,,,,,,,,,,,2.465
,,,2025-01-15,,,,,,,,,,,,,,,,,,,,,,,,-2.0175
,,,2025-01-16,,,,,,,,,,,,,,,,,,,,,,,,-2.0175
,,,2025-01-17,,,,,,,,,,,,,,,,,,,,,,,,1.9649999999999999
,,,2025-01-20,,,,,,,,,,,,,,,,,,,,,,,,1.85875
,,,2025-01-21,,,,,,,,,,,,,,,,,,,,,,,,-0.2318750000000001
,,,2025-01-22,,,,,,,,,,,,,,,,,,,,,,,,-0.5975000000000001
,,,2025-01-23,,,,,,,,,,,,,,,,,,,,,,,,1.9649999999999999
,,,2025-01-24,,,,,,,,,,,,,,,,,,,,,,,,2.465
,,,2025-01-27,,,,,,,,,,,,,,,,,,,,,,,,0.8399999999999999
,,,2025-01-28,,,,,,,,,,,,,,,,,,,,,,,,1.9649999999999999
,,,2025-01-29,,,,,,,,,,,,,,,,,,,,,,,,2.465
,,,2025-01-30,,,,,,,,,,,,,,,,,,,,,,,,-0.7850000000000001
,,,2025-01-31,,,,,,,,,,,,,,,,,,,,,,,,-1.52625
,,,2025-02-03,,,,,,,,,,,,,,,,,,,,,,,,0.46499999999999986
,,,2025-02-04,,,,,,,,,,,,,,,,,,,,,,,,-1.52625
,,,2025-02-05,,,,,,,,,,,,,,,,,,,,,,,,1.4118749999999998
,,,2025-02-06,,,,,,,,,,,,,,,,,,,,,,,,-1.40125
,,,2025-02-07,,,,,,,,,,,,,,,,,,,,,,,,2.465
,,,2025-02-10,,,,,,,,,,,,,,,,,,,,,,,,-0.38625
,,,2025-02-11,,,,,,,,,,,,,,,,,,,,,,,,-2.0175
,,,2025-02-12,,,,,,,,,,,,,,,,,,,,,,,,1.9649999999999999
,,,2025-02-13,,,,,,,,,,,,,,,,,,,,,,,,-2.0175
,,,2025-02-14,,,,,,,,,,,,,,,,,,,,,,,,-1.52625
,,,2025-02-17,,,,,,,,,,,,,,,,,,,,,,,,-0.198125
,,,2025-02-18,,,,,,,,,,,,,,,,,,,,,,,,2.465
,,,2025-02-19,,,,,,,,,,,,,,,,,,,,,,,,1.9649999999999999
,,,2025-02-20,,,,,,,,,,,,,,,,,,,,,,,,-1.52625
,,,2025-02-21,,,,,,,,,,,,,,,,,,,,,,,,2.465
,,,2025-02-24,,,,,,,,,,,,,,,,,,,,,,,,-2.0175
,,,2025-02-25,,,,,,,,,,,,,,,,,,,,,,,,0.8399999999999999
,,,2025-02-26,,,,,,,,,,,,,,,,,,,,,,,,-1.0350000000000001
,,,2025-02-27,,,,,,,,,,,,,,,,,,,,,,,,-1.40125
,,,2025-02-28,,,,,,,,,,,,,,,,,,,,,,,,-1.52625
,,,2025-03-03,,,,,,,,,,,,,,,,,,,,,,,,-1.40125
,,,2025-03-04,,,,,,,,,,,,,,,,,,,,,,,,2.215
,,,2025-03-05,,,,,,,,,,,,,,,,,,,,,,,,-2.0175
,,,2025-03-06,,,,,,,,,,,,,,,,,,,,,,,,-2.0175
,,,2025-03-07,,,,,,,,,,,,,,,,,,,,,,,,-0.7850000000000001
,,,2025-03-10,,,,,,,,,,,,,,,,,,,,,,,,-2.0175
,,,2025-03-11,,,,,,,,,,,,,,,,,,,,,,,,-1.40125
,,,2025-03-12,,,,,,,,,,,,,,,,,,,,,,,,-1.40125
,,,2025-03-13,,,,,,,,,,,,,,,,,,,,,,,,2.465
,,,2025-03-14,,,,,,,,,,,,,,,,,,,,,,,,1.9649999999999999
,,,2025-03-17,,,,,,,,,,,,,,,,,,,,,,,,0.8399999999999999
,,,2025-03-18,,,,,,,,,,,,,,,,,,,,,,,,-0.7850000000000001
,,,2025-03-19,,,,,,,,,,,,,,,,,,,,,,,,0.46499999999999986
,,,2025-03-20,,,,,,,,,,,,,,,,,,,,,,,,-2.0175
,,,2025-03-21,,,,,,,,,,,,,,,,,,,,,,,,0.46499999999999986
,,,2025-03-24,,,,,,,,,,,,,,,,,,,,,,,,1.9649999999999999
,,,2025-03-25,,,,,,,,,,,,,,,,,,,,,,,,0.15875
,,,2025-03-26,,,,,,,,,,,,,,,,,,,,,,,,2.465
,,,2025-03-27,,,,,,,,,,,,,,,,,,,,,,,,-1.52625
,,,2025-03-28,,,,,,,,,,,,,,,,,,,,,,,,2.465
,,,2025-03-31,,,,,,,,,,,,,,,,,,,,,,,,1.9649999999999999
,,,2025-04-01,,,,,,,,,,,,,,,,,,,,,,,,1.9649999999999999
,,,2025-04-02,,,,,,,,,,,,,,,,,,,,,,,,1.9649999999999999
,,,2025-04-03,,,,,,,,,,,,,,,,,,,,,,,,-1.40125
,,,2025-04-04,,,,,,,,,,,,,,,,,,,,,,,,0.8399999999999999
,,,2025-04-07,,,,,,,,,,,,,,,,,,,,,,,,0.5899999999999999
,,,2025-04-08,,,,,,,,,,,,,,,,,,,,,,,,0.7149999999999999
,,,2025-04-09,,,,,,,,,,,,,,,,,,,,,,,,0.5899999999999999
,,,2025-04-10,,,,,,,,,,,,,,,,,,,,,,,,-0.7850000000000001
,,,2025-04-11,,,,,,,,,,,,,,,,,,,,,,,,-1.0350000000000001
,,,2025-04-14,,,,,,,,,,,,,,,,,,,,,,,,-1.52625
,,,2025-04-15,,,,,,,,,,,,,,,,,,,,,,,,0.8399999999999999
,,,2025-04-16,,,,,,,,,,,,,,,,,,,,,,,,0.5899999999999999
,,,2025-04-17,,,,,,,,,,,,,,,,,,,,,,,,-0.9100000000000001
,,,2025-04-21,,,,,,,,,,,,,,,,,,,,,,,,2.465
,,,2025-04-22,,,,,,,,,,,,,,,,,,,,,,,,-1.52625
,,,2025-04-23,,,,,,,,,,,,,,,,,,,,,,,,-2.0175
,,,2025-04-24,,,,,,,,,,,,,,,,,,,,,,,,1.9649999999999999
,,,2025-04-25,,,,,,,,,,,,,,,,,,,,,,,,1.9649999999999999
,,,2025-04-28,,,,,,,,,,,,,,,,,,,,,,,,2.465
,,,2025-04-29,,,,,,,,,,,,,,,,,,,,,,,,0.46499999999999986
,,,2025-04-30,,,,,,,,,,,,,,,,,,,,,,,,1.9649999999999999
,,,2025-05-01,,,,,,,,,,,,,,,,,,,,,,,,0.46499999999999986
,,,2025-05-02,,,,,,,,,,,,,,,,,,,,,,,,1.9649999999999999
,,,2025-05-05,,,,,,,,,,,,,,,,,,,,,,,,1.9649999999999999
,,,2025-05-06,,,,,,,,,,,,,,,,,,,,,,,,1.9649999999999999
,,,2025-05-07,,,,,,,,,,,,,,,,,,,,,,,,-1.52625
,,,2025-05-08,,,,,,,,,,,,,,,,,,,,,,,,-0.9100000000000001
,,,2025-05-09,,,,,,,,,,,,,,,,,,,,,,,,1.1493749999999998
,,,2025-05-12,,,,,,,,,,,,,,,,,,,,,,,,0.04937499999999989
,,,2025-05-13,,,,,,,,,,,,,,,,,,,,,,,,1.9649999999999999
,,,2025-05-14,,,,,,,,,,,,,,,,,,,,,,,,-1.0350000000000001
,,,2025-05-15,,,,,,,,,,,,,,,,,,,,,,,,1.9649999999999999
,,,2025-05-16,,,,,,,,,,,,,,,,,,,,,,,,-2.0175
,,,2025-05-19,,,,,,,,,,,,,,,,,,,,,,,,1.9649999999999999
,,,2025-05-20,,,,,,,,,,,,,,,,,,,,,,,,0.46499999999999986
,,,2025-05-21,,,,,,,,,,,,,,,,,,,,,,,,0.46499999999999986
,,,2025-05-22,,,,,,,,,,,,,,,,,,,,,,,,0.46499999999999986
,,,2025-05-23,,,,,,,,,,,,,,,,,,,,,,,,0.46499999999999986
,,,2025-05-26,,,,,,,,,,,,,,,,,,,,,,,,-1.026875
,,,2025-05-27,,,,,,,,,,,,,,,,,,,,,,,,1.9649999999999999
,,,2025-05-28,,,,,,,,,,,,,,,,,,,,,,,,1.84875
,,,2025-05-29,,,,,,,,,,,,,,,,,,,,,,,,0.8399999999999999
,,,2025-05-30,,,,,,,,,,,,,,,,,,,,,,,,-2.0175
,,,2025-06-02,,,,,,,,,,,,,,,,,,,,,,,,1.9649999999999999
,,,2025-06-03,,,,,,,,,,,,,,,,,,,,,,,,1.9649999999999999
,,,2025-06-04,,,,,,,,,,,,,,,,,,,,,,,,-0.43
,,,2025-06-05,,,,,,,,,,,,,,,,,,,,,,,,-1.0350000000000001
,,,2025-06-06,,,,,,,,,,,,,,,,,,,,,,,,0.8399999999999999
,,,2025-06-09,,,,,,,,,,,,,,,,,,,,,,,,-0.5231250000000001
,,,2025-06-10,,,,,,,,,,,,,,,,,,,,,,,,-2.0175
,,,2025-06-11,,,,,,,,,,,,,,,,,,,,,,,,0.7149999999999999
,,,2025-06-12,,,,,,,,,,,,,,,,,,,,,,,,-0.99875
,,,2025-06-13,,,,,,,,,,,,,,,,,,,,,,,,-1.52625
,,,2025-06-16,,,,,,,,,,,,,,,,,,,,,,,,-0.583125
,,,2025-06-17,,,,,,,,,,,,,,,,,,,,,,,,0.8399999999999999
,,,2025-06-18,,,,,,,,,,,,,,,,,,,,,,,,-2.0175
,,,2025-06-19,,,,,,,,,,,,,,,,,,,,,,,,-0.37374999999999997
,,,2025-06-20,,,,,,,,,,,,,,,,,,,,,,,,-2.0175
,,,2025-06-23,,,,,,,,,,,,,,,,,,,,,,,,-0.9100000000000001
,,,2025-06-24,,,,,,,,,,,,,,,,,,,,,,,,1.9649999999999999
,,,2025-06-25,,,,,,,,,,,,,,,,,,,,,,,,2.465
,,,2025-06-26,,,,,,,,,,,,,,,,,,,,,,,,1.9649999999999999
,,,2025-06-27,,,,,,,,,,,,,,,,,,,,,,,,-2.0175
,,,2025-06-30,,,,,,,,,,,,,,,,,,,,,,,,0.5899999999999999
,,,2025-07-01,,,,,,,,,,,,,,,,,,,,,,,,0.8399999999999999
,,,2025-07-02,,,,,,,,,,,,,,,,,,,,,,,,1.655625
,,,2025-07-03,,,,,,,,,,,,,,,,,,,,,,,,-0.29187500000000005
,,,2025-07-04,,,,,,,,,,,,,,,,,,,,,,,,-0.018125
,,,2025-07-07,,,,,,,,,,,,,,,,,,,,,,,,0.7149999999999999
,,,2025-07-08,,,,,,,,,,,,,,,,,,,,,,,,-0.4362500000000001
,,,2025-07-09,,,,,,,,,,,,,,,,,,,,,,,,-2.0175
,,,2025-07-10,,,,,,,,,,,,,,,,,,,,,,,,-0.8768750000000001
,,,2025-07-11,,,,,,,,,,,,,,,,,,,,,,,,-0.7356250000000001
,,,2025-07-14,,,,,,,,,,,,,,,,,,,,,,,,1.9649999999999999
,,,2025-07-15,,,,,,,,,,,,,,,,,,,,,,,,0.8806249999999999
,,,2025-07-16,,,,,,,,,,,,,,,,,,,,,,,,-0.9100000000000001
,,,2025-07-17,,,,,,,,,,,,,,,,,,,,,,,,1.499375
,,,2025-07-18,,,,,,,,,,,,,,,,,,,,,,,,0.189375
,,,2025-07-21,,,,,,,,,,,,,,,,,,,,,,,,-1.38625
,,,2025-07-22,,,,,,,,,,,,,,,,,,,,,,,,1.6212499999999999
,,,2025-07-23,,,,,,,,,,,,,,,,,,,,,,,,-2.0175
,,,2025-07-24,,,,,,,,,,,,,,,,,,,,,,,,0.9493749999999999
,,,2025-07-25,,,,,,,,,,,,,,,,,,,,,,,,-0.24812500000000004
,,,2025-07-28,,,,,,,,,,,,,,,,,,,,,,,,1.155625
,,,2025-07-29,,,,,,,,,,,,,,,,,,,,,,,,2.465
,,,2025-07-30,,,,,,,,,,,,,,,,,,,,,,,,1.9649999999999999
,,,2025-07-31,,,,,,,,,,,,,,,,,,,,,,,,0.8399999999999999
,,,2025-08-01,,,,,,,,,,,,,,,,,,,,,,,,-1.0350000000000001
,,,2025-08-04,,,,,,,,,,,,,,,,,,,,,,,,1.743125
,,,2025-08-05,,,,,,,,,,,,,,,,,,,,,,,,0.8399999999999999
,,,2025-08-06,,,,,,,,,,,,,,,,,,,,,,,,1.9649999999999999
,,,2025-08-07,,,,,,,,,,,,,,,,,,,,,,,,2.465
,,,2025-08-08,,,,,,,,,,,,,,,,,,,,,,,,0.4743749999999999
,,,2025-08-11,,,,,,,,,,,,,,,,,,,,,,,,0.7149999999999999
,,,2025-08-12,,,,,,,,,,,,,,,,,,,,,,,,1.9649999999999999
,,,2025-08-13,,,,,,,,,,,,,,,,,,,,,,,,1.59625
,,,2025-08-14,,,,,,,,,,,,,,,,,,,,,,,,-2.0175
,,,2025-08-15,,,,,,,,,,,,,,,,,,,,,,,,0.62125
,,,2025-08-18,,,,,,,,,,,,,,,,,,,,,,,,-0.9387500000000001
,,,2025-08-19,,,,,,,,,,,,,,,,,,,,,,,,2.465
,,,2025-08-20,,,,,,,,,,,,,,,,,,,,,,,,-2.0175
,,,2025-08-21,,,,,,,,,,,,,,,,,,,,,,,,-1.52625
,,,2025-08-22,,,,,,,,,,,,,,,,,,,,,,,,-1.52625
,,,2025-08-25,,,,,,,,,,,,,,,,,,,,,,,,-0.053750000000000187
,,,2025-08-26,,,,,,,,,,,,,,,,,,,,,,,,1.9649999999999999
,,,2025-08-27,,,,,,,,,,,,,,,,,,,,,,,,1.9649999999999999
,,,2025-08-28,,,,,,,,,,,,,,,,,,,,,,,,1.9649999999999999
,,,2025-08-29,,,,,,,,,,,,,,,,,,,,,,,,1.2931249999999999
,,,2025-09-02,,,,,,,,,,,,,,,,,,,,,,,,-0.7850000000000001
,,,2025-09-03,,,,,,,,,,,,,,,,,,,,,,,,-2.0175
,,,2025-09-04,,,,,,,,,,,,,,,,,,,,,,,,1.9649999999999999
,,,2025-09-05,,,,,,,,,,,,,,,,,,,,,,,,-1.40125
,,,2025-09-08,,,,,,,,,,,,,,,,,,,,,,,,-2.0175
,,,2025-09-09,,,,,,,,,,,,,,,,,,,,,,,,-2.0175
,,,2025-09-10,,,,,,,,,,,,,,,,,,,,,,,,-2.0175
,,,2025-09-11,,,,,,,,,,,,,,,,,,,,,,,,0.40499999999999997
,,,2025-09-12,,,,,,,,,,,,,,,,,,,,,,,,1.5087499999999998
,,,2025-09-15,,,,,,,,,,,,,,,,,,,,,,,,0.541875
,,,2025-09-16,,,,,,,,,,,,,,,,,,,,,,,,-0.37374999999999997
,,,2025-09-17,,,,,,,,,,,,,,,,,,,,,,,,-0.7850000000000001
,,,2025-09-18,,,,,,,,,,,,,,,,,,,,,,,,-1.0350000000000001
,,,2025-09-19,,,,,,,,,,,,,,,,,,,,,,,,-1.40125
,,,2025-09-22,,,,,,,,,,,,,,,,,,,,,,,,1.9649999999999999
,,,2025-09-23,,,,,,,,,,,,,,,,,,,,,,,,2.465
,,,2025-09-24,,,,,,,,,,,,,,,,,,,,,,,,-0.3225000000000001
,,,2025-09-25,,,,,,,,,,,,,,,,,,,,,,,,1.9649999999999999
,,,2025-09-26,,,,,,,,,,,,,,,,,,,,,,,,-1.40125
,,,2025-09-29,,,,,,,,,,,,,,,,,,,,,,,,0.8399999999999999
,,,2025-09-30,,,,,,,,,,,,,,,,,,,,,,,,0.46499999999999986
,,,2025-10-01,,,,,,,,,,,,,,,,,,,,,,,,1.9649999999999999
,,,2025-10-02,,,,,,,,,,,,,,,,,,,,,,,,-2.0175
,,,2025-10-03,,,,,,,,,,,,,,,,,,,,,,,,-2.0175
,,,2025-10-06,,,,,,,,,,,,,,,,,,,,,,,,1.17125
,,,2025-10-07,,,,,,,,,,,,,,,,,,,,,,,,2.465
,,,2025-10-08,,,,,,,,,,,,,,,,,,,,,,,,1.9649999999999999
,,,2025-10-09,,,,,,,,,,,,,,,,,,,,,,,,0.8399999999999999
,,,2025-10-10,,,,,,,,,,,,,,,,,,,,,,,,2.465
,,,2025-10-13,,,,,,,,,,,,,,,,,,,,,,,,0.46499999999999986
,,,2025-10-14,,,,,,,,,,,,,,,,,,,,,,,,1.9649999999999999
,,,2025-10-15,,,,,,,,,,,,,,,,,,,,,,,,-2.0175
,,,2025-10-16,,,,,,,,,,,,,,,,,,,,,,,,-2.0175
,,,2025-10-17,,,,,,,,,,,,,,,,,,,,,,,,0.8399999999999999
,,,2025-10-20,,,,,,,,,,,,,,,,,,,,,,,,1.0212499999999998
,,,2025-10-21,,,,,,,,,,,,,,,,,,,,,,,,1.9649999999999999
