strategy,source_path,instrument,trading_date,entry_ts,exit_ts,entry_time,exit_time,direction,outcome,r_multiple,pnl_R,points,gross_pnl,net_pnl,win_loss,holding_time,mae,mfe,mae_r,mfe_r,risk_points,stop,target,fees_slippage_assumption,session_day,news_blackout,date,window_days,drawdown_R
,,,,,,,,,,,,,,,,,,,,,,,,,,,2020-01-02,1,1.6956250000000002
,,,,,,,,,,,,,,,,,,,,,,,,,,,2020-01-03,2,2.185
,,,,,,,,,,,,,,,,,,,,,,,,,,,2020-01-06,3,2.185
,,,,,,,,,,,,,,,,,,,,,,,,,,,2020-01-07,4,2.185
,,,,,,,,,,,,,,,,,,,,,,,,,,,2020-01-08,5,2.9518750000000002
,,,,,,,,,,,,,,,,,,,,,,,,,,,2020-01-09,6,3.785
,,,,,,,,,,,,,,,,,,,,,,,,,,,2020-01-10,7,5.030625000000001
,,,,,,,,,,,,,,,,,,,,,,,,,,,2020-01-13,8,5.030625000000001
,,,,,,,,,,,,,,,,,,,,,,,,,,,2020-01-14,9,5.030625000000001
,,,,,,,,,,,,,,,,,,,,,,,,,,,2020-01-15,10,5.030625000000001
,,,,,,,,,,,,,,,,,,,,,,,,,,,2020-01-16,11,5.68625
,,,,,,,,,,,,,,,,,,,,,,,,,,,2020-01-17,12,6.735
,,,,,,,,,,,,,,,,,,,,,,,,,,,2020-01-21,13,6.99875
,,,,,,,,,,,,,,,,,,,,,,,,,,,2020-01-22,14,7.465000000000001
,,,,,,,,,,,,,,,,,,,,,,,,,,,2020-01-23,15,7.465000000000001
,,,,,,,,,,,,,,,,,,,,,,,,,,,2020-01-24,16,7.465000000000001
,,,,,,,,,,,,,,,,,,,,,,,,,,,2020-01-27,17,7.465000000000001
,,,,,,,,,,,,,,,,,,,,,,,,,,,2020-01-28,18,7.465000000000001
,,,,,,,,,,,,,,,,,,,,,,,,,,,2020-01-29,19,7.465000000000001
,,,,,,,,,,,,,,,,,,,,,,,,,,,2020-01-30,20,7.465000000000001
,,,,,,,,,,,,,,,,,,,,,,,,,,,2020-01-31,20,6.97625
,,,,,,,,,,,,,,,,,,,,,,,,,,,2020-02-03,20,6.976250000000001
,,,,,,,,,,,,,,,,,,,,,,,,,,,2020-02-04,20,6.976250000000001
,,,,,,,,,,,,,,,,,,,,,,,,,,,2020-02-05,20,6.530625000000001
,,,,,,,,,,,,,,,,,,,,,,,,,,,2020-02-06,20,4.5131250000000005
,,,,,,,,,,,,,,,,,,,,,,,,,,,2020-02-07,20,4.33375
,,,,,,,,,,,,,,,,,,,,,,,,,,,2020-02-10,20,4.33375
,,,,,,,,,,,,,,,,,,,,,,,,,,,2020-02-11,20,4.333750000000001
,,,,,,,,,,,,,,,,,,,,,,,,,,,2020-02-12,20,3.98875
,,,,,,,,,,,,,,,,,,,,,,,,,,,2020-02-13,20,2.893125
,,,,,,,,,,,,,,,,,,,,,,,,,,,2020-02-14,20,2.1881250000000003
,,,,,,,,,,,,,,,,,,,,,,,,,,,2020-02-18,20,2.995
,,,,,,,,,,,,,,,,,,,,,,,,,,,2020-02-19,20,2.995
,,,,,,,,,,,,,,,,,,,,,,,,,,,2020-02-20,20,4.579375
,,,,,,,,,,,,,,,,,,,,,,,,,,,2020-02-21,20,4.579374999999999
,,,,,,,,,,,,,,,,,,,,,,,,,,,2020-02-24,20,4.579375000000001
,,,,,,,,,,,,,,,,,,,,,,,,,,,2020-02-25,20,4.579375000000001
,,,,,,,,,,,,,,,,,,,,,,,,,,,2020-02-26,20,4.579375000000001
,,,,,,,,,,,,,,,,,,,,,,,,,,,2020-02-27,20,4.579375000000001
,,,,,,,,,,,,,,,,,,,,,,,,,,,2020-02-28,20,5.56125
,,,,,,,,,,,,,,,,,,,,,,,,,,,2020-03-02,20,5.56125
,,,,,,,,,,,,,,,,,,,,,,,,,,,2020-03-03,20,5.56125
,,,,,,,,,,,,,,,,,,,,,,,,,,,2020-03-04,20,5.56125
,,,,,,,,,,,,,,,,,,,,,,,,,,,2020-03-05,20,5.56125
,,,,,,,,,,,,,,,,,,,,,,,,,,,2020-03-06,20,6.085000000000001
,,,,,,,,,,,,,,,,,,,,,,,,,,,2020-03-09,20,6.085000000000001
,,,,,,,,,,,,,,,,,,,,,,,,,,,2020-03-10,20,6.405000000000001
,,,,,,,,,,,,,,,,,,,,,,,,,,,2020-03-11,20,6.405000000000001
,,,,,,,,,,,,,,,,,,,,,,,,,,,2020-03-12,20,7.091250000000001
,,,,,,,,,,,,,,,,,,,,,,,,,,,2020-03-13,20,7.091250000000001
,,,,,,,,,,,,,,,,,,,,,,,,,,,2020-03-16,20,7.091250000000001
,,,,,,,,,,,,,,,,,,,,,,,,,,,2020-03-17,20,7.091250000000001
,,,,,,,,,,,,,,,,,,,,,,,,,,,2020-03-18,20,7.091250000000001
,,,,,,,,,,,,,,,,,,,,,,,,,,,2020-03-19,20,7.091250000000001
,,,,,,,,,,,,,,,,,,,,,,,,,,,2020-03-20,20,7.091250000000001
,,,,,,,,,,,,,,,,,,,,,,,,,,,2020-03-23,20,7.091250000000001
,,,,,,,,,,,,,,,,,,,,,,,,,,,2020-03-24,20,7.091250000000001
,,,,,,,,,,,,,,,,,,,,,,,,,,,2020-03-25,20,5.073750000000001
,,,,,,,,,,,,,,,,,,,,,,,,,,,2020-03-26,20,4.550000000000001
,,,,,,,,,,,,,,,,,,,,,,,,,,,2020-03-27,20,4.550000000000001
,,,,,,,,,,,,,,,,,,,,,,,,,,,2020-03-30,20,4.550000000000001
,,,,,,,,,,,,,,,,,,,,,,,,,,,2020-03-31,20,4.550000000000001
,,,,,,,,,,,,,,,,,,,,,,,,,,,2020-04-01,20,4.550000000000001
,,,,,,,,,,,,,,,,,,,,,,,,,,,2020-04-02,20,3.2475000000000005
,,,,,,,,,,,,,,,,,,,,,,,,,,,2020-04-03,20,3.2475000000000005
,,,,,,,,,,,,,,,,,,,,,,,,,,,2020-04-06,20,3.2475000000000005
,,,,,,,,,,,,,,,,,,,,,,,,,,,2020-04-07,20,3.2475000000000005
,,,,,,,,,,,,,,,,,,,,,,,,,,,2020-04-08,20,3.2475000000000005
,,,,,,,,,,,,,,,,,,,,,,,,,,,2020-04-09,20,3.2475000000000005
,,,,,,,,,,,,,,,,,,,,,,,,,,,2020-04-13,20,3.2475000000000005
,,,,,,,,,,,,,,,,,,,,,,,,,,,2020-04-14,20,3.2475000000000005
,,,,,,,,,,,,,,,,,,,,,,,,,,,2020-04-15,20,3.2475000000000005
,,,,,,,,,,,,,,,,,,,,,,,,,,,2020-04-16,20,3.0525
,,,,,,,,,,,,,,,,,,,,,,,,,,,2020-04-17,20,3.0525
,,,,,,,,,,,,,,,,,,,,,,,,,,,2020-04-20,20,3.0525
,,,,,,,,,,,,,,,,,,,,,,,,,,,2020-04-21,20,3.41875
,,,,,,,,,,,,,,,,,,,,,,,,,,,2020-04-22,20,3.41875
,,,,,,,,,,,,,,,,,,,,,,,,,,,2020-04-23,20,3.4712500000000004
,,,,,,,,,,,,,,,,,,,,,,,,,,,2020-04-24,20,3.4712500000000004
,,,,,,,,,,,,,,,,,,,,,,,,,,,2020-04-27,20,3.4712500000000004
,,,,,,,,,,,,,,,,,,,,,,,,,,,2020-04-28,20,3.4712500000000004
,,,,,,,,,,,,,,,,,,,,,,,,,,,2020-04-29,20,3.4712500000000004
,,,,,,,,,,,,,,,,,,,,,,,,,,,2020-04-30,20,3.4712500000000004
,,,,,,,,,,,,,,,,,,,,,,,,,,,2020-05-01,20,3.4712500000000004
,,,,,,,,,,,,,,,,,,,,,,,,,,,2020-05-04,20,3.4712500000000004
,,,,,,,,,,,,,,,,,,,,,,,,,,,2020-05-05,20,3.4712500000000004
,,,,,,,,,,,,,,,,,,,,,,,,,,,2020-05-06,20,3.4712500000000004
,,,,,,,,,,,,,,,,,,,,,,,,,,,2020-05-07,20,3.4712500000000004
,,,,,,,,,,,,,,,,,,,,,,,,,,,2020-05-08,20,3.4712500000000004
,,,,,,,,,,,,,,,,,,,,,,,,,,,2020-05-11,20,3.4712500000000004
,,,,,,,,,,,,,,,,,,,,,,,,,,,2020-05-12,20,3.4712500000000004
,,,,,,,,,,,,,,,,,,,,,,,,,,,2020-05-13,20,4.035
,,,,,,,,,,,,,,,,,,,,,,,,,,,2020-05-14,20,4.035
,,,,,,,,,,,,,,,,,,,,,,,,,,,2020-05-15,20,5.5875
,,,,,,,,,,,,,,,,,,,,,,,,,,,2020-05-18,20,5.5875
,,,,,,,,,,,,,,,,,,,,,,,,,,,2020-05-19,20,5.695625000000001
,,,,,,,,,,,,,,,,,,,,,,,,,,,2020-05-20,20,5.695625000000001
,,,,,,,,,,,,,,,,,,,,,,,,,,,2020-05-21,20,5.695625000000001
,,,,,,,,,,,,,,,,,,,,,,,,,,,2020-05-22,20,5.695625000000001
,,,,,,,,,,,,,,,,,,,,,,,,,,,2020-05-26,20,5.695625000000001
,,,,,,,,,,,,,,,,,,,,,,,,,,,2020-05-27,20,5.695625000000001
,,,,,,,,,,,,,,,,,,,,,,,,,,,2020-05-28,20,5.695625000000001
,,,,,,,,,,,,,,,,,,,,,,,,,,,2020-05-29,20,5.695625000000001
,,,,,,,,,,,,,,,,,,,,,,,,,,,2020-06-01,20,5.695625000000001
,,,,,,,,,,,,,,,,,,,,,,,,,,,2020-06-02,20,5.695625000000001
,,,,,,,,,,,,,,,,,,,,,,,,,,,2020-06-03,20,5.791250000000002
,,,,,,,,,,,,,,,,,,,,,,,,,,,2020-06-04,20,5.791250000000002
,,,,,,,,,,,,,,,,,,,,,,,,,,,2020-06-05,20,5.791250000000002
,,,,,,,,,,,,,,,,,,,,,,,,,,,2020-06-08,20,5.791250000000002
,,,,,,,,,,,,,,,,,,,,,,,,,,,2020-06-09,20,5.791250000000002
,,,,,,,,,,,,,,,,,,,,,,,,,,,2020-06-10,20,3.7737500000000015
,,,,,,,,,,,,,,,,,,,,,,,,,,,2020-06-11,20,3.654375000000001
,,,,,,,,,,,,,,,,,,,,,,,,,,,2020-06-12,20,3.654375000000001
,,,,,,,,,,,,,,,,,,,,,,,,,,,2020-06-15,20,3.654375000000001
,,,,,,,,,,,,,,,,,,,,,,,,,,,2020-06-16,20,3.654375000000001
,,,,,,,,,,,,,,,,,,,,,,,,,,,2020-06-17,20,3.654375000000001
,,,,,,,,,,,,,,,,,,,,,,,,,,,2020-06-18,20,3.654375000000001
,,,,,,,,,,,,,,,,,,,,,,,,,,,2020-06-19,20,3.654375000000001
,,,,,,,,,,,,,,,,,,,,,,,,,,,2020-06-22,20,3.654375000000001
,,,,,,,,,,,,,,,,,,,,,,,,,,,2020-06-23,20,3.654375000000001
,,,,,,,,,,,,,,,,,,,,,,,,,,,2020-06-24,20,3.6018750000000006
,,,,,,,,,,,,,,,,,,,,,,,,,,,2020-06-25,20,3.6018750000000006
,,,,,,,,,,,,,,,,,,,,,,,,,,,2020-06-26,20,2.0337500000000004
,,,,,,,,,,,,,,,,,,,,,,,,,,,2020-06-29,20,2.0337500000000004
,,,,,,,,,,,,,,,,,,,,,,,,,,,2020-06-30,20,2.017500000000002
,,,,,,,,,,,,,,,,,,,,,,,,,,,2020-07-01,20,2.017500000000002
,,,,,,,,,,,,,,,,,,,,,,,,,,,2020-07-02,20,2.0175
,,,,,,,,,,,,,,,,,,,,,,,,,,,2020-07-03,20,2.0175
,,,,,,,,,,,,,,,,,,,,,,,,,,,2020-07-06,20,2.0175
,,,,,,,,,,,,,,,,,,,,,,,,,,,2020-07-07,20,3.630000000000001
,,,,,,,,,,,,,,,,,,,,,,,,,,,2020-07-08,20,5.03125
,,,,,,,,,,,,,,,,,,,,,,,,,,,2020-07-09,20,5.81625
,,,,,,,,,,,,,,,,,,,,,,,,,,,2020-07-10,20,5.81625
,,,,,,,,,,,,,,,,,,,,,,,,,,,2020-07-13,20,5.81625
,,,,,,,,,,,,,,,,,,,,,,,,,,,2020-07-14,20,6.412500000000001
,,,,,,,,,,,,,,,,,,,,,,,,,,,2020-07-15,20,6.4125
,,,,,,,,,,,,,,,,,,,,,,,,,,,2020-07-16,20,7.59
,,,,,,,,,,,,,,,,,,,,,,,,,,,2020-07-17,20,9.607500000000002
,,,,,,,,,,,,,,,,,,,,,,,,,,,2020-07-20,20,9.607500000000002
,,,,,,,,,,,,,,,,,,,,,,,,,,,2020-07-21,20,9.607500000000002
,,,,,,,,,,,,,,,,,,,,,,,,,,,2020-07-22,20,9.607500000000002
,,,,,,,,,,,,,,,,,,,,,,,,,,,2020-07-23,20,9.607500000000002
,,,,,,,,,,,,,,,,,,,,,,,,,,,2020-07-24,20,9.607500000000002
,,,,,,,,,,,,,,,,,,,,,,,,,,,2020-07-27,20,9.607500000000002
,,,,,,,,,,,,,,,,,,,,,,,,,,,2020-07-28,20,9.607500000000002
,,,,,,,,,,,,,,,,,,,,,,,,,,,2020-07-29,20,9.607500000000002
,,,,,,,,,,,,,,,,,,,,,,,,,,,2020-07-30,20,9.607500000000002
,,,,,,,,,,,,,,,,,,,,,,,,,,,2020-07-31,20,9.521250000000002
,,,,,,,,,,,,,,,,,,,,,,,,,,,2020-08-03,20,7.995000000000001
,,,,,,,,,,,,,,,,,,,,,,,,,,,2020-08-04,20,5.977500000000001
,,,,,,,,,,,,,,,,,,,,,,,,,,,2020-08-05,20,5.7562500000000005
,,,,,,,,,,,,,,,,,,,,,,,,,,,2020-08-06,20,5.7562500000000005
,,,,,,,,,,,,,,,,,,,,,,,,,,,2020-08-07,20,5.7562500000000005
,,,,,,,,,,,,,,,,,,,,,,,,,,,2020-08-10,20,4.45375
,,,,,,,,,,,,,,,,,,,,,,,,,,,2020-08-11,20,4.45375
,,,,,,,,,,,,,,,,,,,,,,,,,,,2020-08-12,20,4.45375
,,,,,,,,,,,,,,,,,,,,,,,,,,,2020-08-13,20,4.45375
,,,,,,,,,,,,,,,,,,,,,,,,,,,2020-08-14,20,4.45375
,,,,,,,,,,,,,,,,,,,,,,,,,,,2020-08-17,20,4.45375
,,,,,,,,,,,,,,,,,,,,,,,,,,,2020-08-18,20,4.45375
,,,,,,,,,,,,,,,,,,,,,,,,,,,2020-08-19,20,6.130000000000001
,,,,,,,,,,,,,,,,,,,,,,,,,,,2020-08-20,20,6.130000000000001
,,,,,,,,,,,,,,,,,,,,,,,,,,,2020-08-21,20,6.130000000000001
,,,,,,,,,,,,,,,,,,,,,,,,,,,2020-08-24,20,6.130000000000001
,,,,,,,,,,,,,,,,,,,,,,,,,,,2020-08-25,20,6.130000000000001
,,,,,,,,,,,,,,,,,,,,,,,,,,,2020-08-26,20,6.130000000000001
,,,,,,,,,,,,,,,,,,,,,,,,,,,2020-08-27,20,6.130000000000001
,,,,,,,,,,,,,,,,,,,,,,,,,,,2020-08-28,20,6.13
,,,,,,,,,,,,,,,,,,,,,,,,,,,2020-08-31,20,6.130000000000001
,,,,,,,,,,,,,,,,,,,,,,,,,,,2020-09-01,20,6.130000000000001
,,,,,,,,,,,,,,,,,,,,,,,,,,,2020-09-02,20,6.130000000000001
,,,,,,,,,,,,,,,,,,,,,,,,,,,2020-09-03,20,6.130000000000001
,,,,,,,,,,,,,,,,,,,,,,,,,,,2020-09-04,20,6.130000000000001
,,,,,,,,,,,,,,,,,,,,,,,,,,,2020-09-07,20,6.130000000000001
,,,,,,,,,,,,,,,,,,,,,,,,,,,2020-09-08,20,6.130000000000001
,,,,,,,,,,,,,,,,,,,,,,,,,,,2020-09-09,20,6.130000000000001
,,,,,,,,,,,,,,,,,,,,,,,,,,,2020-09-10,20,4.112500000000001
,,,,,,,,,,,,,,,,,,,,,,,,,,,2020-09-11,20,3.7287500000000007
,,,,,,,,,,,,,,,,,,,,,,,,,,,2020-09-14,20,3.7287500000000002
,,,,,,,,,,,,,,,,,,,,,,,,,,,2020-09-15,20,4.328750000000001
,,,,,,,,,,,,,,,,,,,,,,,,,,,2020-09-16,20,4.328749999999999
,,,,,,,,,,,,,,,,,,,,,,,,,,,2020-09-17,20,4.328749999999999
,,,,,,,,,,,,,,,,,,,,,,,,,,,2020-09-18,20,4.328750000000001
,,,,,,,,,,,,,,,,,,,,,,,,,,,2020-09-21,20,4.328750000000001
,,,,,,,,,,,,,,,,,,,,,,,,,,,2020-09-22,20,4.960000000000001
,,,,,,,,,,,,,,,,,,,,,,,,,,,2020-09-23,20,4.960000000000001
,,,,,,,,,,,,,,,,,,,,,,,,,,,2020-09-24,20,4.960000000000001
,,,,,,,,,,,,,,,,,,,,,,,,,,,2020-09-25,20,4.960000000000001
,,,,,,,,,,,,,,,,,,,,,,,,,,,2020-09-28,20,4.960000000000001
,,,,,,,,,,,,,,,,,,,,,,,,,,,2020-09-29,20,4.960000000000001
,,,,,,,,,,,,,,,,,,,,,,,,,,,2020-09-30,20,4.960000000000001
,,,,,,,,,,,,,,,,,,,,,,,,,,,2020-10-01,20,4.960000000000001
,,,,,,,,,,,,,,,,,,,,,,,,,,,2020-10-02,20,4.960000000000001
,,,,,,,,,,,,,,,,,,,,,,,,,,,2020-10-05,20,4.960000000000001
,,,,,,,,,,,,,,,,,,,,,,,,,,,2020-10-06,20,4.960000000000001
,,,,,,,,,,,,,,,,,,,,,,,,,,,2020-10-07,20,4.960000000000001
,,,,,,,,,,,,,,,,,,,,,,,,,,,2020-10-08,20,4.960000000000001
,,,,,,,,,,,,,,,,,,,,,,,,,,,2020-10-09,20,4.5825000000000005
,,,,,,,,,,,,,,,,,,,,,,,,,,,2020-10-12,20,4.5825000000000005
,,,,,,,,,,,,,,,,,,,,,,,,,,,2020-10-13,20,4.5825000000000005
,,,,,,,,,,,,,,,,,,,,,,,,,,,2020-10-14,20,4.5825000000000005
,,,,,,,,,,,,,,,,,,,,,,,,,,,2020-10-15,20,4.5825000000000005
,,,,,,,,,,,,,,,,,,,,,,,,,,,2020-10-16,20,4.5825000000000005
,,,,,,,,,,,,,,,,,,,,,,,,,,,2020-10-19,20,4.5825000000000005
,,,,,,,,,,,,,,,,,,,,,,,,,,,2020-10-20,20,4.5825000000000005
,,,,,,,,,,,,,,,,,,,,,,,,,,,2020-10-21,20,4.5825000000000005
,,,,,,,,,,,,,,,,,,,,,,,,,,,2020-10-22,20,4.82
,,,,,,,,,,,,,,,,,,,,,,,,,,,2020-10-23,20,4.82
,,,,,,,,,,,,,,,,,,,,,,,,,,,2020-10-26,20,4.82
,,,,,,,,,,,,,,,,,,,,,,,,,,,2020-10-27,20,4.82
,,,,,,,,,,,,,,,,,,,,,,,,,,,2020-10-28,20,4.82
,,,,,,,,,,,,,,,,,,,,,,,,,,,2020-10-29,20,4.82
,,,,,,,,,,,,,,,,,,,,,,,,,,,2020-10-30,20,4.82
,,,,,,,,,,,,,,,,,,,,,,,,,,,2020-11-02,20,4.82
,,,,,,,,,,,,,,,,,,,,,,,,,,,2020-11-03,20,4.82
,,,,,,,,,,,,,,,,,,,,,,,,,,,2020-11-04,20,4.82
,,,,,,,,,,,,,,,,,,,,,,,,,,,2020-11-05,20,4.82
,,,,,,,,,,,,,,,,,,,,,,,,,,,2020-11-06,20,4.82
,,,,,,,,,,,,,,,,,,,,,,,,,,,2020-11-09,20,4.82
,,,,,,,,,,,,,,,,,,,,,,,,,,,2020-11-10,20,4.82
,,,,,,,,,,,,,,,,,,,,,,,,,,,2020-11-11,20,4.82
,,,,,,,,,,,,,,,,,,,,,,,,,,,2020-11-12,20,4.82
,,,,,,,,,,,,,,,,,,,,,,,,,,,2020-11-13,20,4.82
,,,,,,,,,,,,,,,,,,,,,,,,,,,2020-11-16,20,4.82
,,,,,,,,,,,,,,,,,,,,,,,,,,,2020-11-17,20,4.33375
,,,,,,,,,,,,,,,,,,,,,,,,,,,2020-11-18,20,5.36875
,,,,,,,,,,,,,,,,,,,,,,,,,,,2020-11-19,20,5.36875
,,,,,,,,,,,,,,,,,,,,,,,,,,,2020-11-20,20,5.421250000000001
,,,,,,,,,,,,,,,,,,,,,,,,,,,2020-11-23,20,6.822500000000001
,,,,,,,,,,,,,,,,,,,,,,,,,,,2020-11-24,20,6.822500000000001
,,,,,,,,,,,,,,,,,,,,,,,,,,,2020-11-25,20,6.822500000000001
,,,,,,,,,,,,,,,,,,,,,,,,,,,2020-11-26,20,6.822500000000001
,,,,,,,,,,,,,,,,,,,,,,,,,,,2020-11-27,20,6.822500000000001
,,,,,,,,,,,,,,,,,,,,,,,,,,,2020-11-30,20,8.11125
,,,,,,,,,,,,,,,,,,,,,,,,,,,2020-12-01,20,8.111250000000002
,,,,,,,,,,,,,,,,,,,,,,,,,,,2020-12-02,20,8.11125
,,,,,,,,,,,,,,,,,,,,,,,,,,,2020-12-03,20,8.111250000000002
,,,,,,,,,,,,,,,,,,,,,,,,,,,2020-12-04,20,8.11125
,,,,,,,,,,,,,,,,,,,,,,,,,,,2020-12-07,20,8.11125
,,,,,,,,,,,,,,,,,,,,,,,,,,,2020-12-08,20,8.111250000000002
,,,,,,,,,,,,,,,,,,,,,,,,,,,2020-12-09,20,8.11125
,,,,,,,,,,,,,,,,,,,,,,,,,,,2020-12-10,20,8.11125
,,,,,,,,,,,,,,,,,,,,,,,,,,,2020-12-11,20,6.093750000000001
,,,,,,,,,,,,,,,,,,,,,,,,,,,2020-12-14,20,4.891875000000001
,,,,,,,,,,,,,,,,,,,,,,,,,,,2020-12-15,20,4.7075000000000005
,,,,,,,,,,,,,,,,,,,,,,,,,,,2020-12-16,20,4.7075000000000005
,,,,,,,,,,,,,,,,,,,,,,,,,,,2020-12-17,20,4.7075000000000005
,,,,,,,,,,,,,,,,,,,,,,,,,,,2020-12-18,20,3.25375
,,,,,,,,,,,,,,,,,,,,,,,,,,,2020-12-21,20,3.25375
,,,,,,,,,,,,,,,,,,,,,,,,,,,2020-12-22,20,3.25375
,,,,,,,,,,,,,,,,,,,,,,,,,,,2020-12-23,20,3.1825
,,,,,,,,,,,,,,,,,,,,,,,,,,,2020-12-24,20,3.53125
,,,,,,,,,,,,,,,,,,,,,,,,,,,2020-12-28,20,3.53125
,,,,,,,,,,,,,,,,,,,,,,,,,,,2020-12-29,20,3.53125
,,,,,,,,,,,,,,,,,,,,,,,,,,,2020-12-30,20,3.53125
,,,,,,,,,,,,,,,,,,,,,,,,,,,2020-12-31,20,3.53125
,,,,,,,,,,,,,,,,,,,,,,,,,,,2021-01-04,20,4.100625000000001
,,,,,,,,,,,,,,,,,,,,,,,,,,,2021-01-05,20,5.896250000000001
,,,,,,,,,,,,,,,,,,,,,,,,,,,2021-01-06,20,6.93125
,,,,,,,,,,,,,,,,,,,,,,,,,,,2021-01-07,20,6.93125
,,,,,,,,,,,,,,,,,,,,,,,,,,,2021-01-08,20,6.983750000000001
,,,,,,,,,,,,,,,,,,,,,,,,,,,2021-01-11,20,8.510000000000002
,,,,,,,,,,,,,,,,,,,,,,,,,,,2021-01-12,20,9.91125
,,,,,,,,,,,,,,,,,,,,,,,,,,,2021-01-13,20,9.91125
,,,,,,,,,,,,,,,,,,,,,,,,,,,2021-01-14,20,10.854375000000001
,,,,,,,,,,,,,,,,,,,,,,,,,,,2021-01-15,20,11.595625000000002
,,,,,,,,,,,,,,,,,,,,,,,,,,,2021-01-18,20,11.595625000000002
,,,,,,,,,,,,,,,,,,,,,,,,,,,2021-01-19,20,13.515625000000004
,,,,,,,,,,,,,,,,,,,,,,,,,,,2021-01-20,20,11.498125000000002
,,,,,,,,,,,,,,,,,,,,,,,,,,,2021-01-21,20,11.160000000000002
,,,,,,,,,,,,,,,,,,,,,,,,,,,2021-01-22,20,11.13625
,,,,,,,,,,,,,,,,,,,,,,,,,,,2021-01-25,20,11.263125000000002
,,,,,,,,,,,,,,,,,,,,,,,,,,,2021-01-26,20,11.886875000000002
,,,,,,,,,,,,,,,,,,,,,,,,,,,2021-01-27,20,13.904375000000002
,,,,,,,,,,,,,,,,,,,,,,,,,,,2021-01-28,20,13.596875
,,,,,,,,,,,,,,,,,,,,,,,,,,,2021-01-29,20,12.968125
,,,,,,,,,,,,,,,,,,,,,,,,,,,2021-02-01,20,12.183125
,,,,,,,,,,,,,,,,,,,,,,,,,,,2021-02-02,20,11.3175
,,,,,,,,,,,,,,,,,,,,,,,,,,,2021-02-03,20,11.3175
,,,,,,,,,,,,,,,,,,,,,,,,,,,2021-02-04,20,11.3175
,,,,,,,,,,,,,,,,,,,,,,,,,,,2021-02-05,20,9.3
,,,,,,,,,,,,,,,,,,,,,,,,,,,2021-02-08,20,7.773750000000001
,,,,,,,,,,,,,,,,,,,,,,,,,,,2021-02-09,20,7.446875000000001
,,,,,,,,,,,,,,,,,,,,,,,,,,,2021-02-10,20,7.790625000000001
,,,,,,,,,,,,,,,,,,,,,,,,,,,2021-02-11,20,9.808125
,,,,,,,,,,,,,,,,,,,,,,,,,,,2021-02-12,20,9.808125
,,,,,,,,,,,,,,,,,,,,,,,,,,,2021-02-16,20,9.808125
,,,,,,,,,,,,,,,,,,,,,,,,,,,2021-02-17,20,9.808125
,,,,,,,,,,,,,,,,,,,,,,,,,,,2021-02-18,20,10.40625
,,,,,,,,,,,,,,,,,,,,,,,,,,,2021-02-19,20,12.42375
,,,,,,,,,,,,,,,,,,,,,,,,,,,2021-02-22,20,13.825000000000003
,,,,,,,,,,,,,,,,,,,,,,,,,,,2021-02-23,20,15.351250000000002
,,,,,,,,,,,,,,,,,,,,,,,,,,,2021-02-24,20,15.35125
,,,,,,,,,,,,,,,,,,,,,,,,,,,2021-02-25,20,15.35125
,,,,,,,,,,,,,,,,,,,,,,,,,,,2021-02-26,20,15.351250000000004
,,,,,,,,,,,,,,,,,,,,,,,,,,,2021-03-01,20,15.351250000000004
,,,,,,,,,,,,,,,,,,,,,,,,,,,2021-03-02,20,15.351250000000004
,,,,,,,,,,,,,,,,,,,,,,,,,,,2021-03-03,20,15.35125
,,,,,,,,,,,,,,,,,,,,,,,,,,,2021-03-04,20,15.351250000000004
,,,,,,,,,,,,,,,,,,,,,,,,,,,2021-03-05,20,13.333750000000002
,,,,,,,,,,,,,,,,,,,,,,,,,,,2021-03-08,20,12.060000000000002
,,,,,,,,,,,,,,,,,,,,,,,,,,,2021-03-09,20,10.751875000000002
,,,,,,,,,,,,,,,,,,,,,,,,,,,2021-03-10,20,9.578125
,,,,,,,,,,,,,,,,,,,,,,,,,,,2021-03-11,20,8.363750000000001
,,,,,,,,,,,,,,,,,,,,,,,,,,,2021-03-12,20,8.36375
,,,,,,,,,,,,,,,,,,,,,,,,,,,2021-03-15,20,8.363750000000001
,,,,,,,,,,,,,,,,,,,,,,,,,,,2021-03-16,20,8.36375
,,,,,,,,,,,,,,,,,,,,,,,,,,,2021-03-17,20,6.9625
,,,,,,,,,,,,,,,,,,,,,,,,,,,2021-03-18,20,8.238750000000001
,,,,,,,,,,,,,,,,,,,,,,,,,,,2021-03-19,20,8.238750000000001
,,,,,,,,,,,,,,,,,,,,,,,,,,,2021-03-22,20,8.23875
,,,,,,,,,,,,,,,,,,,,,,,,,,,2021-03-23,20,8.238750000000001
,,,,,,,,,,,,,,,,,,,,,,,,,,,2021-03-24,20,8.238750000000001
,,,,,,,,,,,,,,,,,,,,,,,,,,,2021-03-25,20,8.408750000000001
,,,,,,,,,,,,,,,,,,,,,,,,,,,2021-03-26,20,9.810000000000002
,,,,,,,,,,,,,,,,,,,,,,,,,,,2021-03-29,20,9.810000000000002
,,,,,,,,,,,,,,,,,,,,,,,,,,,2021-03-30,20,9.810000000000002
,,,,,,,,,,,,,,,,,,,,,,,,,,,2021-03-31,20,9.810000000000002
,,,,,,,,,,,,,,,,,,,,,,,,,,,2021-04-01,20,9.810000000000002
,,,,,,,,,,,,,,,,,,,,,,,,,,,2021-04-05,20,9.810000000000002
,,,,,,,,,,,,,,,,,,,,,,,,,,,2021-04-06,20,9.810000000000002
,,,,,,,,,,,,,,,,,,,,,,,,,,,2021-04-07,20,9.810000000000002
,,,,,,,,,,,,,,,,,,,,,,,,,,,2021-04-08,20,9.810000000000002
,,,,,,,,,,,,,,,,,,,,,,,,,,,2021-04-09,20,9.810000000000002
,,,,,,,,,,,,,,,,,,,,,,,,,,,2021-04-12,20,8.408750000000001
,,,,,,,,,,,,,,,,,,,,,,,,,,,2021-04-13,20,6.391250000000001
,,,,,,,,,,,,,,,,,,,,,,,,,,,2021-04-14,20,5.1137500000000005
,,,,,,,,,,,,,,,,,,,,,,,,,,,2021-04-15,20,5.1137500000000005
,,,,,,,,,,,,,,,,,,,,,,,,,,,2021-04-16,20,5.1137500000000005
,,,,,,,,,,,,,,,,,,,,,,,,,,,2021-04-19,20,5.1137500000000005
,,,,,,,,,,,,,,,,,,,,,,,,,,,2021-04-20,20,5.1137500000000005
,,,,,,,,,,,,,,,,,,,,,,,,,,,2021-04-21,20,3.5875000000000004
,,,,,,,,,,,,,,,,,,,,,,,,,,,2021-04-22,20,3.211875
,,,,,,,,,,,,,,,,,,,,,,,,,,,2021-04-23,20,3.2118750000000005
,,,,,,,,,,,,,,,,,,,,,,,,,,,2021-04-26,20,3.211875
,,,,,,,,,,,,,,,,,,,,,,,,,,,2021-04-27,20,3.2118750000000005
,,,,,,,,,,,,,,,,,,,,,,,,,,,2021-04-28,20,3.2118750000000005
,,,,,,,,,,,,,,,,,,,,,,,,,,,2021-04-29,20,3.2118750000000005
,,,,,,,,,,,,,,,,,,,,,,,,,,,2021-04-30,20,3.2118750000000005
,,,,,,,,,,,,,,,,,,,,,,,,,,,2021-05-03,20,3.2118750000000005
,,,,,,,,,,,,,,,,,,,,,,,,,,,2021-05-04,20,2.66875
,,,,,,,,,,,,,,,,,,,,,,,,,,,2021-05-05,20,2.8025
,,,,,,,,,,,,,,,,,,,,,,,,,,,2021-05-06,20,2.8025
,,,,,,,,,,,,,,,,,,,,,,,,,,,2021-05-07,20,3.8637499999999996
,,,,,,,,,,,,,,,,,,,,,,,,,,,2021-05-10,20,3.8637499999999996
,,,,,,,,,,,,,,,,,,,,,,,,,,,2021-05-11,20,5.04125
,,,,,,,,,,,,,,,,,,,,,,,,,,,2021-05-12,20,5.04125
,,,,,,,,,,,,,,,,,,,,,,,,,,,2021-05-13,20,5.04125
,,,,,,,,,,,,,,,,,,,,,,,,,,,2021-05-14,20,5.041250000000001
,,,,,,,,,,,,,,,,,,,,,,,,,,,2021-05-17,20,5.041250000000001
,,,,,,,,,,,,,,,,,,,,,,,,,,,2021-05-18,20,5.041250000000001
,,,,,,,,,,,,,,,,,,,,,,,,,,,2021-05-19,20,5.041250000000001
,,,,,,,,,,,,,,,,,,,,,,,,,,,2021-05-20,20,5.041250000000001
,,,,,,,,,,,,,,,,,,,,,,,,,,,2021-05-21,20,5.041250000000001
,,,,,,,,,,,,,,,,,,,,,,,,,,,2021-05-24,20,5.041250000000001
,,,,,,,,,,,,,,,,,,,,,,,,,,,2021-05-25,20,5.041250000000001
,,,,,,,,,,,,,,,,,,,,,,,,,,,2021-05-26,20,5.041250000000001
,,,,,,,,,,,,,,,,,,,,,,,,,,,2021-05-27,20,5.041250000000001
,,,,,,,,,,,,,,,,,,,,,,,,,,,2021-05-28,20,5.041250000000001
,,,,,,,,,,,,,,,,,,,,,,,,,,,2021-06-01,20,5.041250000000001
,,,,,,,,,,,,,,,,,,,,,,,,,,,2021-06-02,20,5.337500000000002
,,,,,,,,,,,,,,,,,,,,,,,,,,,2021-06-03,20,6.714375000000002
,,,,,,,,,,,,,,,,,,,,,,,,,,,2021-06-04,20,6.714375000000002
,,,,,,,,,,,,,,,,,,,,,,,,,,,2021-06-07,20,6.714375000000002
,,,,,,,,,,,,,,,,,,,,,,,,,,,2021-06-08,20,6.714375000000002
,,,,,,,,,,,,,,,,,,,,,,,,,,,2021-06-09,20,6.714375000000002
,,,,,,,,,,,,,,,,,,,,,,,,,,,2021-06-10,20,6.714375000000002
,,,,,,,,,,,,,,,,,,,,,,,,,,,2021-06-11,20,6.714375000000002
,,,,,,,,,,,,,,,,,,,,,,,,,,,2021-06-14,20,6.714375000000002
,,,,,,,,,,,,,,,,,,,,,,,,,,,2021-06-15,20,6.714375
,,,,,,,,,,,,,,,,,,,,,,,,,,,2021-06-16,20,6.714375
,,,,,,,,,,,,,,,,,,,,,,,,,,,2021-06-17,20,6.714375
,,,,,,,,,,,,,,,,,,,,,,,,,,,2021-06-18,20,6.714375
,,,,,,,,,,,,,,,,,,,,,,,,,,,2021-06-21,20,6.714375
,,,,,,,,,,,,,,,,,,,,,,,,,,,2021-06-22,20,6.7143749999999995
,,,,,,,,,,,,,,,,,,,,,,,,,,,2021-06-23,20,6.714375
,,,,,,,,,,,,,,,,,,,,,,,,,,,2021-06-24,20,6.31875
,,,,,,,,,,,,,,,,,,,,,,,,,,,2021-06-25,20,5.510625
,,,,,,,,,,,,,,,,,,,,,,,,,,,2021-06-28,20,4.515000000000001
,,,,,,,,,,,,,,,,,,,,,,,,,,,2021-06-29,20,3.394375
,,,,,,,,,,,,,,,,,,,,,,,,,,,2021-06-30,20,2.71
,,,,,,,,,,,,,,,,,,,,,,,,,,,2021-07-01,20,2.71
,,,,,,,,,,,,,,,,,,,,,,,,,,,2021-07-02,20,2.723750000000001
,,,,,,,,,,,,,,,,,,,,,,,,,,,2021-07-06,20,2.723750000000001
,,,,,,,,,,,,,,,,,,,,,,,,,,,2021-07-07,20,2.723750000000001
,,,,,,,,,,,,,,,,,,,,,,,,,,,2021-07-08,20,2.72375
,,,,,,,,,,,,,,,,,,,,,,,,,,,2021-07-09,20,2.723750000000001
,,,,,,,,,,,,,,,,,,,,,,,,,,,2021-07-12,20,2.723750000000001
,,,,,,,,,,,,,,,,,,,,,,,,,,,2021-07-13,20,2.723750000000001
,,,,,,,,,,,,,,,,,,,,,,,,,,,2021-07-14,20,3.54375
,,,,,,,,,,,,,,,,,,,,,,,,,,,2021-07-15,20,3.54375
,,,,,,,,,,,,,,,,,,,,,,,,,,,2021-07-16,20,3.54375
,,,,,,,,,,,,,,,,,,,,,,,,,,,2021-07-19,20,3.54375
,,,,,,,,,,,,,,,,,,,,,,,,,,,2021-07-20,20,3.54375
,,,,,,,,,,,,,,,,,,,,,,,,,,,2021-07-21,20,3.54375
,,,,,,,,,,,,,,,,,,,,,,,,,,,2021-07-22,20,3.54375
,,,,,,,,,,,,,,,,,,,,,,,,,,,2021-07-23,20,3.54375
,,,,,,,,,,,,,,,,,,,,,,,,,,,2021-07-26,20,3.54375
,,,,,,,,,,,,,,,,,,,,,,,,,,,2021-07-27,20,3.54375
,,,,,,,,,,,,,,,,,,,,,,,,,,,2021-07-28,20,3.54375
,,,,,,,,,,,,,,,,,,,,,,,,,,,2021-07-29,20,3.54375
,,,,,,,,,,,,,,,,,,,,,,,,,,,2021-07-30,20,3.54375
,,,,,,,,,,,,,,,,,,,,,,,,,,,2021-08-02,20,3.8306249999999986
,,,,,,,,,,,,,,,,,,,,,,,,,,,2021-08-03,20,3.8306250000000004
,,,,,,,,,,,,,,,,,,,,,,,,,,,2021-08-04,20,4.764375000000001
,,,,,,,,,,,,,,,,,,,,,,,,,,,2021-08-05,20,4.764375000000001
,,,,,,,,,,,,,,,,,,,,,,,,,,,2021-08-06,20,4.764375000000001
,,,,,,,,,,,,,,,,,,,,,,,,,,,2021-08-09,20,4.93125
,,,,,,,,,,,,,,,,,,,,,,,,,,,2021-08-10,20,4.93125
,,,,,,,,,,,,,,,,,,,,,,,,,,,2021-08-11,20,4.93125
,,,,,,,,,,,,,,,,,,,,,,,,,,,2021-08-12,20,4.93125
,,,,,,,,,,,,,,,,,,,,,,,,,,,2021-08-13,20,4.93125
,,,,,,,,,,,,,,,,,,,,,,,,,,,2021-08-16,20,4.93125
,,,,,,,,,,,,,,,,,,,,,,,,,,,2021-08-17,20,6.5912500000000005
,,,,,,,,,,,,,,,,,,,,,,,,,,,2021-08-18,20,6.5912500000000005
,,,,,,,,,,,,,,,,,,,,,,,,,,,2021-08-19,20,6.5912500000000005
,,,,,,,,,,,,,,,,,,,,,,,,,,,2021-08-20,20,6.5912500000000005
,,,,,,,,,,,,,,,,,,,,,,,,,,,2021-08-23,20,6.5912500000000005
,,,,,,,,,,,,,,,,,,,,,,,,,,,2021-08-24,20,6.5912500000000005
,,,,,,,,,,,,,,,,,,,,,,,,,,,2021-08-25,20,5.065000000000001
,,,,,,,,,,,,,,,,,,,,,,,,,,,2021-08-26,20,4.286875000000001
,,,,,,,,,,,,,,,,,,,,,,,,,,,2021-08-27,20,4.286875
,,,,,,,,,,,,,,,,,,,,,,,,,,,2021-08-30,20,4.035
,,,,,,,,,,,,,,,,,,,,,,,,,,,2021-08-31,20,4.035
,,,,,,,,,,,,,,,,,,,,,,,,,,,2021-09-01,20,4.035
,,,,,,,,,,,,,,,,,,,,,,,,,,,2021-09-02,20,4.035
,,,,,,,,,,,,,,,,,,,,,,,,,,,2021-09-03,20,4.035
,,,,,,,,,,,,,,,,,,,,,,,,,,,2021-09-07,20,4.035
,,,,,,,,,,,,,,,,,,,,,,,,,,,2021-09-08,20,4.035
,,,,,,,,,,,,,,,,,,,,,,,,,,,2021-09-09,20,4.035
,,,,,,,,,,,,,,,,,,,,,,,,,,,2021-09-10,20,4.035
,,,,,,,,,,,,,,,,,,,,,,,,,,,2021-09-13,20,4.035
,,,,,,,,,,,,,,,,,,,,,,,,,,,2021-09-14,20,2.380625
,,,,,,,,,,,,,,,,,,,,,,,,,,,2021-09-15,20,2.380625
,,,,,,,,,,,,,,,,,,,,,,,,,,,2021-09-16,20,2.4331250000000004
,,,,,,,,,,,,,,,,,,,,,,,,,,,2021-09-17,20,2.4331250000000004
,,,,,,,,,,,,,,,,,,,,,,,,,,,2021-09-20,20,2.4331250000000004
,,,,,,,,,,,,,,,,,,,,,,,,,,,2021-09-21,20,2.4331250000000004
,,,,,,,,,,,,,,,,,,,,,,,,,,,2021-09-22,20,2.4331250000000004
,,,,,,,,,,,,,,,,,,,,,,,,,,,2021-09-23,20,2.4331250000000004
,,,,,,,,,,,,,,,,,,,,,,,,,,,2021-09-24,20,2.4331250000000004
,,,,,,,,,,,,,,,,,,,,,,,,,,,2021-09-27,20,2.4331250000000004
,,,,,,,,,,,,,,,,,,,,,,,,,,,2021-09-28,20,2.4331250000000004
,,,,,,,,,,,,,,,,,,,,,,,,,,,2021-09-29,20,2.4331250000000004
,,,,,,,,,,,,,,,,,,,,,,,,,,,2021-09-30,20,2.4331250000000004
,,,,,,,,,,,,,,,,,,,,,,,,,,,2021-10-01,20,2.4331250000000004
,,,,,,,,,,,,,,,,,,,,,,,,,,,2021-10-04,20,2.4331250000000004
,,,,,,,,,,,,,,,,,,,,,,,,,,,2021-10-05,20,2.4331250000000004
,,,,,,,,,,,,,,,,,,,,,,,,,,,2021-10-06,20,2.4331250000000004
,,,,,,,,,,,,,,,,,,,,,,,,,,,2021-10-07,20,2.4331250000000004
,,,,,,,,,,,,,,,,,,,,,,,,,,,2021-10-08,20,2.4331250000000004
,,,,,,,,,,,,,,,,,,,,,,,,,,,2021-10-11,20,2.4574999999999996
,,,,,,,,,,,,,,,,,,,,,,,,,,,2021-10-12,20,2.4574999999999996
,,,,,,,,,,,,,,,,,,,,,,,,,,,2021-10-13,20,2.4574999999999996
,,,,,,,,,,,,,,,,,,,,,,,,,,,2021-10-14,20,2.4574999999999996
,,,,,,,,,,,,,,,,,,,,,,,,,,,2021-10-15,20,2.4574999999999996
,,,,,,,,,,,,,,,,,,,,,,,,,,,2021-10-18,20,2.4574999999999996
,,,,,,,,,,,,,,,,,,,,,,,,,,,2021-10-19,20,2.4574999999999996
,,,,,,,,,,,,,,,,,,,,,,,,,,,2021-10-20,20,2.4574999999999996
,,,,,,,,,,,,,,,,,,,,,,,,,,,2021-10-21,20,2.4574999999999996
,,,,,,,,,,,,,,,,,,,,,,,,,,,2021-10-22,20,2.4574999999999996
,,,,,,,,,,,,,,,,,,,,,,,,,,,2021-10-25,20,2.4574999999999996
,,,,,,,,,,,,,,,,,,,,,,,,,,,2021-10-26,20,2.4574999999999996
,,,,,,,,,,,,,,,,,,,,,,,,,,,2021-10-27,20,2.4575000000000005
,,,,,,,,,,,,,,,,,,,,,,,,,,,2021-10-28,20,2.4575000000000005
,,,,,,,,,,,,,,,,,,,,,,,,,,,2021-10-29,20,2.4575000000000005
,,,,,,,,,,,,,,,,,,,,,,,,,,,2021-11-01,20,2.4575000000000005
,,,,,,,,,,,,,,,,,,,,,,,,,,,2021-11-02,20,2.4575000000000005
,,,,,,,,,,,,,,,,,,,,,,,,,,,2021-11-03,20,2.4575000000000005
,,,,,,,,,,,,,,,,,,,,,,,,,,,2021-11-04,20,2.0175
,,,,,,,,,,,,,,,,,,,,,,,,,,,2021-11-05,20,2.0175
,,,,,,,,,,,,,,,,,,,,,,,,,,,2021-11-08,20,2.0175
,,,,,,,,,,,,,,,,,,,,,,,,,,,2021-11-09,20,2.0175
,,,,,,,,,,,,,,,,,,,,,,,,,,,2021-11-10,20,2.0175
,,,,,,,,,,,,,,,,,,,,,,,,,,,2021-11-11,20,2.0175
,,,,,,,,,,,,,,,,,,,,,,,,,,,2021-11-12,20,2.0175
,,,,,,,,,,,,,,,,,,,,,,,,,,,2021-11-15,20,2.0175
,,,,,,,,,,,,,,,,,,,,,,,,,,,2021-11-16,20,2.0175
,,,,,,,,,,,,,,,,,,,,,,,,,,,2021-11-17,20,2.0175
,,,,,,,,,,,,,,,,,,,,,,,,,,,2021-11-18,20,2.0175
,,,,,,,,,,,,,,,,,,,,,,,,,,,2021-11-19,20,2.4749999999999996
,,,,,,,,,,,,,,,,,,,,,,,,,,,2021-11-22,20,4.4925
,,,,,,,,,,,,,,,,,,,,,,,,,,,2021-11-23,20,4.4925
,,,,,,,,,,,,,,,,,,,,,,,,,,,2021-11-24,20,4.4925
,,,,,,,,,,,,,,,,,,,,,,,,,,,2021-11-26,20,4.4925
,,,,,,,,,,,,,,,,,,,,,,,,,,,2021-11-29,20,4.4925
,,,,,,,,,,,,,,,,,,,,,,,,,,,2021-11-30,20,4.4925
,,,,,,,,,,,,,,,,,,,,,,,,,,,2021-12-01,20,4.4925
,,,,,,,,,,,,,,,,,,,,,,,,,,,2021-12-02,20,4.4925
,,,,,,,,,,,,,,,,,,,,,,,,,,,2021-12-03,20,4.492500000000001
,,,,,,,,,,,,,,,,,,,,,,,,,,,2021-12-06,20,4.492500000000001
,,,,,,,,,,,,,,,,,,,,,,,,,,,2021-12-07,20,4.492500000000001
,,,,,,,,,,,,,,,,,,,,,,,,,,,2021-12-08,20,4.4925
,,,,,,,,,,,,,,,,,,,,,,,,,,,2021-12-09,20,4.4925
,,,,,,,,,,,,,,,,,,,,,,,,,,,2021-12-10,20,4.4925
,,,,,,,,,,,,,,,,,,,,,,,,,,,2021-12-13,20,4.4925
,,,,,,,,,,,,,,,,,,,,,,,,,,,2021-12-14,20,4.4925
,,,,,,,,,,,,,,,,,,,,,,,,,,,2021-12-15,20,4.4925
,,,,,,,,,,,,,,,,,,,,,,,,,,,2021-12-16,20,4.4925
,,,,,,,,,,,,,,,,,,,,,,,,,,,2021-12-17,20,3.54375
,,,,,,,,,,,,,,,,,,,,,,,,,,,2021-12-20,20,3.54375
,,,,,,,,,,,,,,,,,,,,,,,,,,,2021-12-21,20,4.453750000000001
,,,,,,,,,,,,,,,,,,,,,,,,,,,2021-12-22,20,4.453750000000001
,,,,,,,,,,,,,,,,,,,,,,,,,,,2021-12-23,20,4.453750000000001
,,,,,,,,,,,,,,,,,,,,,,,,,,,2021-12-27,20,4.453750000000001
,,,,,,,,,,,,,,,,,,,,,,,,,,,2021-12-28,20,4.45375
,,,,,,,,,,,,,,,,,,,,,,,,,,,2021-12-29,20,4.45375
,,,,,,,,,,,,,,,,,,,,,,,,,,,2021-12-30,20,4.45375
,,,,,,,,,,,,,,,,,,,,,,,,,,,2021-12-31,20,4.453750000000001
,,,,,,,,,,,,,,,,,,,,,,,,,,,2022-01-03,20,4.45375
,,,,,,,,,,,,,,,,,,,,,,,,,,,2022-01-04,20,4.45375
,,,,,,,,,,,,,,,,,,,,,,,,,,,2022-01-05,20,4.45375
,,,,,,,,,,,,,,,,,,,,,,,,,,,2022-01-06,20,4.45375
,,,,,,,,,,,,,,,,,,,,,,,,,,,2022-01-07,20,4.45375
,,,,,,,,,,,,,,,,,,,,,,,,,,,2022-01-10,20,5.07
,,,,,,,,,,,,,,,,,,,,,,,,,,,2022-01-11,20,5.07
,,,,,,,,,,,,,,,,,,,,,,,,,,,2022-01-12,20,6.0062500000000005
,,,,,,,,,,,,,,,,,,,,,,,,,,,2022-01-13,20,6.0062500000000005
,,,,,,,,,,,,,,,,,,,,,,,,,,,2022-01-14,20,6.0062500000000005
,,,,,,,,,,,,,,,,,,,,,,,,,,,2022-01-17,20,6.0062500000000005
,,,,,,,,,,,,,,,,,,,,,,,,,,,2022-01-18,20,6.0062500000000005
,,,,,,,,,,,,,,,,,,,,,,,,,,,2022-01-19,20,6.0062500000000005
,,,,,,,,,,,,,,,,,,,,,,,,,,,2022-01-20,20,6.0062500000000005
,,,,,,,,,,,,,,,,,,,,,,,,,,,2022-01-21,20,6.841250000000001
,,,,,,,,,,,,,,,,,,,,,,,,,,,2022-01-24,20,6.841250000000001
,,,,,,,,,,,,,,,,,,,,,,,,,,,2022-01-25,20,6.841250000000001
,,,,,,,,,,,,,,,,,,,,,,,,,,,2022-01-26,20,7.178750000000002
,,,,,,,,,,,,,,,,,,,,,,,,,,,2022-01-27,20,9.196250000000003
,,,,,,,,,,,,,,,,,,,,,,,,,,,2022-01-28,20,9.196250000000003
,,,,,,,,,,,,,,,,,,,,,,,,,,,2022-01-31,20,9.196250000000003
,,,,,,,,,,,,,,,,,,,,,,,,,,,2022-02-01,20,9.196250000000003
,,,,,,,,,,,,,,,,,,,,,,,,,,,2022-02-02,20,9.196250000000003
,,,,,,,,,,,,,,,,,,,,,,,,,,,2022-02-03,20,8.161250000000003
,,,,,,,,,,,,,,,,,,,,,,,,,,,2022-02-04,20,7.452500000000002
,,,,,,,,,,,,,,,,,,,,,,,,,,,2022-02-07,20,7.010000000000002
,,,,,,,,,,,,,,,,,,,,,,,,,,,2022-02-08,20,7.010000000000002
,,,,,,,,,,,,,,,,,,,,,,,,,,,2022-02-09,20,7.010000000000002
,,,,,,,,,,,,,,,,,,,,,,,,,,,2022-02-10,20,7.010000000000002
,,,,,,,,,,,,,,,,,,,,,,,,,,,2022-02-11,20,7.010000000000002
,,,,,,,,,,,,,,,,,,,,,,,,,,,2022-02-14,20,7.010000000000002
,,,,,,,,,,,,,,,,,,,,,,,,,,,2022-02-15,20,7.010000000000002
,,,,,,,,,,,,,,,,,,,,,,,,,,,2022-02-16,20,6.225000000000001
,,,,,,,,,,,,,,,,,,,,,,,,,,,2022-02-17,20,5.343750000000001
,,,,,,,,,,,,,,,,,,,,,,,,,,,2022-02-18,20,5.343750000000001
,,,,,,,,,,,,,,,,,,,,,,,,,,,2022-02-21,20,5.343750000000001
,,,,,,,,,,,,,,,,,,,,,,,,,,,2022-02-22,20,5.343750000000001
,,,,,,,,,,,,,,,,,,,,,,,,,,,2022-02-23,20,5.2387500000000005
,,,,,,,,,,,,,,,,,,,,,,,,,,,2022-02-24,20,5.2387500000000005
,,,,,,,,,,,,,,,,,,,,,,,,,,,2022-02-25,20,5.2387500000000005
,,,,,,,,,,,,,,,,,,,,,,,,,,,2022-02-28,20,5.2387500000000005
,,,,,,,,,,,,,,,,,,,,,,,,,,,2022-03-01,20,4.20375
,,,,,,,,,,,,,,,,,,,,,,,,,,,2022-03-02,20,3.41875
,,,,,,,,,,,,,,,,,,,,,,,,,,,2022-03-03,20,4.6025
,,,,,,,,,,,,,,,,,,,,,,,,,,,2022-03-04,20,6.003750000000002
,,,,,,,,,,,,,,,,,,,,,,,,,,,2022-03-07,20,6.003750000000002
,,,,,,,,,,,,,,,,,,,,,,,,,,,2022-03-08,20,6.003750000000002
,,,,,,,,,,,,,,,,,,,,,,,,,,,2022-03-09,20,6.003750000000001
,,,,,,,,,,,,,,,,,,,,,,,,,,,2022-03-10,20,6.003750000000001
,,,,,,,,,,,,,,,,,,,,,,,,,,,2022-03-11,20,6.003750000000001
,,,,,,,,,,,,,,,,,,,,,,,,,,,2022-03-14,20,6.003750000000001
,,,,,,,,,,,,,,,,,,,,,,,,,,,2022-03-15,20,6.003750000000001
,,,,,,,,,,,,,,,,,,,,,,,,,,,2022-03-16,20,6.003750000000001
,,,,,,,,,,,,,,,,,,,,,,,,,,,2022-03-17,20,6.141250000000002
,,,,,,,,,,,,,,,,,,,,,,,,,,,2022-03-18,20,6.141250000000002
,,,,,,,,,,,,,,,,,,,,,,,,,,,2022-03-21,20,6.193750000000002
,,,,,,,,,,,,,,,,,,,,,,,,,,,2022-03-22,20,5.205000000000002
,,,,,,,,,,,,,,,,,,,,,,,,,,,2022-03-23,20,5.205000000000002
,,,,,,,,,,,,,,,,,,,,,,,,,,,2022-03-24,20,5.205000000000002
,,,,,,,,,,,,,,,,,,,,,,,,,,,2022-03-25,20,5.205000000000002
,,,,,,,,,,,,,,,,,,,,,,,,,,,2022-03-28,20,5.1225000000000005
,,,,,,,,,,,,,,,,,,,,,,,,,,,2022-03-29,20,5.1225000000000005
,,,,,,,,,,,,,,,,,,,,,,,,,,,2022-03-30,20,5.940000000000001
,,,,,,,,,,,,,,,,,,,,,,,,,,,2022-03-31,20,7.957500000000001
,,,,,,,,,,,,,,,,,,,,,,,,,,,2022-04-01,20,9.35875
,,,,,,,,,,,,,,,,,,,,,,,,,,,2022-04-04,20,9.35875
,,,,,,,,,,,,,,,,,,,,,,,,,,,2022-04-05,20,9.35875
,,,,,,,,,,,,,,,,,,,,,,,,,,,2022-04-06,20,9.35875
,,,,,,,,,,,,,,,,,,,,,,,,,,,2022-04-07,20,9.35875
,,,,,,,,,,,,,,,,,,,,,,,,,,,2022-04-08,20,9.35875
,,,,,,,,,,,,,,,,,,,,,,,,,,,2022-04-11,20,9.35875
,,,,,,,,,,,,,,,,,,,,,,,,,,,2022-04-12,20,8.63125
,,,,,,,,,,,,,,,,,,,,,,,,,,,2022-04-13,20,8.631250000000001
,,,,,,,,,,,,,,,,,,,,,,,,,,,2022-04-14,20,8.631250000000001
,,,,,,,,,,,,,,,,,,,,,,,,,,,2022-04-18,20,8.631250000000001
,,,,,,,,,,,,,,,,,,,,,,,,,,,2022-04-19,20,8.631250000000001
,,,,,,,,,,,,,,,,,,,,,,,,,,,2022-04-20,20,8.631250000000001
,,,,,,,,,,,,,,,,,,,,,,,,,,,2022-04-21,20,8.631250000000001
,,,,,,,,,,,,,,,,,,,,,,,,,,,2022-04-22,20,8.631250000000001
,,,,,,,,,,,,,,,,,,,,,,,,,,,2022-04-25,20,7.45375
,,,,,,,,,,,,,,,,,,,,,,,,,,,2022-04-26,20,7.45375
,,,,,,,,,,,,,,,,,,,,,,,,,,,2022-04-27,20,5.43625
,,,,,,,,,,,,,,,,,,,,,,,,,,,2022-04-28,20,6.2212499999999995
,,,,,,,,,,,,,,,,,,,,,,,,,,,2022-04-29,20,6.2212499999999995
,,,,,,,,,,,,,,,,,,,,,,,,,,,2022-05-02,20,6.2212499999999995
,,,,,,,,,,,,,,,,,,,,,,,,,,,2022-05-03,20,6.683749999999999
,,,,,,,,,,,,,,,,,,,,,,,,,,,2022-05-04,20,7.468750000000001
,,,,,,,,,,,,,,,,,,,,,,,,,,,2022-05-05,20,7.468750000000002
,,,,,,,,,,,,,,,,,,,,,,,,,,,2022-05-06,20,7.468750000000001
,,,,,,,,,,,,,,,,,,,,,,,,,,,2022-05-09,20,7.468750000000001
,,,,,,,,,,,,,,,,,,,,,,,,,,,2022-05-10,20,7.468750000000001
,,,,,,,,,,,,,,,,,,,,,,,,,,,2022-05-11,20,7.468750000000001
,,,,,,,,,,,,,,,,,,,,,,,,,,,2022-05-12,20,7.468750000000001
,,,,,,,,,,,,,,,,,,,,,,,,,,,2022-05-13,20,7.468750000000001
,,,,,,,,,,,,,,,,,,,,,,,,,,,2022-05-16,20,7.468750000000001
,,,,,,,,,,,,,,,,,,,,,,,,,,,2022-05-17,20,7.468750000000001
,,,,,,,,,,,,,,,,,,,,,,,,,,,2022-05-18,20,7.468750000000001
,,,,,,,,,,,,,,,,,,,,,,,,,,,2022-05-19,20,7.468750000000001
,,,,,,,,,,,,,,,,,,,,,,,,,,,2022-05-20,20,7.468750000000001
,,,,,,,,,,,,,,,,,,,,,,,,,,,2022-05-23,20,5.451250000000001
,,,,,,,,,,,,,,,,,,,,,,,,,,,2022-05-24,20,4.666250000000001
,,,,,,,,,,,,,,,,,,,,,,,,,,,2022-05-25,20,3.7650000000000006
,,,,,,,,,,,,,,,,,,,,,,,,,,,2022-05-26,20,3.7650000000000006
,,,,,,,,,,,,,,,,,,,,,,,,,,,2022-05-27,20,3.7650000000000006
,,,,,,,,,,,,,,,,,,,,,,,,,,,2022-05-30,20,3.7650000000000006
,,,,,,,,,,,,,,,,,,,,,,,,,,,2022-05-31,20,3.7650000000000006
,,,,,,,,,,,,,,,,,,,,,,,,,,,2022-06-01,20,3.7650000000000006
,,,,,,,,,,,,,,,,,,,,,,,,,,,2022-06-02,20,3.7650000000000006
,,,,,,,,,,,,,,,,,,,,,,,,,,,2022-06-03,20,3.7650000000000006
,,,,,,,,,,,,,,,,,,,,,,,,,,,2022-06-06,20,3.7650000000000006
,,,,,,,,,,,,,,,,,,,,,,,,,,,2022-06-07,20,5.43625
,,,,,,,,,,,,,,,,,,,,,,,,,,,2022-06-08,20,6.9624999999999995
,,,,,,,,,,,,,,,,,,,,,,,,,,,2022-06-09,20,6.962500000000001
,,,,,,,,,,,,,,,,,,,,,,,,,,,2022-06-10,20,7.0325000000000015
,,,,,,,,,,,,,,,,,,,,,,,,,,,2022-06-13,20,9.05
,,,,,,,,,,,,,,,,,,,,,,,,,,,2022-06-14,20,10.085
,,,,,,,,,,,,,,,,,,,,,,,,,,,2022-06-15,20,12.102500000000003
,,,,,,,,,,,,,,,,,,,,,,,,,,,2022-06-16,20,12.102500000000003
,,,,,,,,,,,,,,,,,,,,,,,,,,,2022-06-17,20,12.66375
,,,,,,,,,,,,,,,,,,,,,,,,,,,2022-06-20,20,12.66375
,,,,,,,,,,,,,,,,,,,,,,,,,,,2022-06-21,20,12.66375
,,,,,,,,,,,,,,,,,,,,,,,,,,,2022-06-22,20,13.68875
,,,,,,,,,,,,,,,,,,,,,,,,,,,2022-06-23,20,14.723750000000003
,,,,,,,,,,,,,,,,,,,,,,,,,,,2022-06-24,20,14.72375
,,,,,,,,,,,,,,,,,,,,,,,,,,,2022-06-27,20,14.776250000000003
,,,,,,,,,,,,,,,,,,,,,,,,,,,2022-06-28,20,14.776250000000001
,,,,,,,,,,,,,,,,,,,,,,,,,,,2022-06-29,20,14.776250000000001
,,,,,,,,,,,,,,,,,,,,,,,,,,,2022-06-30,20,14.776250000000001
,,,,,,,,,,,,,,,,,,,,,,,,,,,2022-07-01,20,13.758125
,,,,,,,,,,,,,,,,,,,,,,,,,,,2022-07-04,20,11.91125
,,,,,,,,,,,,,,,,,,,,,,,,,,,2022-07-05,20,9.89375
,,,,,,,,,,,,,,,,,,,,,,,,,,,2022-07-06,20,9.652500000000002
,,,,,,,,,,,,,,,,,,,,,,,,,,,2022-07-07,20,9.652500000000002
,,,,,,,,,,,,,,,,,,,,,,,,,,,2022-07-08,20,8.867500000000001
,,,,,,,,,,,,,,,,,,,,,,,,,,,2022-07-11,20,6.850000000000002
,,,,,,,,,,,,,,,,,,,,,,,,,,,2022-07-12,20,6.437500000000003
,,,,,,,,,,,,,,,,,,,,,,,,,,,2022-07-13,20,6.987500000000002
,,,,,,,,,,,,,,,,,,,,,,,,,,,2022-07-14,20,6.9875000000000025
,,,,,,,,,,,,,,,,,,,,,,,,,,,2022-07-15,20,6.987500000000002
,,,,,,,,,,,,,,,,,,,,,,,,,,,2022-07-18,20,6.9875000000000025
,,,,,,,,,,,,,,,,,,,,,,,,,,,2022-07-19,20,5.737500000000001
,,,,,,,,,,,,,,,,,,,,,,,,,,,2022-07-20,20,5.737500000000001
,,,,,,,,,,,,,,,,,,,,,,,,,,,2022-07-21,20,5.737500000000001
,,,,,,,,,,,,,,,,,,,,,,,,,,,2022-07-22,20,5.737500000000001
,,,,,,,,,,,,,,,,,,,,,,,,,,,2022-07-25,20,5.737500000000001
,,,,,,,,,,,,,,,,,,,,,,,,,,,2022-07-26,20,5.737500000000002
,,,,,,,,,,,,,,,,,,,,,,,,,,,2022-07-27,20,4.906875000000001
,,,,,,,,,,,,,,,,,,,,,,,,,,,2022-07-28,20,4.906875000000001
,,,,,,,,,,,,,,,,,,,,,,,,,,,2022-07-29,20,4.1137500000000005
,,,,,,,,,,,,,,,,,,,,,,,,,,,2022-08-01,20,4.1137500000000005
,,,,,,,,,,,,,,,,,,,,,,,,,,,2022-08-02,20,4.1137500000000005
,,,,,,,,,,,,,,,,,,,,,,,,,,,2022-08-03,20,4.1137500000000005
,,,,,,,,,,,,,,,,,,,,,,,,,,,2022-08-04,20,4.1137500000000005
,,,,,,,,,,,,,,,,,,,,,,,,,,,2022-08-05,20,4.035
,,,,,,,,,,,,,,,,,,,,,,,,,,,2022-08-08,20,4.035
,,,,,,,,,,,,,,,,,,,,,,,,,,,2022-08-09,20,4.035
,,,,,,,,,,,,,,,,,,,,,,,,,,,2022-08-10,20,4.035
,,,,,,,,,,,,,,,,,,,,,,,,,,,2022-08-11,20,4.035
,,,,,,,,,,,,,,,,,,,,,,,,,,,2022-08-12,20,4.035
,,,,,,,,,,,,,,,,,,,,,,,,,,,2022-08-15,20,4.035
,,,,,,,,,,,,,,,,,,,,,,,,,,,2022-08-16,20,4.035
,,,,,,,,,,,,,,,,,,,,,,,,,,,2022-08-17,20,5.43625
,,,,,,,,,,,,,,,,,,,,,,,,,,,2022-08-18,20,5.455625
,,,,,,,,,,,,,,,,,,,,,,,,,,,2022-08-19,20,5.455625
,,,,,,,,,,,,,,,,,,,,,,,,,,,2022-08-22,20,5.455625
,,,,,,,,,,,,,,,,,,,,,,,,,,,2022-08-23,20,5.455625
,,,,,,,,,,,,,,,,,,,,,,,,,,,2022-08-24,20,5.455625
,,,,,,,,,,,,,,,,,,,,,,,,,,,2022-08-25,20,5.455625
,,,,,,,,,,,,,,,,,,,,,,,,,,,2022-08-26,20,5.455625
,,,,,,,,,,,,,,,,,,,,,,,,,,,2022-08-29,20,5.455625
,,,,,,,,,,,,,,,,,,,,,,,,,,,2022-08-30,20,5.455625
,,,,,,,,,,,,,,,,,,,,,,,,,,,2022-08-31,20,5.455625
,,,,,,,,,,,,,,,,,,,,,,,,,,,2022-09-01,20,5.455625
,,,,,,,,,,,,,,,,,,,,,,,,,,,2022-09-02,20,5.455625
,,,,,,,,,,,,,,,,,,,,,,,,,,,2022-09-05,20,5.455625
,,,,,,,,,,,,,,,,,,,,,,,,,,,2022-09-06,20,5.455625
,,,,,,,,,,,,,,,,,,,,,,,,,,,2022-09-07,20,5.455625
,,,,,,,,,,,,,,,,,,,,,,,,,,,2022-09-08,20,5.455625
,,,,,,,,,,,,,,,,,,,,,,,,,,,2022-09-09,20,5.455625
,,,,,,,,,,,,,,,,,,,,,,,,,,,2022-09-12,20,3.4381250000000003
,,,,,,,,,,,,,,,,,,,,,,,,,,,2022-09-13,20,1.9050000000000002
,,,,,,,,,,,,,,,,,,,,,,,,,,,2022-09-14,20,1.9050000000000002
,,,,,,,,,,,,,,,,,,,,,,,,,,,2022-09-15,20,2.9275
,,,,,,,,,,,,,,,,,,,,,,,,,,,2022-09-16,20,4.328750000000001
,,,,,,,,,,,,,,,,,,,,,,,,,,,2022-09-19,20,6.3462499999999995
,,,,,,,,,,,,,,,,,,,,,,,,,,,2022-09-20,20,6.34625
,,,,,,,,,,,,,,,,,,,,,,,,,,,2022-09-21,20,6.398750000000001
,,,,,,,,,,,,,,,,,,,,,,,,,,,2022-09-22,20,7.8
,,,,,,,,,,,,,,,,,,,,,,,,,,,2022-09-23,20,7.800000000000001
,,,,,,,,,,,,,,,,,,,,,,,,,,,2022-09-26,20,7.800000000000001
,,,,,,,,,,,,,,,,,,,,,,,,,,,2022-09-27,20,8.444375
,,,,,,,,,,,,,,,,,,,,,,,,,,,2022-09-28,20,8.444375
,,,,,,,,,,,,,,,,,,,,,,,,,,,2022-09-29,20,8.444375
,,,,,,,,,,,,,,,,,,,,,,,,,,,2022-09-30,20,8.790625000000002
,,,,,,,,,,,,,,,,,,,,,,,,,,,2022-10-03,20,8.790625000000002
,,,,,,,,,,,,,,,,,,,,,,,,,,,2022-10-04,20,8.843125
,,,,,,,,,,,,,,,,,,,,,,,,,,,2022-10-05,20,10.860625
,,,,,,,,,,,,,,,,,,,,,,,,,,,2022-10-06,20,12.261875000000002
,,,,,,,,,,,,,,,,,,,,,,,,,,,2022-10-07,20,12.261875000000002
,,,,,,,,,,,,,,,,,,,,,,,,,,,2022-10-10,20,12.261875000000003
,,,,,,,,,,,,,,,,,,,,,,,,,,,2022-10-11,20,12.261875000000003
,,,,,,,,,,,,,,,,,,,,,,,,,,,2022-10-12,20,10.735625000000002
,,,,,,,,,,,,,,,,,,,,,,,,,,,2022-10-13,20,9.334375000000001
,,,,,,,,,,,,,,,,,,,,,,,,,,,2022-10-14,20,7.933125000000001
,,,,,,,,,,,,,,,,,,,,,,,,,,,2022-10-17,20,7.880625000000001
,,,,,,,,,,,,,,,,,,,,,,,,,,,2022-10-18,20,7.880625000000001
,,,,,,,,,,,,,,,,,,,,,,,,,,,2022-10-19,20,6.926875000000001
,,,,,,,,,,,,,,,,,,,,,,,,,,,2022-10-20,20,6.926875000000001
,,,,,,,,,,,,,,,,,,,,,,,,,,,2022-10-21,20,6.926875000000001
,,,,,,,,,,,,,,,,,,,,,,,,,,,2022-10-24,20,5.782500000000001
,,,,,,,,,,,,,,,,,,,,,,,,,,,2022-10-25,20,5.782500000000001
,,,,,,,,,,,,,,,,,,,,,,,,,,,2022-10-26,20,5.782500000000001
,,,,,,,,,,,,,,,,,,,,,,,,,,,2022-10-27,20,5.43625
,,,,,,,,,,,,,,,,,,,,,,,,,,,2022-10-28,20,5.43625
,,,,,,,,,,,,,,,,,,,,,,,,,,,2022-10-31,20,5.43625
,,,,,,,,,,,,,,,,,,,,,,,,,,,2022-11-01,20,4.456875000000001
,,,,,,,,,,,,,,,,,,,,,,,,,,,2022-11-02,20,4.456875000000001
,,,,,,,,,,,,,,,,,,,,,,,,,,,2022-11-03,20,4.456875000000001
,,,,,,,,,,,,,,,,,,,,,,,,,,,2022-11-04,20,4.82
,,,,,,,,,,,,,,,,,,,,,,,,,,,2022-11-07,20,5.855
,,,,,,,,,,,,,,,,,,,,,,,,,,,2022-11-08,20,6.890000000000001
,,,,,,,,,,,,,,,,,,,,,,,,,,,2022-11-09,20,6.890000000000001
,,,,,,,,,,,,,,,,,,,,,,,,,,,2022-11-10,20,6.890000000000001
,,,,,,,,,,,,,,,,,,,,,,,,,,,2022-11-11,20,6.890000000000001
,,,,,,,,,,,,,,,,,,,,,,,,,,,2022-11-14,20,6.890000000000001
,,,,,,,,,,,,,,,,,,,,,,,,,,,2022-11-15,20,6.890000000000001
,,,,,,,,,,,,,,,,,,,,,,,,,,,2022-11-16,20,6.890000000000001
,,,,,,,,,,,,,,,,,,,,,,,,,,,2022-11-17,20,6.890000000000001
,,,,,,,,,,,,,,,,,,,,,,,,,,,2022-11-18,20,6.890000000000001
,,,,,,,,,,,,,,,,,,,,,,,,,,,2022-11-21,20,6.890000000000001
,,,,,,,,,,,,,,,,,,,,,,,,,,,2022-11-22,20,6.890000000000001
,,,,,,,,,,,,,,,,,,,,,,,,,,,2022-11-23,20,6.890000000000001
,,,,,,,,,,,,,,,,,,,,,,,,,,,2022-11-25,20,6.890000000000001
,,,,,,,,,,,,,,,,,,,,,,,,,,,2022-11-28,20,6.890000000000001
,,,,,,,,,,,,,,,,,,,,,,,,,,,2022-11-29,20,6.890000000000001
,,,,,,,,,,,,,,,,,,,,,,,,,,,2022-11-30,20,6.890000000000001
,,,,,,,,,,,,,,,,,,,,,,,,,,,2022-12-01,20,6.105
,,,,,,,,,,,,,,,,,,,,,,,,,,,2022-12-02,20,4.289375000000001
,,,,,,,,,,,,,,,,,,,,,,,,,,,2022-12-05,20,5.841875
,,,,,,,,,,,,,,,,,,,,,,,,,,,2022-12-06,20,5.841875
,,,,,,,,,,,,,,,,,,,,,,,,,,,2022-12-07,20,5.841875
,,,,,,,,,,,,,,,,,,,,,,,,,,,2022-12-08,20,5.841875
,,,,,,,,,,,,,,,,,,,,,,,,,,,2022-12-09,20,5.841875000000001
,,,,,,,,,,,,,,,,,,,,,,,,,,,2022-12-12,20,7.8568750000000005
,,,,,,,,,,,,,,,,,,,,,,,,,,,2022-12-13,20,7.8568750000000005
,,,,,,,,,,,,,,,,,,,,,,,,,,,2022-12-14,20,7.8568750000000005
,,,,,,,,,,,,,,,,,,,,,,,,,,,2022-12-15,20,7.8568750000000005
,,,,,,,,,,,,,,,,,,,,,,,,,,,2022-12-16,20,7.8568750000000005
,,,,,,,,,,,,,,,,,,,,,,,,,,,2022-12-19,20,7.8568750000000005
,,,,,,,,,,,,,,,,,,,,,,,,,,,2022-12-20,20,7.856875000000001
,,,,,,,,,,,,,,,,,,,,,,,,,,,2022-12-21,20,7.856875000000001
,,,,,,,,,,,,,,,,,,,,,,,,,,,2022-12-22,20,7.856875000000001
,,,,,,,,,,,,,,,,,,,,,,,,,,,2022-12-23,20,7.856875000000001
,,,,,,,,,,,,,,,,,,,,,,,,,,,2022-12-27,20,7.856875000000001
,,,,,,,,,,,,,,,,,,,,,,,,,,,2022-12-28,20,7.105625000000001
,,,,,,,,,,,,,,,,,,,,,,,,,,,2022-12-29,20,5.088125000000001
,,,,,,,,,,,,,,,,,,,,,,,,,,,2022-12-30,20,4.48
,,,,,,,,,,,,,,,,,,,,,,,,,,,2023-01-03,20,4.48
,,,,,,,,,,,,,,,,,,,,,,,,,,,2023-01-04,20,4.48
,,,,,,,,,,,,,,,,,,,,,,,,,,,2023-01-05,20,4.48
,,,,,,,,,,,,,,,,,,,,,,,,,,,2023-01-06,20,3.54375
,,,,,,,,,,,,,,,,,,,,,,,,,,,2023-01-09,20,3.54375
,,,,,,,,,,,,,,,,,,,,,,,,,,,2023-01-10,20,4.035
,,,,,,,,,,,,,,,,,,,,,,,,,,,2023-01-11,20,4.035000000000002
,,,,,,,,,,,,,,,,,,,,,,,,,,,2023-01-12,20,4.035
,,,,,,,,,,,,,,,,,,,,,,,,,,,2023-01-13,20,4.035
,,,,,,,,,,,,,,,,,,,,,,,,,,,2023-01-16,20,4.035
,,,,,,,,,,,,,,,,,,,,,,,,,,,2023-01-17,20,4.035
,,,,,,,,,,,,,,,,,,,,,,,,,,,2023-01-18,20,4.035
,,,,,,,,,,,,,,,,,,,,,,,,,,,2023-01-19,20,4.035
,,,,,,,,,,,,,,,,,,,,,,,,,,,2023-01-20,20,4.035
,,,,,,,,,,,,,,,,,,,,,,,,,,,2023-01-23,20,4.035
,,,,,,,,,,,,,,,,,,,,,,,,,,,2023-01-24,20,4.035
,,,,,,,,,,,,,,,,,,,,,,,,,,,2023-01-25,20,4.035
,,,,,,,,,,,,,,,,,,,,,,,,,,,2023-01-26,20,4.035
,,,,,,,,,,,,,,,,,,,,,,,,,,,2023-01-27,20,4.980625000000001
,,,,,,,,,,,,,,,,,,,,,,,,,,,2023-01-30,20,4.980625000000001
,,,,,,,,,,,,,,,,,,,,,,,,,,,2023-01-31,20,4.980625000000001
,,,,,,,,,,,,,,,,,,,,,,,,,,,2023-02-01,20,4.980625000000001
,,,,,,,,,,,,,,,,,,,,,,,,,,,2023-02-02,20,4.980625000000001
,,,,,,,,,,,,,,,,,,,,,,,,,,,2023-02-03,20,4.980625
,,,,,,,,,,,,,,,,,,,,,,,,,,,2023-02-06,20,4.980625000000001
,,,,,,,,,,,,,,,,,,,,,,,,,,,2023-02-07,20,4.980625000000001
,,,,,,,,,,,,,,,,,,,,,,,,,,,2023-02-08,20,4.980625000000001
,,,,,,,,,,,,,,,,,,,,,,,,,,,2023-02-09,20,4.980625000000001
,,,,,,,,,,,,,,,,,,,,,,,,,,,2023-02-10,20,4.980625
,,,,,,,,,,,,,,,,,,,,,,,,,,,2023-02-13,20,4.980625
,,,,,,,,,,,,,,,,,,,,,,,,,,,2023-02-14,20,4.980625
,,,,,,,,,,,,,,,,,,,,,,,,,,,2023-02-15,20,4.980625
,,,,,,,,,,,,,,,,,,,,,,,,,,,2023-02-16,20,4.980625
,,,,,,,,,,,,,,,,,,,,,,,,,,,2023-02-17,20,4.980625
,,,,,,,,,,,,,,,,,,,,,,,,,,,2023-02-20,20,4.980625
,,,,,,,,,,,,,,,,,,,,,,,,,,,2023-02-21,20,4.45375
,,,,,,,,,,,,,,,,,,,,,,,,,,,2023-02-22,20,2.4362500000000002
,,,,,,,,,,,,,,,,,,,,,,,,,,,2023-02-23,20,2.0175
,,,,,,,,,,,,,,,,,,,,,,,,,,,2023-02-24,20,2.017500000000002
,,,,,,,,,,,,,,,,,,,,,,,,,,,2023-02-27,20,2.0175
,,,,,,,,,,,,,,,,,,,,,,,,,,,2023-02-28,20,2.0175
,,,,,,,,,,,,,,,,,,,,,,,,,,,2023-03-01,20,2.017500000000002
,,,,,,,,,,,,,,,,,,,,,,,,,,,2023-03-02,20,2.0175
,,,,,,,,,,,,,,,,,,,,,,,,,,,2023-03-03,20,2.0175
,,,,,,,,,,,,,,,,,,,,,,,,,,,2023-03-06,20,2.017500000000002
,,,,,,,,,,,,,,,,,,,,,,,,,,,2023-03-07,20,3.4187499999999993
,,,,,,,,,,,,,,,,,,,,,,,,,,,2023-03-08,20,3.4187499999999993
,,,,,,,,,,,,,,,,,,,,,,,,,,,2023-03-09,20,3.4187499999999993
,,,,,,,,,,,,,,,,,,,,,,,,,,,2023-03-10,20,3.4187499999999993
,,,,,,,,,,,,,,,,,,,,,,,,,,,2023-03-13,20,3.41875
,,,,,,,,,,,,,,,,,,,,,,,,,,,2023-03-14,20,3.41875
,,,,,,,,,,,,,,,,,,,,,,,,,,,2023-03-15,20,3.41875
,,,,,,,,,,,,,,,,,,,,,,,,,,,2023-03-16,20,3.41875
,,,,,,,,,,,,,,,,,,,,,,,,,,,2023-03-17,20,3.41875
,,,,,,,,,,,,,,,,,,,,,,,,,,,2023-03-20,20,3.41875
,,,,,,,,,,,,,,,,,,,,,,,,,,,2023-03-21,20,3.41875
,,,,,,,,,,,,,,,,,,,,,,,,,,,2023-03-22,20,3.41875
,,,,,,,,,,,,,,,,,,,,,,,,,,,2023-03-23,20,3.41875
,,,,,,,,,,,,,,,,,,,,,,,,,,,2023-03-24,20,5.1225000000000005
,,,,,,,,,,,,,,,,,,,,,,,,,,,2023-03-27,20,5.1225000000000005
,,,,,,,,,,,,,,,,,,,,,,,,,,,2023-03-28,20,5.590625000000001
,,,,,,,,,,,,,,,,,,,,,,,,,,,2023-03-29,20,7.608125000000001
,,,,,,,,,,,,,,,,,,,,,,,,,,,2023-03-30,20,7.831875
,,,,,,,,,,,,,,,,,,,,,,,,,,,2023-03-31,20,7.831875
,,,,,,,,,,,,,,,,,,,,,,,,,,,2023-04-03,20,7.884375
,,,,,,,,,,,,,,,,,,,,,,,,,,,2023-04-04,20,7.884375
,,,,,,,,,,,,,,,,,,,,,,,,,,,2023-04-05,20,7.884375000000001
,,,,,,,,,,,,,,,,,,,,,,,,,,,2023-04-06,20,7.884375
,,,,,,,,,,,,,,,,,,,,,,,,,,,2023-04-10,20,7.884375000000001
,,,,,,,,,,,,,,,,,,,,,,,,,,,2023-04-11,20,7.884375
,,,,,,,,,,,,,,,,,,,,,,,,,,,2023-04-12,20,7.884375000000001
,,,,,,,,,,,,,,,,,,,,,,,,,,,2023-04-13,20,7.884375
,,,,,,,,,,,,,,,,,,,,,,,,,,,2023-04-14,20,7.884375000000001
,,,,,,,,,,,,,,,,,,,,,,,,,,,2023-04-17,20,7.884375000000001
,,,,,,,,,,,,,,,,,,,,,,,,,,,2023-04-18,20,6.849375000000001
,,,,,,,,,,,,,,,,,,,,,,,,,,,2023-04-19,20,6.796875000000001
,,,,,,,,,,,,,,,,,,,,,,,,,,,2023-04-20,20,6.796875000000001
,,,,,,,,,,,,,,,,,,,,,,,,,,,2023-04-21,20,4.779375000000001
,,,,,,,,,,,,,,,,,,,,,,,,,,,2023-04-24,20,3.601875
,,,,,,,,,,,,,,,,,,,,,,,,,,,2023-04-25,20,3.601875
,,,,,,,,,,,,,,,,,,,,,,,,,,,2023-04-26,20,2.29375
,,,,,,,,,,,,,,,,,,,,,,,,,,,2023-04-27,20,2.0175
,,,,,,,,,,,,,,,,,,,,,,,,,,,2023-04-28,20,2.0175
,,,,,,,,,,,,,,,,,,,,,,,,,,,2023-05-01,20,2.2893749999999997
,,,,,,,,,,,,,,,,,,,,,,,,,,,2023-05-02,20,3.690624999999999
,,,,,,,,,,,,,,,,,,,,,,,,,,,2023-05-03,20,5.708125000000001
,,,,,,,,,,,,,,,,,,,,,,,,,,,2023-05-04,20,5.708124999999999
,,,,,,,,,,,,,,,,,,,,,,,,,,,2023-05-05,20,5.708125000000001
,,,,,,,,,,,,,,,,,,,,,,,,,,,2023-05-08,20,5.708125
,,,,,,,,,,,,,,,,,,,,,,,,,,,2023-05-09,20,5.708125
,,,,,,,,,,,,,,,,,,,,,,,,,,,2023-05-10,20,5.708125000000001
,,,,,,,,,,,,,,,,,,,,,,,,,,,2023-05-11,20,5.708125
,,,,,,,,,,,,,,,,,,,,,,,,,,,2023-05-12,20,5.708125000000001
,,,,,,,,,,,,,,,,,,,,,,,,,,,2023-05-15,20,5.708125000000001
,,,,,,,,,,,,,,,,,,,,,,,,,,,2023-05-16,20,5.708125000000001
,,,,,,,,,,,,,,,,,,,,,,,,,,,2023-05-17,20,5.708125000000001
,,,,,,,,,,,,,,,,,,,,,,,,,,,2023-05-18,20,5.708125000000001
,,,,,,,,,,,,,,,,,,,,,,,,,,,2023-05-19,20,5.708125000000001
,,,,,,,,,,,,,,,,,,,,,,,,,,,2023-05-22,20,5.708125000000001
,,,,,,,,,,,,,,,,,,,,,,,,,,,2023-05-23,20,5.708125000000001
,,,,,,,,,,,,,,,,,,,,,,,,,,,2023-05-24,20,5.655625000000001
,,,,,,,,,,,,,,,,,,,,,,,,,,,2023-05-25,20,5.655625000000001
,,,,,,,,,,,,,,,,,,,,,,,,,,,2023-05-26,20,4.620625
,,,,,,,,,,,,,,,,,,,,,,,,,,,2023-05-30,20,3.41875
,,,,,,,,,,,,,,,,,,,,,,,,,,,2023-05-31,20,2.975625000000001
,,,,,,,,,,,,,,,,,,,,,,,,,,,2023-06-01,20,2.975625000000001
,,,,,,,,,,,,,,,,,,,,,,,,,,,2023-06-02,20,2.975625000000001
,,,,,,,,,,,,,,,,,,,,,,,,,,,2023-06-05,20,2.975625000000001
,,,,,,,,,,,,,,,,,,,,,,,,,,,2023-06-06,20,2.975625000000001
,,,,,,,,,,,,,,,,,,,,,,,,,,,2023-06-07,20,2.975625000000001
,,,,,,,,,,,,,,,,,,,,,,,,,,,2023-06-08,20,2.975625
,,,,,,,,,,,,,,,,,,,,,,,,,,,2023-06-09,20,2.975625000000001
,,,,,,,,,,,,,,,,,,,,,,,,,,,2023-06-12,20,2.975625
,,,,,,,,,,,,,,,,,,,,,,,,,,,2023-06-13,20,2.975625
,,,,,,,,,,,,,,,,,,,,,,,,,,,2023-06-14,20,2.975625
,,,,,,,,,,,,,,,,,,,,,,,,,,,2023-06-15,20,2.9756250000000004
,,,,,,,,,,,,,,,,,,,,,,,,,,,2023-06-16,20,2.975625
,,,,,,,,,,,,,,,,,,,,,,,,,,,2023-06-20,20,3.45875
,,,,,,,,,,,,,,,,,,,,,,,,,,,2023-06-21,20,4.86
,,,,,,,,,,,,,,,,,,,,,,,,,,,2023-06-22,20,4.86
,,,,,,,,,,,,,,,,,,,,,,,,,,,2023-06-23,20,4.859999999999999
,,,,,,,,,,,,,,,,,,,,,,,,,,,2023-06-26,20,4.86
,,,,,,,,,,,,,,,,,,,,,,,,,,,2023-06-27,20,4.86
,,,,,,,,,,,,,,,,,,,,,,,,,,,2023-06-28,20,4.86
,,,,,,,,,,,,,,,,,,,,,,,,,,,2023-06-29,20,4.86
,,,,,,,,,,,,,,,,,,,,,,,,,,,2023-06-30,20,4.86
,,,,,,,,,,,,,,,,,,,,,,,,,,,2023-07-03,20,4.86
,,,,,,,,,,,,,,,,,,,,,,,,,,,2023-07-04,20,4.860000000000001
,,,,,,,,,,,,,,,,,,,,,,,,,,,2023-07-05,20,5.416250000000001
,,,,,,,,,,,,,,,,,,,,,,,,,,,2023-07-06,20,7.433750000000001
,,,,,,,,,,,,,,,,,,,,,,,,,,,2023-07-07,20,8.46875
,,,,,,,,,,,,,,,,,,,,,,,,,,,2023-07-10,20,8.46875
,,,,,,,,,,,,,,,,,,,,,,,,,,,2023-07-11,20,8.46875
,,,,,,,,,,,,,,,,,,,,,,,,,,,2023-07-12,20,8.565000000000001
,,,,,,,,,,,,,,,,,,,,,,,,,,,2023-07-13,20,8.565000000000001
,,,,,,,,,,,,,,,,,,,,,,,,,,,2023-07-14,20,8.565000000000001
,,,,,,,,,,,,,,,,,,,,,,,,,,,2023-07-17,20,8.565000000000001
,,,,,,,,,,,,,,,,,,,,,,,,,,,2023-07-18,20,8.565000000000001
,,,,,,,,,,,,,,,,,,,,,,,,,,,2023-07-19,20,8.565000000000001
,,,,,,,,,,,,,,,,,,,,,,,,,,,2023-07-20,20,8.565000000000001
,,,,,,,,,,,,,,,,,,,,,,,,,,,2023-07-21,20,8.565000000000001
,,,,,,,,,,,,,,,,,,,,,,,,,,,2023-07-24,20,8.565000000000001
,,,,,,,,,,,,,,,,,,,,,,,,,,,2023-07-25,20,8.565000000000001
,,,,,,,,,,,,,,,,,,,,,,,,,,,2023-07-26,20,6.5475
,,,,,,,,,,,,,,,,,,,,,,,,,,,2023-07-27,20,6.142500000000001
,,,,,,,,,,,,,,,,,,,,,,,,,,,2023-07-28,20,5.298125000000001
,,,,,,,,,,,,,,,,,,,,,,,,,,,2023-07-31,20,5.025625000000001
,,,,,,,,,,,,,,,,,,,,,,,,,,,2023-08-01,20,5.025625000000001
,,,,,,,,,,,,,,,,,,,,,,,,,,,2023-08-02,20,5.025625000000001
,,,,,,,,,,,,,,,,,,,,,,,,,,,2023-08-03,20,5.025625000000001
,,,,,,,,,,,,,,,,,,,,,,,,,,,2023-08-04,20,5.025625
,,,,,,,,,,,,,,,,,,,,,,,,,,,2023-08-07,20,5.464375
,,,,,,,,,,,,,,,,,,,,,,,,,,,2023-08-08,20,6.865625000000001
,,,,,,,,,,,,,,,,,,,,,,,,,,,2023-08-09,20,8.266875
,,,,,,,,,,,,,,,,,,,,,,,,,,,2023-08-10,20,8.266875
,,,,,,,,,,,,,,,,,,,,,,,,,,,2023-08-11,20,8.266875
,,,,,,,,,,,,,,,,,,,,,,,,,,,2023-08-14,20,8.266875000000002
,,,,,,,,,,,,,,,,,,,,,,,,,,,2023-08-15,20,8.266875
,,,,,,,,,,,,,,,,,,,,,,,,,,,2023-08-16,20,8.266875000000002
,,,,,,,,,,,,,,,,,,,,,,,,,,,2023-08-17,20,8.266875000000002
,,,,,,,,,,,,,,,,,,,,,,,,,,,2023-08-18,20,8.266875000000002
,,,,,,,,,,,,,,,,,,,,,,,,,,,2023-08-21,20,8.266875000000002
,,,,,,,,,,,,,,,,,,,,,,,,,,,2023-08-22,20,6.249375000000001
,,,,,,,,,,,,,,,,,,,,,,,,,,,2023-08-23,20,5.071875
,,,,,,,,,,,,,,,,,,,,,,,,,,,2023-08-24,20,5.071875
,,,,,,,,,,,,,,,,,,,,,,,,,,,2023-08-25,20,4.82
,,,,,,,,,,,,,,,,,,,,,,,,,,,2023-08-28,20,4.82
,,,,,,,,,,,,,,,,,,,,,,,,,,,2023-08-29,20,4.82
,,,,,,,,,,,,,,,,,,,,,,,,,,,2023-08-30,20,4.82
,,,,,,,,,,,,,,,,,,,,,,,,,,,2023-08-31,20,4.82
,,,,,,,,,,,,,,,,,,,,,,,,,,,2023-09-01,20,4.82
,,,,,,,,,,,,,,,,,,,,,,,,,,,2023-09-04,20,2.8025
,,,,,,,,,,,,,,,,,,,,,,,,,,,2023-09-05,20,1.5925000000000002
,,,,,,,,,,,,,,,,,,,,,,,,,,,2023-09-06,20,1.5924999999999994
,,,,,,,,,,,,,,,,,,,,,,,,,,,2023-09-07,20,1.5925000000000002
,,,,,,,,,,,,,,,,,,,,,,,,,,,2023-09-08,20,1.5924999999999994
,,,,,,,,,,,,,,,,,,,,,,,,,,,2023-09-11,20,1.5925000000000002
,,,,,,,,,,,,,,,,,,,,,,,,,,,2023-09-12,20,1.5924999999999994
,,,,,,,,,,,,,,,,,,,,,,,,,,,2023-09-13,20,1.5925000000000002
,,,,,,,,,,,,,,,,,,,,,,,,,,,2023-09-14,20,1.5925000000000002
,,,,,,,,,,,,,,,,,,,,,,,,,,,2023-09-15,20,1.5925000000000002
,,,,,,,,,,,,,,,,,,,,,,,,,,,2023-09-18,20,1.5925000000000002
,,,,,,,,,,,,,,,,,,,,,,,,,,,2023-09-19,20,2.885
,,,,,,,,,,,,,,,,,,,,,,,,,,,2023-09-20,20,2.885
,,,,,,,,,,,,,,,,,,,,,,,,,,,2023-09-21,20,2.885
,,,,,,,,,,,,,,,,,,,,,,,,,,,2023-09-22,20,2.885
,,,,,,,,,,,,,,,,,,,,,,,,,,,2023-09-25,20,3.269375
,,,,,,,,,,,,,,,,,,,,,,,,,,,2023-09-26,20,3.269375
,,,,,,,,,,,,,,,,,,,,,,,,,,,2023-09-27,20,3.269375
,,,,,,,,,,,,,,,,,,,,,,,,,,,2023-09-28,20,3.269375
,,,,,,,,,,,,,,,,,,,,,,,,,,,2023-09-29,20,3.269375
,,,,,,,,,,,,,,,,,,,,,,,,,,,2023-10-02,20,3.269375
,,,,,,,,,,,,,,,,,,,,,,,,,,,2023-10-03,20,3.269375
,,,,,,,,,,,,,,,,,,,,,,,,,,,2023-10-04,20,3.269375
,,,,,,,,,,,,,,,,,,,,,,,,,,,2023-10-05,20,3.543750000000001
,,,,,,,,,,,,,,,,,,,,,,,,,,,2023-10-06,20,3.54375
,,,,,,,,,,,,,,,,,,,,,,,,,,,2023-10-09,20,3.5962500000000004
,,,,,,,,,,,,,,,,,,,,,,,,,,,2023-10-10,20,4.6312500000000005
,,,,,,,,,,,,,,,,,,,,,,,,,,,2023-10-11,20,5.541250000000001
,,,,,,,,,,,,,,,,,,,,,,,,,,,2023-10-12,20,6.576250000000001
,,,,,,,,,,,,,,,,,,,,,,,,,,,2023-10-13,20,6.576250000000001
,,,,,,,,,,,,,,,,,,,,,,,,,,,2023-10-16,20,6.576250000000001
,,,,,,,,,,,,,,,,,,,,,,,,,,,2023-10-17,20,6.576250000000001
,,,,,,,,,,,,,,,,,,,,,,,,,,,2023-10-18,20,6.576250000000001
,,,,,,,,,,,,,,,,,,,,,,,,,,,2023-10-19,20,6.576250000000001
,,,,,,,,,,,,,,,,,,,,,,,,,,,2023-10-20,20,6.576250000000001
,,,,,,,,,,,,,,,,,,,,,,,,,,,2023-10-23,20,6.576250000000001
,,,,,,,,,,,,,,,,,,,,,,,,,,,2023-10-24,20,6.576250000000001
,,,,,,,,,,,,,,,,,,,,,,,,,,,2023-10-25,20,6.576250000000001
,,,,,,,,,,,,,,,,,,,,,,,,,,,2023-10-26,20,6.576250000000001
,,,,,,,,,,,,,,,,,,,,,,,,,,,2023-10-27,20,6.576250000000001
,,,,,,,,,,,,,,,,,,,,,,,,,,,2023-10-30,20,7.426250000000002
,,,,,,,,,,,,,,,,,,,,,,,,,,,2023-10-31,20,7.426250000000002
,,,,,,,,,,,,,,,,,,,,,,,,,,,2023-11-01,20,5.900000000000002
,,,,,,,,,,,,,,,,,,,,,,,,,,,2023-11-02,20,5.847500000000002
,,,,,,,,,,,,,,,,,,,,,,,,,,,2023-11-03,20,5.847500000000002
,,,,,,,,,,,,,,,,,,,,,,,,,,,2023-11-06,20,4.102500000000001
,,,,,,,,,,,,,,,,,,,,,,,,,,,2023-11-07,20,4.102500000000001
,,,,,,,,,,,,,,,,,,,,,,,,,,,2023-11-08,20,4.102500000000001
,,,,,,,,,,,,,,,,,,,,,,,,,,,2023-11-09,20,4.102500000000001
,,,,,,,,,,,,,,,,,,,,,,,,,,,2023-11-10,20,4.6068750000000005
,,,,,,,,,,,,,,,,,,,,,,,,,,,2023-11-13,20,4.6068750000000005
,,,,,,,,,,,,,,,,,,,,,,,,,,,2023-11-14,20,4.6068750000000005
,,,,,,,,,,,,,,,,,,,,,,,,,,,2023-11-15,20,5.8481250000000005
,,,,,,,,,,,,,,,,,,,,,,,,,,,2023-11-16,20,6.52125
,,,,,,,,,,,,,,,,,,,,,,,,,,,2023-11-17,20,6.52125
,,,,,,,,,,,,,,,,,,,,,,,,,,,2023-11-20,20,6.521249999999999
,,,,,,,,,,,,,,,,,,,,,,,,,,,2023-11-21,20,6.52125
,,,,,,,,,,,,,,,,,,,,,,,,,,,2023-11-22,20,6.52125
,,,,,,,,,,,,,,,,,,,,,,,,,,,2023-11-23,20,6.521249999999999
,,,,,,,,,,,,,,,,,,,,,,,,,,,2023-11-24,20,6.52125
,,,,,,,,,,,,,,,,,,,,,,,,,,,2023-11-27,20,6.52125
,,,,,,,,,,,,,,,,,,,,,,,,,,,2023-11-28,20,6.52125
,,,,,,,,,,,,,,,,,,,,,,,,,,,2023-11-29,20,6.521249999999999
,,,,,,,,,,,,,,,,,,,,,,,,,,,2023-11-30,20,6.52125
,,,,,,,,,,,,,,,,,,,,,,,,,,,2023-12-01,20,6.52125
,,,,,,,,,,,,,,,,,,,,,,,,,,,2023-12-04,20,6.385000000000002
,,,,,,,,,,,,,,,,,,,,,,,,,,,2023-12-05,20,8.003750000000002
,,,,,,,,,,,,,,,,,,,,,,,,,,,2023-12-06,20,7.830625000000001
,,,,,,,,,,,,,,,,,,,,,,,,,,,2023-12-07,20,7.830625000000001
,,,,,,,,,,,,,,,,,,,,,,,,,,,2023-12-08,20,7.45375
,,,,,,,,,,,,,,,,,,,,,,,,,,,2023-12-11,20,7.45375
,,,,,,,,,,,,,,,,,,,,,,,,,,,2023-12-12,20,7.45375
,,,,,,,,,,,,,,,,,,,,,,,,,,,2023-12-13,20,7.45375
,,,,,,,,,,,,,,,,,,,,,,,,,,,2023-12-14,20,7.45375
,,,,,,,,,,,,,,,,,,,,,,,,,,,2023-12-15,20,7.45375
,,,,,,,,,,,,,,,,,,,,,,,,,,,2023-12-18,20,7.45375
,,,,,,,,,,,,,,,,,,,,,,,,,,,2023-12-19,20,7.453750000000001
,,,,,,,,,,,,,,,,,,,,,,,,,,,2023-12-20,20,7.45375
,,,,,,,,,,,,,,,,,,,,,,,,,,,2023-12-21,20,7.45375
,,,,,,,,,,,,,,,,,,,,,,,,,,,2023-12-22,20,7.453750000000001
,,,,,,,,,,,,,,,,,,,,,,,,,,,2023-12-26,20,7.45375
,,,,,,,,,,,,,,,,,,,,,,,,,,,2023-12-27,20,7.45375
,,,,,,,,,,,,,,,,,,,,,,,,,,,2023-12-28,20,7.45375
,,,,,,,,,,,,,,,,,,,,,,,,,,,2023-12-29,20,6.0525
,,,,,,,,,,,,,,,,,,,,,,,,,,,2024-01-02,20,4.035
,,,,,,,,,,,,,,,,,,,,,,,,,,,2024-01-03,20,3.0650000000000004
,,,,,,,,,,,,,,,,,,,,,,,,,,,2024-01-04,20,3.0650000000000004
,,,,,,,,,,,,,,,,,,,,,,,,,,,2024-01-05,20,3.861250000000002
,,,,,,,,,,,,,,,,,,,,,,,,,,,2024-01-08,20,3.861250000000001
,,,,,,,,,,,,,,,,,,,,,,,,,,,2024-01-09,20,3.861250000000002
,,,,,,,,,,,,,,,,,,,,,,,,,,,2024-01-10,20,3.861250000000001
,,,,,,,,,,,,,,,,,,,,,,,,,,,2024-01-11,20,3.861250000000001
,,,,,,,,,,,,,,,,,,,,,,,,,,,2024-01-12,20,3.861250000000001
,,,,,,,,,,,,,,,,,,,,,,,,,,,2024-01-15,20,3.861250000000001
,,,,,,,,,,,,,,,,,,,,,,,,,,,2024-01-16,20,3.8087500000000007
,,,,,,,,,,,,,,,,,,,,,,,,,,,2024-01-17,20,3.8087500000000007
,,,,,,,,,,,,,,,,,,,,,,,,,,,2024-01-18,20,3.598750000000001
,,,,,,,,,,,,,,,,,,,,,,,,,,,2024-01-19,20,3.54375
,,,,,,,,,,,,,,,,,,,,,,,,,,,2024-01-22,20,3.54375
,,,,,,,,,,,,,,,,,,,,,,,,,,,2024-01-23,20,3.54375
,,,,,,,,,,,,,,,,,,,,,,,,,,,2024-01-24,20,3.54375
,,,,,,,,,,,,,,,,,,,,,,,,,,,2024-01-25,20,3.54375
,,,,,,,,,,,,,,,,,,,,,,,,,,,2024-01-26,20,3.54375
,,,,,,,,,,,,,,,,,,,,,,,,,,,2024-01-29,20,4.8725000000000005
,,,,,,,,,,,,,,,,,,,,,,,,,,,2024-01-30,20,4.8725000000000005
,,,,,,,,,,,,,,,,,,,,,,,,,,,2024-01-31,20,6.3256250000000005
,,,,,,,,,,,,,,,,,,,,,,,,,,,2024-02-01,20,8.343125
,,,,,,,,,,,,,,,,,,,,,,,,,,,2024-02-02,20,8.343125
,,,,,,,,,,,,,,,,,,,,,,,,,,,2024-02-05,20,8.395625
,,,,,,,,,,,,,,,,,,,,,,,,,,,2024-02-06,20,9.053125000000001
,,,,,,,,,,,,,,,,,,,,,,,,,,,2024-02-07,20,9.150625000000002
,,,,,,,,,,,,,,,,,,,,,,,,,,,2024-02-08,20,9.883750000000003
,,,,,,,,,,,,,,,,,,,,,,,,,,,2024-02-09,20,9.883750000000003
,,,,,,,,,,,,,,,,,,,,,,,,,,,2024-02-12,20,9.883750000000001
,,,,,,,,,,,,,,,,,,,,,,,,,,,2024-02-13,20,10.480000000000002
,,,,,,,,,,,,,,,,,,,,,,,,,,,2024-02-14,20,11.265000000000002
,,,,,,,,,,,,,,,,,,,,,,,,,,,2024-02-15,20,13.282500000000002
,,,,,,,,,,,,,,,,,,,,,,,,,,,2024-02-16,20,13.2825
,,,,,,,,,,,,,,,,,,,,,,,,,,,2024-02-19,20,13.2825
,,,,,,,,,,,,,,,,,,,,,,,,,,,2024-02-20,20,12.905000000000003
,,,,,,,,,,,,,,,,,,,,,,,,,,,2024-02-21,20,14.922500000000003
,,,,,,,,,,,,,,,,,,,,,,,,,,,2024-02-22,20,14.922500000000003
,,,,,,,,,,,,,,,,,,,,,,,,,,,2024-02-23,20,12.905000000000003
,,,,,,,,,,,,,,,,,,,,,,,,,,,2024-02-26,20,11.451875000000003
,,,,,,,,,,,,,,,,,,,,,,,,,,,2024-02-27,20,12.102500000000003
,,,,,,,,,,,,,,,,,,,,,,,,,,,2024-02-28,20,11.474375
,,,,,,,,,,,,,,,,,,,,,,,,,,,2024-02-29,20,11.421875
,,,,,,,,,,,,,,,,,,,,,,,,,,,2024-03-01,20,11.421875000000002
,,,,,,,,,,,,,,,,,,,,,,,,,,,2024-03-04,20,9.88125
,,,,,,,,,,,,,,,,,,,,,,,,,,,2024-03-05,20,9.881250000000003
,,,,,,,,,,,,,,,,,,,,,,,,,,,2024-03-06,20,9.881250000000003
,,,,,,,,,,,,,,,,,,,,,,,,,,,2024-03-07,20,9.881250000000001
,,,,,,,,,,,,,,,,,,,,,,,,,,,2024-03-08,20,9.88125
,,,,,,,,,,,,,,,,,,,,,,,,,,,2024-03-11,20,8.846250000000001
,,,,,,,,,,,,,,,,,,,,,,,,,,,2024-03-12,20,7.320000000000002
,,,,,,,,,,,,,,,,,,,,,,,,,,,2024-03-13,20,6.535000000000001
,,,,,,,,,,,,,,,,,,,,,,,,,,,2024-03-14,20,4.982500000000001
,,,,,,,,,,,,,,,,,,,,,,,,,,,2024-03-15,20,5.461875
,,,,,,,,,,,,,,,,,,,,,,,,,,,2024-03-18,20,7.479375
,,,,,,,,,,,,,,,,,,,,,,,,,,,2024-03-19,20,7.479375
,,,,,,,,,,,,,,,,,,,,,,,,,,,2024-03-20,20,7.531875
,,,,,,,,,,,,,,,,,,,,,,,,,,,2024-03-21,20,8.933125
,,,,,,,,,,,,,,,,,,,,,,,,,,,2024-03-22,20,8.933125
,,,,,,,,,,,,,,,,,,,,,,,,,,,2024-03-25,20,8.933125
,,,,,,,,,,,,,,,,,,,,,,,,,,,2024-03-26,20,8.933125
,,,,,,,,,,,,,,,,,,,,,,,,,,,2024-03-27,20,8.933125
,,,,,,,,,,,,,,,,,,,,,,,,,,,2024-03-28,20,8.933125
,,,,,,,,,,,,,,,,,,,,,,,,,,,2024-04-01,20,8.933125
,,,,,,,,,,,,,,,,,,,,,,,,,,,2024-04-02,20,8.933125
,,,,,,,,,,,,,,,,,,,,,,,,,,,2024-04-03,20,10.391875
,,,,,,,,,,,,,,,,,,,,,,,,,,,2024-04-04,20,11.793125
,,,,,,,,,,,,,,,,,,,,,,,,,,,2024-04-05,20,11.793125
,,,,,,,,,,,,,,,,,,,,,,,,,,,2024-04-08,20,11.845625000000004
,,,,,,,,,,,,,,,,,,,,,,,,,,,2024-04-09,20,13.863125000000004
,,,,,,,,,,,,,,,,,,,,,,,,,,,2024-04-10,20,13.666875000000003
,,,,,,,,,,,,,,,,,,,,,,,,,,,2024-04-11,20,12.533750000000001
,,,,,,,,,,,,,,,,,,,,,,,,,,,2024-04-12,20,11.748750000000001
,,,,,,,,,,,,,,,,,,,,,,,,,,,2024-04-15,20,10.0425
,,,,,,,,,,,,,,,,,,,,,,,,,,,2024-04-16,20,10.0425
,,,,,,,,,,,,,,,,,,,,,,,,,,,2024-04-17,20,10.042500000000002
,,,,,,,,,,,,,,,,,,,,,,,,,,,2024-04-18,20,10.0425
,,,,,,,,,,,,,,,,,,,,,,,,,,,2024-04-19,20,10.0425
,,,,,,,,,,,,,,,,,,,,,,,,,,,2024-04-22,20,10.0425
,,,,,,,,,,,,,,,,,,,,,,,,,,,2024-04-23,20,10.0425
,,,,,,,,,,,,,,,,,,,,,,,,,,,2024-04-24,20,10.042500000000002
,,,,,,,,,,,,,,,,,,,,,,,,,,,2024-04-25,20,8.025
,,,,,,,,,,,,,,,,,,,,,,,,,,,2024-04-26,20,7.853750000000002
,,,,,,,,,,,,,,,,,,,,,,,,,,,2024-04-29,20,7.853750000000001
,,,,,,,,,,,,,,,,,,,,,,,,,,,2024-04-30,20,6.327500000000001
,,,,,,,,,,,,,,,,,,,,,,,,,,,2024-05-01,20,5.365
,,,,,,,,,,,,,,,,,,,,,,,,,,,2024-05-02,20,5.365
,,,,,,,,,,,,,,,,,,,,,,,,,,,2024-05-03,20,5.365
,,,,,,,,,,,,,,,,,,,,,,,,,,,2024-05-06,20,3.3475
,,,,,,,,,,,,,,,,,,,,,,,,,,,2024-05-07,20,2.0175
,,,,,,,,,,,,,,,,,,,,,,,,,,,2024-05-08,20,2.8256250000000005
,,,,,,,,,,,,,,,,,,,,,,,,,,,2024-05-09,20,2.9612499999999997
,,,,,,,,,,,,,,,,,,,,,,,,,,,2024-05-10,20,3.440624999999999
,,,,,,,,,,,,,,,,,,,,,,,,,,,2024-05-13,20,3.6675000000000004
,,,,,,,,,,,,,,,,,,,,,,,,,,,2024-05-14,20,4.702499999999999
,,,,,,,,,,,,,,,,,,,,,,,,,,,2024-05-15,20,4.702500000000001
,,,,,,,,,,,,,,,,,,,,,,,,,,,2024-05-16,20,4.702500000000001
,,,,,,,,,,,,,,,,,,,,,,,,,,,2024-05-17,20,6.313125000000001
,,,,,,,,,,,,,,,,,,,,,,,,,,,2024-05-20,20,7.0862500000000015
,,,,,,,,,,,,,,,,,,,,,,,,,,,2024-05-21,20,7.08625
,,,,,,,,,,,,,,,,,,,,,,,,,,,2024-05-22,20,7.138750000000001
,,,,,,,,,,,,,,,,,,,,,,,,,,,2024-05-23,20,8.540000000000001
,,,,,,,,,,,,,,,,,,,,,,,,,,,2024-05-24,20,9.469375000000001
,,,,,,,,,,,,,,,,,,,,,,,,,,,2024-05-27,20,9.469375000000001
,,,,,,,,,,,,,,,,,,,,,,,,,,,2024-05-28,20,9.605625000000002
,,,,,,,,,,,,,,,,,,,,,,,,,,,2024-05-29,20,11.398125000000002
,,,,,,,,,,,,,,,,,,,,,,,,,,,2024-05-30,20,11.398125000000002
,,,,,,,,,,,,,,,,,,,,,,,,,,,2024-05-31,20,11.398125000000002
,,,,,,,,,,,,,,,,,,,,,,,,,,,2024-06-03,20,11.398125000000004
,,,,,,,,,,,,,,,,,,,,,,,,,,,2024-06-04,20,9.955625000000001
,,,,,,,,,,,,,,,,,,,,,,,,,,,2024-06-05,20,8.660625000000001
,,,,,,,,,,,,,,,,,,,,,,,,,,,2024-06-06,20,8.660625000000001
,,,,,,,,,,,,,,,,,,,,,,,,,,,2024-06-07,20,8.660625000000001
,,,,,,,,,,,,,,,,,,,,,,,,,,,2024-06-10,20,8.660625000000001
,,,,,,,,,,,,,,,,,,,,,,,,,,,2024-06-11,20,8.660625000000001
,,,,,,,,,,,,,,,,,,,,,,,,,,,2024-06-12,20,8.660625000000001
,,,,,,,,,,,,,,,,,,,,,,,,,,,2024-06-13,20,7.102500000000001
,,,,,,,,,,,,,,,,,,,,,,,,,,,2024-06-14,20,6.276875
,,,,,,,,,,,,,,,,,,,,,,,,,,,2024-06-17,20,6.276875
,,,,,,,,,,,,,,,,,,,,,,,,,,,2024-06-18,20,6.276875
,,,,,,,,,,,,,,,,,,,,,,,,,,,2024-06-20,20,4.259375
,,,,,,,,,,,,,,,,,,,,,,,,,,,2024-06-21,20,3.31875
,,,,,,,,,,,,,,,,,,,,,,,,,,,2024-06-24,20,3.31875
,,,,,,,,,,,,,,,,,,,,,,,,,,,2024-06-25,20,3.31875
,,,,,,,,,,,,,,,,,,,,,,,,,,,2024-06-26,20,2.8375000000000004
,,,,,,,,,,,,,,,,,,,,,,,,,,,2024-06-27,20,3.6225000000000005
,,,,,,,,,,,,,,,,,,,,,,,,,,,2024-06-28,20,5.640000000000001
,,,,,,,,,,,,,,,,,,,,,,,,,,,2024-07-01,20,5.6400000000000015
,,,,,,,,,,,,,,,,,,,,,,,,,,,2024-07-02,20,5.640000000000001
,,,,,,,,,,,,,,,,,,,,,,,,,,,2024-07-03,20,5.64
,,,,,,,,,,,,,,,,,,,,,,,,,,,2024-07-04,20,5.640000000000001
,,,,,,,,,,,,,,,,,,,,,,,,,,,2024-07-05,20,5.640000000000001
,,,,,,,,,,,,,,,,,,,,,,,,,,,2024-07-08,20,5.640000000000001
,,,,,,,,,,,,,,,,,,,,,,,,,,,2024-07-09,20,5.640000000000001
,,,,,,,,,,,,,,,,,,,,,,,,,,,2024-07-10,20,5.640000000000001
,,,,,,,,,,,,,,,,,,,,,,,,,,,2024-07-11,20,5.640000000000001
,,,,,,,,,,,,,,,,,,,,,,,,,,,2024-07-12,20,5.640000000000001
,,,,,,,,,,,,,,,,,,,,,,,,,,,2024-07-15,20,5.640000000000001
,,,,,,,,,,,,,,,,,,,,,,,,,,,2024-07-16,20,5.640000000000001
,,,,,,,,,,,,,,,,,,,,,,,,,,,2024-07-17,20,5.0687500000000005
,,,,,,,,,,,,,,,,,,,,,,,,,,,2024-07-18,20,5.0687500000000005
,,,,,,,,,,,,,,,,,,,,,,,,,,,2024-07-19,20,4.87375
,,,,,,,,,,,,,,,,,,,,,,,,,,,2024-07-22,20,4.87375
,,,,,,,,,,,,,,,,,,,,,,,,,,,2024-07-23,20,3.83875
,,,,,,,,,,,,,,,,,,,,,,,,,,,2024-07-24,20,2.8025
,,,,,,,,,,,,,,,,,,,,,,,,,,,2024-07-25,20,2.8025
,,,,,,,,,,,,,,,,,,,,,,,,,,,2024-07-26,20,2.8025
,,,,,,,,,,,,,,,,,,,,,,,,,,,2024-07-29,20,2.8025
,,,,,,,,,,,,,,,,,,,,,,,,,,,2024-07-30,20,2.8025
,,,,,,,,,,,,,,,,,,,,,,,,,,,2024-07-31,20,2.8025
,,,,,,,,,,,,,,,,,,,,,,,,,,,2024-08-01,20,2.8025
,,,,,,,,,,,,,,,,,,,,,,,,,,,2024-08-02,20,2.8025
,,,,,,,,,,,,,,,,,,,,,,,,,,,2024-08-05,20,2.8025
,,,,,,,,,,,,,,,,,,,,,,,,,,,2024-08-06,20,2.8025
,,,,,,,,,,,,,,,,,,,,,,,,,,,2024-08-07,20,2.8025
,,,,,,,,,,,,,,,,,,,,,,,,,,,2024-08-08,20,2.8025
,,,,,,,,,,,,,,,,,,,,,,,,,,,2024-08-09,20,2.8025
,,,,,,,,,,,,,,,,,,,,,,,,,,,2024-08-12,20,2.8025
,,,,,,,,,,,,,,,,,,,,,,,,,,,2024-08-13,20,2.8025
,,,,,,,,,,,,,,,,,,,,,,,,,,,2024-08-14,20,2.8025
,,,,,,,,,,,,,,,,,,,,,,,,,,,2024-08-15,20,2.8025
,,,,,,,,,,,,,,,,,,,,,,,,,,,2024-08-16,20,2.8025
,,,,,,,,,,,,,,,,,,,,,,,,,,,2024-08-19,20,2.2912500000000007
,,,,,,,,,,,,,,,,,,,,,,,,,,,2024-08-20,20,2.2912500000000007
,,,,,,,,,,,,,,,,,,,,,,,,,,,2024-08-21,20,2.2912500000000007
,,,,,,,,,,,,,,,,,,,,,,,,,,,2024-08-22,20,2.9468750000000004
,,,,,,,,,,,,,,,,,,,,,,,,,,,2024-08-23,20,2.9468750000000004
,,,,,,,,,,,,,,,,,,,,,,,,,,,2024-08-26,20,2.9468750000000004
,,,,,,,,,,,,,,,,,,,,,,,,,,,2024-08-27,20,2.9468750000000004
,,,,,,,,,,,,,,,,,,,,,,,,,,,2024-08-28,20,2.9468750000000004
,,,,,,,,,,,,,,,,,,,,,,,,,,,2024-08-29,20,2.9468750000000004
,,,,,,,,,,,,,,,,,,,,,,,,,,,2024-08-30,20,2.9468750000000004
,,,,,,,,,,,,,,,,,,,,,,,,,,,2024-09-02,20,2.9468750000000004
,,,,,,,,,,,,,,,,,,,,,,,,,,,2024-09-03,20,2.9468750000000004
,,,,,,,,,,,,,,,,,,,,,,,,,,,2024-09-04,20,2.9468750000000004
,,,,,,,,,,,,,,,,,,,,,,,,,,,2024-09-05,20,3.54375
,,,,,,,,,,,,,,,,,,,,,,,,,,,2024-09-06,20,3.543750000000001
,,,,,,,,,,,,,,,,,,,,,,,,,,,2024-09-09,20,4.105
,,,,,,,,,,,,,,,,,,,,,,,,,,,2024-09-10,20,4.105
,,,,,,,,,,,,,,,,,,,,,,,,,,,2024-09-11,20,5.282500000000001
,,,,,,,,,,,,,,,,,,,,,,,,,,,2024-09-12,20,5.282500000000001
,,,,,,,,,,,,,,,,,,,,,,,,,,,2024-09-13,20,5.282500000000001
,,,,,,,,,,,,,,,,,,,,,,,,,,,2024-09-16,20,5.282500000000001
,,,,,,,,,,,,,,,,,,,,,,,,,,,2024-09-17,20,5.282500000000001
,,,,,,,,,,,,,,,,,,,,,,,,,,,2024-09-18,20,5.282500000000001
,,,,,,,,,,,,,,,,,,,,,,,,,,,2024-09-19,20,5.282500000000001
,,,,,,,,,,,,,,,,,,,,,,,,,,,2024-09-20,20,5.282500000000001
,,,,,,,,,,,,,,,,,,,,,,,,,,,2024-09-23,20,5.282500000000001
,,,,,,,,,,,,,,,,,,,,,,,,,,,2024-09-24,20,5.282500000000001
,,,,,,,,,,,,,,,,,,,,,,,,,,,2024-09-25,20,5.282500000000001
,,,,,,,,,,,,,,,,,,,,,,,,,,,2024-09-26,20,5.282500000000001
,,,,,,,,,,,,,,,,,,,,,,,,,,,2024-09-27,20,5.282500000000001
,,,,,,,,,,,,,,,,,,,,,,,,,,,2024-09-30,20,5.282500000000001
,,,,,,,,,,,,,,,,,,,,,,,,,,,2024-10-01,20,5.282500000000001
,,,,,,,,,,,,,,,,,,,,,,,,,,,2024-10-02,20,3.7562500000000005
,,,,,,,,,,,,,,,,,,,,,,,,,,,2024-10-03,20,3.329375
,,,,,,,,,,,,,,,,,,,,,,,,,,,2024-10-04,20,3.329375
,,,,,,,,,,,,,,,,,,,,,,,,,,,2024-10-07,20,4.82
,,,,,,,,,,,,,,,,,,,,,,,,,,,2024-10-08,20,4.82
,,,,,,,,,,,,,,,,,,,,,,,,,,,2024-10-09,20,4.82
,,,,,,,,,,,,,,,,,,,,,,,,,,,2024-10-10,20,4.82
,,,,,,,,,,,,,,,,,,,,,,,,,,,2024-10-11,20,4.82
,,,,,,,,,,,,,,,,,,,,,,,,,,,2024-10-14,20,4.82
,,,,,,,,,,,,,,,,,,,,,,,,,,,2024-10-15,20,4.82
,,,,,,,,,,,,,,,,,,,,,,,,,,,2024-10-16,20,4.82
,,,,,,,,,,,,,,,,,,,,,,,,,,,2024-10-17,20,4.82
,,,,,,,,,,,,,,,,,,,,,,,,,,,2024-10-18,20,4.82
,,,,,,,,,,,,,,,,,,,,,,,,,,,2024-10-21,20,4.82
,,,,,,,,,,,,,,,,,,,,,,,,,,,2024-10-22,20,4.82
,,,,,,,,,,,,,,,,,,,,,,,,,,,2024-10-23,20,4.82
,,,,,,,,,,,,,,,,,,,,,,,,,,,2024-10-24,20,4.82
,,,,,,,,,,,,,,,,,,,,,,,,,,,2024-10-25,20,4.82
,,,,,,,,,,,,,,,,,,,,,,,,,,,2024-10-28,20,4.82
,,,,,,,,,,,,,,,,,,,,,,,,,,,2024-10-29,20,4.82
,,,,,,,,,,,,,,,,,,,,,,,,,,,2024-10-30,20,4.82
,,,,,,,,,,,,,,,,,,,,,,,,,,,2024-10-31,20,3.1575
,,,,,,,,,,,,,,,,,,,,,,,,,,,2024-11-01,20,3.1575
,,,,,,,,,,,,,,,,,,,,,,,,,,,2024-11-04,20,3.1575000000000006
,,,,,,,,,,,,,,,,,,,,,,,,,,,2024-11-05,20,3.1575
,,,,,,,,,,,,,,,,,,,,,,,,,,,2024-11-06,20,3.1575
,,,,,,,,,,,,,,,,,,,,,,,,,,,2024-11-07,20,3.1575
,,,,,,,,,,,,,,,,,,,,,,,,,,,2024-11-08,20,3.1575
,,,,,,,,,,,,,,,,,,,,,,,,,,,2024-11-11,20,3.1575
,,,,,,,,,,,,,,,,,,,,,,,,,,,2024-11-12,20,3.1575
,,,,,,,,,,,,,,,,,,,,,,,,,,,2024-11-13,20,3.1575
,,,,,,,,,,,,,,,,,,,,,,,,,,,2024-11-14,20,2.875
,,,,,,,,,,,,,,,,,,,,,,,,,,,2024-11-15,20,2.875
,,,,,,,,,,,,,,,,,,,,,,,,,,,2024-11-18,20,2.875
,,,,,,,,,,,,,,,,,,,,,,,,,,,2024-11-19,20,2.875
,,,,,,,,,,,,,,,,,,,,,,,,,,,2024-11-20,20,2.875000000000001
,,,,,,,,,,,,,,,,,,,,,,,,,,,2024-11-21,20,3.8812500000000005
,,,,,,,,,,,,,,,,,,,,,,,,,,,2024-11-22,20,3.9162500000000016
,,,,,,,,,,,,,,,,,,,,,,,,,,,2024-11-25,20,3.9162500000000016
,,,,,,,,,,,,,,,,,,,,,,,,,,,2024-11-26,20,3.9162500000000016
,,,,,,,,,,,,,,,,,,,,,,,,,,,2024-11-27,20,3.9162500000000007
,,,,,,,,,,,,,,,,,,,,,,,,,,,2024-11-29,20,3.916250000000001
,,,,,,,,,,,,,,,,,,,,,,,,,,,2024-12-02,20,3.916250000000001
,,,,,,,,,,,,,,,,,,,,,,,,,,,2024-12-03,20,3.9162500000000007
,,,,,,,,,,,,,,,,,,,,,,,,,,,2024-12-04,20,3.916250000000001
,,,,,,,,,,,,,,,,,,,,,,,,,,,2024-12-05,20,3.916250000000001
,,,,,,,,,,,,,,,,,,,,,,,,,,,2024-12-06,20,3.916250000000001
,,,,,,,,,,,,,,,,,,,,,,,,,,,2024-12-09,20,3.843750000000001
,,,,,,,,,,,,,,,,,,,,,,,,,,,2024-12-10,20,3.843750000000001
,,,,,,,,,,,,,,,,,,,,,,,,,,,2024-12-11,20,3.843750000000001
,,,,,,,,,,,,,,,,,,,,,,,,,,,2024-12-12,20,3.5062500000000005
,,,,,,,,,,,,,,,,,,,,,,,,,,,2024-12-13,20,3.5062500000000005
,,,,,,,,,,,,,,,,,,,,,,,,,,,2024-12-16,20,3.5062500000000005
,,,,,,,,,,,,,,,,,,,,,,,,,,,2024-12-17,20,3.4537500000000003
,,,,,,,,,,,,,,,,,,,,,,,,,,,2024-12-18,20,3.4537500000000003
,,,,,,,,,,,,,,,,,,,,,,,,,,,2024-12-19,20,3.2974999999999994
,,,,,,,,,,,,,,,,,,,,,,,,,,,2024-12-20,20,3.2974999999999994
,,,,,,,,,,,,,,,,,,,,,,,,,,,2024-12-23,20,3.2974999999999994
,,,,,,,,,,,,,,,,,,,,,,,,,,,2024-12-24,20,3.2974999999999994
,,,,,,,,,,,,,,,,,,,,,,,,,,,2024-12-26,20,3.2974999999999994
,,,,,,,,,,,,,,,,,,,,,,,,,,,2024-12-27,20,3.2974999999999994
,,,,,,,,,,,,,,,,,,,,,,,,,,,2024-12-30,20,3.2974999999999994
,,,,,,,,,,,,,,,,,,,,,,,,,,,2024-12-31,20,3.2974999999999994
,,,,,,,,,,,,,,,,,,,,,,,,,,,2025-01-02,20,3.2975000000000003
,,,,,,,,,,,,,,,,,,,,,,,,,,,2025-01-03,20,3.2975000000000003
,,,,,,,,,,,,,,,,,,,,,,,,,,,2025-01-06,20,3.2975000000000003
,,,,,,,,,,,,,,,,,,,,,,,,,,,2025-01-07,20,3.2975000000000003
,,,,,,,,,,,,,,,,,,,,,,,,,,,2025-01-08,20,3.2975000000000003
,,,,,,,,,,,,,,,,,,,,,,,,,,,2025-01-10,20,3.2975000000000003
,,,,,,,,,,,,,,,,,,,,,,,,,,,2025-01-13,20,4.058750000000001
,,,,,,,,,,,,,,,,,,,,,,,,,,,2025-01-14,20,4.058750000000001
,,,,,,,,,,,,,,,,,,,,,,,,,,,2025-01-15,20,4.058750000000001
,,,,,,,,,,,,,,,,,,,,,,,,,,,2025-01-16,20,5.628750000000001
,,,,,,,,,,,,,,,,,,,,,,,,,,,2025-01-17,20,5.628750000000001
,,,,,,,,,,,,,,,,,,,,,,,,,,,2025-01-20,20,5.628750000000001
,,,,,,,,,,,,,,,,,,,,,,,,,,,2025-01-21,20,5.628750000000001
,,,,,,,,,,,,,,,,,,,,,,,,,,,2025-01-22,20,5.628750000000001
,,,,,,,,,,,,,,,,,,,,,,,,,,,2025-01-23,20,5.628750000000001
,,,,,,,,,,,,,,,,,,,,,,,,,,,2025-01-24,20,5.628750000000001
,,,,,,,,,,,,,,,,,,,,,,,,,,,2025-01-27,20,5.628750000000001
,,,,,,,,,,,,,,,,,,,,,,,,,,,2025-01-28,20,5.628750000000001
,,,,,,,,,,,,,,,,,,,,,,,,,,,2025-01-29,20,5.628750000000001
,,,,,,,,,,,,,,,,,,,,,,,,,,,2025-01-30,20,5.628750000000001
,,,,,,,,,,,,,,,,,,,,,,,,,,,2025-01-31,20,5.576250000000001
,,,,,,,,,,,,,,,,,,,,,,,,,,,2025-02-03,20,5.576250000000001
,,,,,,,,,,,,,,,,,,,,,,,,,,,2025-02-04,20,4.398750000000001
,,,,,,,,,,,,,,,,,,,,,,,,,,,2025-02-05,20,4.398750000000001
,,,,,,,,,,,,,,,,,,,,,,,,,,,2025-02-06,20,4.035
,,,,,,,,,,,,,,,,,,,,,,,,,,,2025-02-07,20,4.035
,,,,,,,,,,,,,,,,,,,,,,,,,,,2025-02-10,20,4.035
,,,,,,,,,,,,,,,,,,,,,,,,,,,2025-02-11,20,4.035
,,,,,,,,,,,,,,,,,,,,,,,,,,,2025-02-12,20,3.3725000000000014
,,,,,,,,,,,,,,,,,,,,,,,,,,,2025-02-13,20,3.3725000000000005
,,,,,,,,,,,,,,,,,,,,,,,,,,,2025-02-14,20,4.8793750000000005
,,,,,,,,,,,,,,,,,,,,,,,,,,,2025-02-17,20,5.077500000000001
,,,,,,,,,,,,,,,,,,,,,,,,,,,2025-02-18,20,5.077500000000002
,,,,,,,,,,,,,,,,,,,,,,,,,,,2025-02-19,20,5.077500000000002
,,,,,,,,,,,,,,,,,,,,,,,,,,,2025-02-20,20,5.077500000000001
,,,,,,,,,,,,,,,,,,,,,,,,,,,2025-02-21,20,5.0775000000000015
,,,,,,,,,,,,,,,,,,,,,,,,,,,2025-02-24,20,5.0775000000000015
,,,,,,,,,,,,,,,,,,,,,,,,,,,2025-02-25,20,5.0775000000000015
,,,,,,,,,,,,,,,,,,,,,,,,,,,2025-02-26,20,5.0775000000000015
,,,,,,,,,,,,,,,,,,,,,,,,,,,2025-02-27,20,4.292500000000001
,,,,,,,,,,,,,,,,,,,,,,,,,,,2025-02-28,20,5.140000000000001
,,,,,,,,,,,,,,,,,,,,,,,,,,,2025-03-03,20,6.541250000000001
,,,,,,,,,,,,,,,,,,,,,,,,,,,2025-03-04,20,6.541250000000001
,,,,,,,,,,,,,,,,,,,,,,,,,,,2025-03-05,20,6.54125
,,,,,,,,,,,,,,,,,,,,,,,,,,,2025-03-06,20,8.361250000000002
,,,,,,,,,,,,,,,,,,,,,,,,,,,2025-03-07,20,9.146250000000002
,,,,,,,,,,,,,,,,,,,,,,,,,,,2025-03-10,20,11.16375
,,,,,,,,,,,,,,,,,,,,,,,,,,,2025-03-11,20,12.565000000000001
,,,,,,,,,,,,,,,,,,,,,,,,,,,2025-03-12,20,13.966250000000002
,,,,,,,,,,,,,,,,,,,,,,,,,,,2025-03-13,20,13.966250000000002
,,,,,,,,,,,,,,,,,,,,,,,,,,,2025-03-14,20,13.96625
,,,,,,,,,,,,,,,,,,,,,,,,,,,2025-03-17,20,13.966250000000002
,,,,,,,,,,,,,,,,,,,,,,,,,,,2025-03-18,20,13.966250000000002
,,,,,,,,,,,,,,,,,,,,,,,,,,,2025-03-19,20,13.966250000000002
,,,,,,,,,,,,,,,,,,,,,,,,,,,2025-03-20,20,13.966250000000002
,,,,,,,,,,,,,,,,,,,,,,,,,,,2025-03-21,20,13.966250000000002
,,,,,,,,,,,,,,,,,,,,,,,,,,,2025-03-24,20,12.788750000000004
,,,,,,,,,,,,,,,,,,,,,,,,,,,2025-03-25,20,12.788750000000004
,,,,,,,,,,,,,,,,,,,,,,,,,,,2025-03-26,20,11.753750000000004
,,,,,,,,,,,,,,,,,,,,,,,,,,,2025-03-27,20,10.352500000000003
,,,,,,,,,,,,,,,,,,,,,,,,,,,2025-03-28,20,9.64
,,,,,,,,,,,,,,,,,,,,,,,,,,,2025-03-31,20,9.64
,,,,,,,,,,,,,,,,,,,,,,,,,,,2025-04-01,20,9.64
,,,,,,,,,,,,,,,,,,,,,,,,,,,2025-04-02,20,7.6225000000000005
,,,,,,,,,,,,,,,,,,,,,,,,,,,2025-04-03,20,5.605
,,,,,,,,,,,,,,,,,,,,,,,,,,,2025-04-04,20,4.82
,,,,,,,,,,,,,,,,,,,,,,,,,,,2025-04-07,20,2.8025
,,,,,,,,,,,,,,,,,,,,,,,,,,,2025-04-08,20,2.3375000000000004
,,,,,,,,,,,,,,,,,,,,,,,,,,,2025-04-09,20,2.3375000000000004
,,,,,,,,,,,,,,,,,,,,,,,,,,,2025-04-10,20,2.3375000000000004
,,,,,,,,,,,,,,,,,,,,,,,,,,,2025-04-11,20,2.3375000000000004
,,,,,,,,,,,,,,,,,,,,,,,,,,,2025-04-14,20,3.3462500000000004
,,,,,,,,,,,,,,,,,,,,,,,,,,,2025-04-15,20,3.3462500000000013
,,,,,,,,,,,,,,,,,,,,,,,,,,,2025-04-16,20,3.3462500000000004
,,,,,,,,,,,,,,,,,,,,,,,,,,,2025-04-17,20,3.3462500000000013
,,,,,,,,,,,,,,,,,,,,,,,,,,,2025-04-21,20,3.3462500000000013
,,,,,,,,,,,,,,,,,,,,,,,,,,,2025-04-22,20,3.3462500000000004
,,,,,,,,,,,,,,,,,,,,,,,,,,,2025-04-23,20,3.905000000000003
,,,,,,,,,,,,,,,,,,,,,,,,,,,2025-04-24,20,3.905000000000001
,,,,,,,,,,,,,,,,,,,,,,,,,,,2025-04-25,20,3.905000000000002
,,,,,,,,,,,,,,,,,,,,,,,,,,,2025-04-28,20,3.905000000000001
,,,,,,,,,,,,,,,,,,,,,,,,,,,2025-04-29,20,3.905000000000001
,,,,,,,,,,,,,,,,,,,,,,,,,,,2025-04-30,20,3.905000000000001
,,,,,,,,,,,,,,,,,,,,,,,,,,,2025-05-01,20,3.905000000000001
,,,,,,,,,,,,,,,,,,,,,,,,,,,2025-05-02,20,3.905000000000001
,,,,,,,,,,,,,,,,,,,,,,,,,,,2025-05-05,20,3.905000000000001
,,,,,,,,,,,,,,,,,,,,,,,,,,,2025-05-06,20,3.905000000000001
,,,,,,,,,,,,,,,,,,,,,,,,,,,2025-05-07,20,3.905000000000001
,,,,,,,,,,,,,,,,,,,,,,,,,,,2025-05-08,20,3.905000000000001
,,,,,,,,,,,,,,,,,,,,,,,,,,,2025-05-09,20,3.54375
,,,,,,,,,,,,,,,,,,,,,,,,,,,2025-05-12,20,3.54375
,,,,,,,,,,,,,,,,,,,,,,,,,,,2025-05-13,20,3.54375
,,,,,,,,,,,,,,,,,,,,,,,,,,,2025-05-14,20,3.54375
,,,,,,,,,,,,,,,,,,,,,,,,,,,2025-05-15,20,3.54375
,,,,,,,,,,,,,,,,,,,,,,,,,,,2025-05-16,20,3.54375
,,,,,,,,,,,,,,,,,,,,,,,,,,,2025-05-19,20,3.54375
,,,,,,,,,,,,,,,,,,,,,,,,,,,2025-05-20,20,2.4362499999999994
,,,,,,,,,,,,,,,,,,,,,,,,,,,2025-05-21,20,2.436250000000001
,,,,,,,,,,,,,,,,,,,,,,,,,,,2025-05-22,20,2.436250000000001
,,,,,,,,,,,,,,,,,,,,,,,,,,,2025-05-23,20,2.436250000000001
,,,,,,,,,,,,,,,,,,,,,,,,,,,2025-05-26,20,2.4362500000000002
,,,,,,,,,,,,,,,,,,,,,,,,,,,2025-05-27,20,2.4362500000000002
,,,,,,,,,,,,,,,,,,,,,,,,,,,2025-05-28,20,2.4362500000000002
,,,,,,,,,,,,,,,,,,,,,,,,,,,2025-05-29,20,2.4362500000000002
,,,,,,,,,,,,,,,,,,,,,,,,,,,2025-05-30,20,2.4362500000000002
,,,,,,,,,,,,,,,,,,,,,,,,,,,2025-06-02,20,2.4362500000000002
,,,,,,,,,,,,,,,,,,,,,,,,,,,2025-06-03,20,2.4362500000000002
,,,,,,,,,,,,,,,,,,,,,,,,,,,2025-06-04,20,2.0175
,,,,,,,,,,,,,,,,,,,,,,,,,,,2025-06-05,20,2.0175
,,,,,,,,,,,,,,,,,,,,,,,,,,,2025-06-06,20,2.0175
,,,,,,,,,,,,,,,,,,,,,,,,,,,2025-06-09,20,2.0175
,,,,,,,,,,,,,,,,,,,,,,,,,,,2025-06-10,20,3.1656250000000004
,,,,,,,,,,,,,,,,,,,,,,,,,,,2025-06-11,20,3.1656250000000004
,,,,,,,,,,,,,,,,,,,,,,,,,,,2025-06-12,20,3.4493750000000007
,,,,,,,,,,,,,,,,,,,,,,,,,,,2025-06-13,20,4.975625000000001
,,,,,,,,,,,,,,,,,,,,,,,,,,,2025-06-16,20,5.558750000000001
,,,,,,,,,,,,,,,,,,,,,,,,,,,2025-06-17,20,5.558750000000001
,,,,,,,,,,,,,,,,,,,,,,,,,,,2025-06-18,20,6.736250000000001
,,,,,,,,,,,,,,,,,,,,,,,,,,,2025-06-19,20,7.110000000000001
,,,,,,,,,,,,,,,,,,,,,,,,,,,2025-06-20,20,9.127500000000001
,,,,,,,,,,,,,,,,,,,,,,,,,,,2025-06-23,20,10.037500000000001
,,,,,,,,,,,,,,,,,,,,,,,,,,,2025-06-24,20,10.037500000000001
,,,,,,,,,,,,,,,,,,,,,,,,,,,2025-06-25,20,10.037500000000001
,,,,,,,,,,,,,,,,,,,,,,,,,,,2025-06-26,20,10.037500000000001
,,,,,,,,,,,,,,,,,,,,,,,,,,,2025-06-27,20,10.037500000000001
,,,,,,,,,,,,,,,,,,,,,,,,,,,2025-06-30,20,10.037500000000001
,,,,,,,,,,,,,,,,,,,,,,,,,,,2025-07-01,20,10.037500000000001
,,,,,,,,,,,,,,,,,,,,,,,,,,,2025-07-02,20,9.607500000000002
,,,,,,,,,,,,,,,,,,,,,,,,,,,2025-07-03,20,9.412500000000001
,,,,,,,,,,,,,,,,,,,,,,,,,,,2025-07-04,20,9.412500000000001
,,,,,,,,,,,,,,,,,,,,,,,,,,,2025-07-07,20,8.889375000000001
,,,,,,,,,,,,,,,,,,,,,,,,,,,2025-07-08,20,7.586875000000001
,,,,,,,,,,,,,,,,,,,,,,,,,,,2025-07-09,20,7.586875000000001
,,,,,,,,,,,,,,,,,,,,,,,,,,,2025-07-10,20,6.588125
,,,,,,,,,,,,,,,,,,,,,,,,,,,2025-07-11,20,5.3187500000000005
,,,,,,,,,,,,,,,,,,,,,,,,,,,2025-07-14,20,5.3187500000000005
,,,,,,,,,,,,,,,,,,,,,,,,,,,2025-07-15,20,5.31875
,,,,,,,,,,,,,,,,,,,,,,,,,,,2025-07-16,20,4.06625
,,,,,,,,,,,,,,,,,,,,,,,,,,,2025-07-17,20,4.06625
,,,,,,,,,,,,,,,,,,,,,,,,,,,2025-07-18,20,4.06625
,,,,,,,,,,,,,,,,,,,,,,,,,,,2025-07-21,20,4.06625
,,,,,,,,,,,,,,,,,,,,,,,,,,,2025-07-22,20,4.06625
,,,,,,,,,,,,,,,,,,,,,,,,,,,2025-07-23,20,4.06625
,,,,,,,,,,,,,,,,,,,,,,,,,,,2025-07-24,20,4.06625
,,,,,,,,,,,,,,,,,,,,,,,,,,,2025-07-25,20,4.06625
,,,,,,,,,,,,,,,,,,,,,,,,,,,2025-07-28,20,4.06625
,,,,,,,,,,,,,,,,,,,,,,,,,,,2025-07-29,20,4.06625
,,,,,,,,,,,,,,,,,,,,,,,,,,,2025-07-30,20,4.06625
,,,,,,,,,,,,,,,,,,,,,,,,,,,2025-07-31,20,4.06625
,,,,,,,,,,,,,,,,,,,,,,,,,,,2025-08-01,20,4.06625
,,,,,,,,,,,,,,,,,,,,,,,,,,,2025-08-04,20,4.06625
,,,,,,,,,,,,,,,,,,,,,,,,,,,2025-08-05,20,3.6300000000000003
,,,,,,,,,,,,,,,,,,,,,,,,,,,2025-08-06,20,2.0175
,,,,,,,,,,,,,,,,,,,,,,,,,,,2025-08-07,20,2.0175
,,,,,,,,,,,,,,,,,,,,,,,,,,,2025-08-08,20,2.0175
,,,,,,,,,,,,,,,,,,,,,,,,,,,2025-08-11,20,2.0175
,,,,,,,,,,,,,,,,,,,,,,,,,,,2025-08-12,20,2.0175
,,,,,,,,,,,,,,,,,,,,,,,,,,,2025-08-13,20,2.0175
,,,,,,,,,,,,,,,,,,,,,,,,,,,2025-08-14,20,2.0175
,,,,,,,,,,,,,,,,,,,,,,,,,,,2025-08-15,20,2.0175
,,,,,,,,,,,,,,,,,,,,,,,,,,,2025-08-18,20,2.334999999999999
,,,,,,,,,,,,,,,,,,,,,,,,,,,2025-08-19,20,2.335000000000001
,,,,,,,,,,,,,,,,,,,,,,,,,,,2025-08-20,20,2.334999999999999
,,,,,,,,,,,,,,,,,,,,,,,,,,,2025-08-21,20,3.5437499999999993
,,,,,,,,,,,,,,,,,,,,,,,,,,,2025-08-22,20,5.07
,,,,,,,,,,,,,,,,,,,,,,,,,,,2025-08-25,20,5.123750000000001
,,,,,,,,,,,,,,,,,,,,,,,,,,,2025-08-26,20,5.123750000000001
,,,,,,,,,,,,,,,,,,,,,,,,,,,2025-08-27,20,5.123750000000001
,,,,,,,,,,,,,,,,,,,,,,,,,,,2025-08-28,20,5.12375
,,,,,,,,,,,,,,,,,,,,,,,,,,,2025-08-29,20,5.123750000000001
,,,,,,,,,,,,,,,,,,,,,,,,,,,2025-09-02,20,5.12375
,,,,,,,,,,,,,,,,,,,,,,,,,,,2025-09-03,20,5.12375
,,,,,,,,,,,,,,,,,,,,,,,,,,,2025-09-04,20,5.12375
,,,,,,,,,,,,,,,,,,,,,,,,,,,2025-09-05,20,5.12375
,,,,,,,,,,,,,,,,,,,,,,,,,,,2025-09-08,20,5.12375
,,,,,,,,,,,,,,,,,,,,,,,,,,,2025-09-09,20,6.273750000000001
,,,,,,,,,,,,,,,,,,,,,,,,,,,2025-09-10,20,8.291250000000002
,,,,,,,,,,,,,,,,,,,,,,,,,,,2025-09-11,20,8.291250000000002
,,,,,,,,,,,,,,,,,,,,,,,,,,,2025-09-12,20,8.291250000000002
,,,,,,,,,,,,,,,,,,,,,,,,,,,2025-09-15,20,8.291250000000002
,,,,,,,,,,,,,,,,,,,,,,,,,,,2025-09-16,20,8.291250000000002
,,,,,,,,,,,,,,,,,,,,,,,,,,,2025-09-17,20,8.291250000000002
,,,,,,,,,,,,,,,,,,,,,,,,,,,2025-09-18,20,8.291250000000002
,,,,,,,,,,,,,,,,,,,,,,,,,,,2025-09-19,20,9.430625000000001
,,,,,,,,,,,,,,,,,,,,,,,,,,,2025-09-22,20,9.430625000000001
,,,,,,,,,,,,,,,,,,,,,,,,,,,2025-09-23,20,9.430625000000001
,,,,,,,,,,,,,,,,,,,,,,,,,,,2025-09-24,20,9.430625000000001
,,,,,,,,,,,,,,,,,,,,,,,,,,,2025-09-25,20,9.430625
,,,,,,,,,,,,,,,,,,,,,,,,,,,2025-09-26,20,9.430625000000001
,,,,,,,,,,,,,,,,,,,,,,,,,,,2025-09-29,20,9.430625000000003
,,,,,,,,,,,,,,,,,,,,,,,,,,,2025-09-30,20,8.645625
,,,,,,,,,,,,,,,,,,,,,,,,,,,2025-10-01,20,8.593125
,,,,,,,,,,,,,,,,,,,,,,,,,,,2025-10-02,20,8.593125
,,,,,,,,,,,,,,,,,,,,,,,,,,,2025-10-03,20,7.1918750000000005
,,,,,,,,,,,,,,,,,,,,,,,,,,,2025-10-06,20,5.174375000000001
,,,,,,,,,,,,,,,,,,,,,,,,,,,2025-10-07,20,4.035
,,,,,,,,,,,,,,,,,,,,,,,,,,,2025-10-08,20,4.035
,,,,,,,,,,,,,,,,,,,,,,,,,,,2025-10-09,20,4.035
,,,,,,,,,,,,,,,,,,,,,,,,,,,2025-10-10,20,4.035
,,,,,,,,,,,,,,,,,,,,,,,,,,,2025-10-13,20,4.035
,,,,,,,,,,,,,,,,,,,,,,,,,,,2025-10-14,20,4.035
,,,,,,,,,,,,,,,,,,,,,,,,,,,2025-10-15,20,4.035
,,,,,,,,,,,,,,,,,,,,,,,,,,,2025-10-16,20,4.035
,,,,,,,,,,,,,,,,,,,,,,,,,,,2025-10-17,20,4.035
,,,,,,,,,,,,,,,,,,,,,,,,,,,2025-10-20,20,4.035
,,,,,,,,,,,,,,,,,,,,,,,,,,,2025-10-21,20,4.035
